size,selectivity_target,dim,k,strategy,trial,n_queries,total_ms_mean,total_ms_p50,total_ms_p95,recall_mean,recall_min,n_returned_mean,n_returned_min
10000,0.01,128,10,prefilter,0,30,14.717625002066294,13.64183396100998,25.11350005865097,1.0,1.0,10.0,10
10000,0.01,128,10,postfilter:5,0,30,9.397623531023662,9.328583002090454,10.236707985401154,0.060000000000000005,0.0,0.6,0
10000,0.01,128,10,postfilter:10,0,30,9.758127762873967,9.707540929317474,10.574584007263184,0.12000000000000001,0.0,1.2,0
10000,0.01,128,10,postfilter:25,0,30,11.43310682574908,11.219582974910736,13.012542068958282,0.29333333333333333,0.1,2.933333333333333,1
10000,0.01,128,10,prefilter,1,30,12.737595909833908,12.759375035762787,13.451125025749207,1.0,1.0,10.0,10
10000,0.01,128,10,postfilter:5,1,30,9.652705508470536,9.139208018779755,11.875583946704865,0.03333333333333333,0.0,0.3333333333333333,0
10000,0.01,128,10,postfilter:10,1,30,10.587827761967977,10.071750044822693,12.225000023841858,0.07333333333333333,0.0,0.7333333333333333,0
10000,0.01,128,10,postfilter:25,1,30,12.755831933021545,11.461374998092651,16.807416021823883,0.19333333333333333,0.0,1.9333333333333333,0
10000,0.05,128,10,prefilter,0,30,11.873563937346141,11.767958045005798,12.720541059970856,1.0,1.0,10.0,10
10000,0.05,128,10,postfilter:5,0,30,9.604866633812586,9.398666024208069,10.875416994094849,0.29333333333333333,0.0,2.933333333333333,0
10000,0.05,128,10,postfilter:10,0,30,10.741280525922775,10.407709002494812,13.416708052158356,0.5,0.0,5.1,0
10000,0.05,128,10,postfilter:25,0,30,13.415744443734487,11.901708006858826,14.602833032608032,0.92,0.7,9.833333333333334,7
10000,0.05,128,10,prefilter,1,30,12.953063867489497,12.626749992370605,14.215959012508392,1.0,1.0,10.0,10
10000,0.05,128,10,postfilter:5,1,30,11.046476227045058,9.618416011333466,14.858332991600037,0.19666666666666668,0.0,1.9666666666666666,0
10000,0.05,128,10,postfilter:10,1,30,10.639629133542378,10.427459001541138,13.063665986061096,0.43666666666666665,0.1,4.533333333333333,1
10000,0.05,128,10,postfilter:25,1,30,12.25537912050883,11.993374943733215,13.99095904827118,0.8966666666666666,0.6,9.466666666666667,6
10000,0.1,128,10,prefilter,0,30,13.649865239858627,13.37295800447464,14.547833025455475,1.0,1.0,10.0,10
10000,0.1,128,10,postfilter:5,0,30,10.648827747503917,10.055209040641785,14.397584021091461,0.47333333333333333,0.1,4.733333333333333,1
10000,0.1,128,10,postfilter:10,0,30,12.174975136915842,10.962875008583069,19.882665991783142,0.7366666666666667,0.2,8.966666666666667,3
10000,0.1,128,10,postfilter:25,0,30,12.544926361242931,12.329041957855225,13.518707990646362,0.9133333333333334,0.6,10.0,10
10000,0.1,128,10,prefilter,1,30,14.08887223402659,13.634375035762787,16.668374955654144,1.0,1.0,10.0,10
10000,0.1,128,10,postfilter:5,1,30,10.4695235311985,9.99854201078415,13.552791953086853,0.5833333333333334,0.2,6.033333333333333,2
10000,0.1,128,10,postfilter:10,1,30,11.015520803133647,10.889750003814697,12.149667024612427,0.7866666666666667,0.3,9.233333333333333,3
10000,0.1,128,10,postfilter:25,1,30,18.267201375961303,12.325834035873413,55.065374970436096,0.9299999999999999,0.7,10.0,10
10000,0.2,128,10,prefilter,0,30,16.90607083439827,16.496209025382996,20.416290938854218,1.0,1.0,10.0,10
10000,0.2,128,10,postfilter:5,0,30,11.33953198393186,11.044457972049713,13.635333001613617,0.7966666666666666,0.5,9.1,5
10000,0.2,128,10,postfilter:10,0,30,11.529380494356156,11.303958058357239,12.197250008583069,0.8300000000000001,0.6,10.0,10
10000,0.2,128,10,postfilter:25,0,30,14.038919500509898,13.877333998680115,16.211583971977234,0.9833333333333333,0.8,10.0,10
10000,0.2,128,10,prefilter,1,30,16.722458134094875,16.467999935150146,17.891666054725647,1.0,1.0,10.0,10
10000,0.2,128,10,postfilter:5,1,30,10.991540400187175,10.869084000587463,11.9771249294281,0.7333333333333333,0.2,8.133333333333333,2
10000,0.2,128,10,postfilter:10,1,30,13.031408355633419,11.83791697025299,23.861958026885986,0.8066666666666666,0.5,9.966666666666667,9
10000,0.2,128,10,postfilter:25,1,30,13.737973670164743,13.664958000183105,15.049084067344666,0.9333333333333333,0.8,10.0,10
10000,0.3,128,10,prefilter,0,30,19.72017227212588,19.701915979385376,20.23012501001358,1.0,1.0,10.0,10
10000,0.3,128,10,postfilter:5,0,30,11.93180140654246,11.934542059898376,12.342916071414948,0.8200000000000001,0.6,10.0,10
10000,0.3,128,10,postfilter:10,0,30,12.809145796298981,12.567332983016968,14.003834009170532,0.8200000000000001,0.6,10.0,10
10000,0.3,128,10,postfilter:25,0,30,15.322859732309977,14.976791977882385,18.8994579911232,0.9766666666666667,0.9,10.0,10
10000,0.3,128,10,prefilter,1,30,19.716576470931372,19.502583026885986,20.919249951839447,1.0,1.0,10.0,10
10000,0.3,128,10,postfilter:5,1,30,11.906140335400899,11.893249988555908,12.468375027179718,0.8933333333333333,0.7,9.933333333333334,8
10000,0.3,128,10,postfilter:10,1,30,13.244951399167379,12.893332958221436,15.269415974617004,0.8966666666666667,0.7,10.0,10
10000,0.3,128,10,postfilter:25,1,30,15.18194995522499,14.895083010196686,17.219874918460846,0.9966666666666666,0.9,10.0,10
10000,0.5,128,10,prefilter,0,30,26.967130462328594,26.693915963172913,28.685624957084656,1.0,1.0,10.0,10
10000,0.5,128,10,postfilter:5,0,30,13.895825004577636,13.833249986171722,14.721791923046112,0.9,0.7,10.0,10
10000,0.5,128,10,postfilter:10,0,30,14.594099895159404,14.55587500333786,15.27208298444748,0.9,0.7,10.0,10
10000,0.5,128,10,postfilter:25,0,30,16.952358162403108,16.819917023181915,18.871541023254395,0.9833333333333333,0.9,10.0,10
10000,0.5,128,10,prefilter,1,30,26.70445689956347,26.492249965667725,28.178207993507385,1.0,1.0,10.0,10
10000,0.5,128,10,postfilter:5,1,30,14.497905667622884,13.855500042438507,21.371917009353638,0.8666666666666667,0.6,10.0,10
10000,0.5,128,10,postfilter:10,1,30,14.644437422355017,14.492667019367218,16.074041068553925,0.8666666666666667,0.6,10.0,10
10000,0.5,128,10,postfilter:25,1,30,17.017695792516072,16.880999982357025,18.082000017166138,0.9933333333333334,0.9,10.0,10
10000,0.75,128,10,prefilter,0,30,35.374036000172296,34.66658300161362,39.35529100894928,1.0,1.0,10.0,10
10000,0.75,128,10,postfilter:5,0,30,16.543475004037223,16.205416977405548,18.560582995414734,0.9333333333333333,0.6,10.0,10
10000,0.75,128,10,postfilter:10,0,30,16.760116602977117,16.59441703557968,17.743957996368408,0.9333333333333333,0.6,10.0,10
10000,0.75,128,10,postfilter:25,0,30,19.226493134101233,19.040875017642975,20.491832971572876,0.9266666666666666,0.7,10.0,10
10000,0.75,128,10,prefilter,1,30,35.61471800605456,34.56208300590515,39.8868750333786,1.0,1.0,10.0,10
10000,0.75,128,10,postfilter:5,1,30,16.863730494181315,16.413833022117615,18.603040993213654,0.9333333333333333,0.7,10.0,10
10000,0.75,128,10,postfilter:10,1,30,16.731136025985084,16.66008299589157,17.3544579744339,0.9333333333333333,0.7,10.0,10
10000,0.75,128,10,postfilter:25,1,30,19.3437568684419,19.19887501001358,20.85304093360901,0.9333333333333333,0.8,10.0,10
10000,0.95,128,10,prefilter,0,30,41.62758755683899,40.6935830116272,45.740958988666534,1.0,1.0,10.0,10
10000,0.95,128,10,postfilter:5,0,30,17.690883296728135,17.213332951068878,20.93595802783966,0.99,0.9,10.0,10
10000,0.95,128,10,postfilter:10,0,30,18.208408333857854,18.1678329706192,18.711332976818085,0.99,0.9,10.0,10
10000,0.95,128,10,postfilter:25,0,30,21.05735848546028,20.88966703414917,22.043667018413544,0.9033333333333334,0.6,10.0,10
10000,0.95,128,10,prefilter,1,30,42.3347347954909,40.28549998998642,56.08225005865097,1.0,1.0,10.0,10
10000,0.95,128,10,postfilter:5,1,30,17.43679576118787,17.44404101371765,18.078916013240814,0.99,0.9,10.0,10
10000,0.95,128,10,postfilter:10,1,30,18.274409663677215,18.081375002861023,19.1559579372406,0.99,0.9,10.0,10
10000,0.95,128,10,postfilter:25,1,30,23.781843107938766,20.917625069618225,33.76620805263519,0.9066666666666666,0.7,10.0,10
