n_passages,selectivity_target,k,strategy,trial,n_queries,total_ms_mean,total_ms_p50,total_ms_p95,recall_mean,recall_min,n_returned_mean,n_returned_min
2000,0.05,10,prefilter,0,20,5.118602105975151,5.165041983127594,5.635500013828278,1.0,1.0,10.0,10
2000,0.05,10,postfilter:5,0,20,4.816720852255822,4.840250015258789,5.262624979019165,0.27999999999999997,0.0,2.8,0
2000,0.05,10,postfilter:25,0,20,7.623310449719429,7.431000053882599,8.692000031471252,0.9550000000000001,0.4,9.6,4
2000,0.5,10,prefilter,0,20,9.726274898648262,9.393916010856628,10.386250078678131,1.0,1.0,10.0,10
2000,0.5,10,postfilter:5,0,20,6.4302521526813505,6.255624949932098,8.116540968418121,1.0,1.0,10.0,10
2000,0.5,10,postfilter:25,0,20,9.755185505747795,9.763041973114014,10.8386669754982,1.0,1.0,10.0,10
2000,0.9,10,prefilter,0,20,14.483441698551179,13.110333025455475,19.80445897579193,1.0,1.0,10.0,10
2000,0.9,10,postfilter:5,0,20,7.051360356807709,6.965000033378601,7.895582973957062,1.0,1.0,10.0,10
2000,0.9,10,postfilter:25,0,20,11.782731300592422,11.252083003520966,14.338792026042938,1.0,1.0,10.0,10
