dataset,n_records,dim,query_id,k,selectivity,scenario,probe_nbr_off,probe_nbr_used,heads_rng,heads_fetched,drop_ratio,recall_at_k,bad_drops,latency_ms
sift1m,100000,128,0,10,0.010000,bloom_off,8,8,8,8,0.0000,0.1000,0,0.309
sift1m,100000,128,0,10,0.010000,bloom_on_iso_probe,8,8,8,1,0.8750,0.1000,0,0.263
sift1m,100000,128,0,10,0.010000,bloom_on_iso_io,8,34,34,6,0.8235,0.3000,0,1.012
sift1m,100000,128,0,10,0.010000,bloom_off,16,16,16,16,0.0000,0.1000,0,0.471
sift1m,100000,128,0,10,0.010000,bloom_on_iso_probe,16,16,16,2,0.8750,0.1000,0,0.479
sift1m,100000,128,0,10,0.010000,bloom_on_iso_io,16,67,67,13,0.8060,0.5000,0,1.828
sift1m,100000,128,0,10,0.010000,bloom_off,32,32,32,32,0.0000,0.2000,0,0.951
sift1m,100000,128,0,10,0.010000,bloom_on_iso_probe,32,32,32,5,0.8438,0.2000,0,0.947
sift1m,100000,128,0,10,0.010000,bloom_on_iso_io,32,133,133,31,0.7669,0.8000,0,3.638
sift1m,100000,128,0,10,0.010000,bloom_off,64,64,64,64,0.0000,0.5000,0,1.777
sift1m,100000,128,0,10,0.010000,bloom_on_iso_probe,64,64,64,12,0.8125,0.5000,0,1.758
sift1m,100000,128,0,10,0.010000,bloom_on_iso_io,64,265,265,72,0.7283,1.0000,0,8.366
sift1m,100000,128,0,10,0.010000,bloom_off,128,128,128,128,0.0000,0.8000,0,4.128
sift1m,100000,128,0,10,0.010000,bloom_on_iso_probe,128,128,128,31,0.7578,0.8000,0,3.693
sift1m,100000,128,0,10,0.010000,bloom_on_iso_io,128,529,529,142,0.7316,1.0000,0,15.450
sift1m,100000,128,1,10,0.010000,bloom_off,8,8,8,8,0.0000,0.2000,0,0.346
sift1m,100000,128,1,10,0.010000,bloom_on_iso_probe,8,8,8,3,0.6250,0.2000,0,0.285
sift1m,100000,128,1,10,0.010000,bloom_on_iso_io,8,34,34,10,0.7059,0.4000,0,1.112
sift1m,100000,128,1,10,0.010000,bloom_off,16,16,16,16,0.0000,0.3000,0,0.518
sift1m,100000,128,1,10,0.010000,bloom_on_iso_probe,16,16,16,6,0.6250,0.3000,0,0.522
sift1m,100000,128,1,10,0.010000,bloom_on_iso_io,16,67,67,13,0.8060,0.4000,0,2.100
sift1m,100000,128,1,10,0.010000,bloom_off,32,32,32,32,0.0000,0.3000,0,1.052
sift1m,100000,128,1,10,0.010000,bloom_on_iso_probe,32,32,32,9,0.7188,0.3000,0,1.003
sift1m,100000,128,1,10,0.010000,bloom_on_iso_io,32,133,133,31,0.7669,0.6000,0,3.978
sift1m,100000,128,1,10,0.010000,bloom_off,64,64,64,64,0.0000,0.4000,0,2.008
sift1m,100000,128,1,10,0.010000,bloom_on_iso_probe,64,64,64,13,0.7969,0.4000,0,1.968
sift1m,100000,128,1,10,0.010000,bloom_on_iso_io,64,265,265,59,0.7774,0.9000,0,7.960
sift1m,100000,128,1,10,0.010000,bloom_off,128,128,128,128,0.0000,0.5000,0,4.071
sift1m,100000,128,1,10,0.010000,bloom_on_iso_probe,128,128,128,29,0.7734,0.5000,0,4.187
sift1m,100000,128,1,10,0.010000,bloom_on_iso_io,128,529,529,132,0.7505,1.0000,0,17.269
sift1m,100000,128,2,10,0.010000,bloom_off,8,8,8,8,0.0000,0.3000,0,0.458
sift1m,100000,128,2,10,0.010000,bloom_on_iso_probe,8,8,8,3,0.6250,0.3000,0,0.267
sift1m,100000,128,2,10,0.010000,bloom_on_iso_io,8,34,34,10,0.7059,0.6000,0,1.139
sift1m,100000,128,2,10,0.010000,bloom_off,16,16,16,16,0.0000,0.4000,0,0.475
sift1m,100000,128,2,10,0.010000,bloom_on_iso_probe,16,16,16,4,0.7500,0.4000,0,0.481
sift1m,100000,128,2,10,0.010000,bloom_on_iso_io,16,67,67,21,0.6866,0.9000,0,2.171
sift1m,100000,128,2,10,0.010000,bloom_off,32,32,32,32,0.0000,0.5000,0,1.033
sift1m,100000,128,2,10,0.010000,bloom_on_iso_probe,32,32,32,9,0.7188,0.5000,0,0.980
sift1m,100000,128,2,10,0.010000,bloom_on_iso_io,32,133,133,41,0.6917,1.0000,0,4.208
sift1m,100000,128,2,10,0.010000,bloom_off,64,64,64,64,0.0000,0.9000,0,2.072
sift1m,100000,128,2,10,0.010000,bloom_on_iso_probe,64,64,64,21,0.6719,0.9000,0,2.058
sift1m,100000,128,2,10,0.010000,bloom_on_iso_io,64,265,265,74,0.7208,1.0000,0,8.351
sift1m,100000,128,2,10,0.010000,bloom_off,128,128,128,128,0.0000,1.0000,0,3.920
sift1m,100000,128,2,10,0.010000,bloom_on_iso_probe,128,128,128,40,0.6875,1.0000,0,3.930
sift1m,100000,128,2,10,0.010000,bloom_on_iso_io,128,529,529,150,0.7164,1.0000,0,16.633
sift1m,100000,128,3,10,0.010000,bloom_off,8,8,8,8,0.0000,0.0000,0,0.388
sift1m,100000,128,3,10,0.010000,bloom_on_iso_probe,8,8,8,0,1.0000,0.0000,0,0.242
sift1m,100000,128,3,10,0.010000,bloom_on_iso_io,8,34,34,9,0.7353,0.7000,0,1.006
sift1m,100000,128,3,10,0.010000,bloom_off,16,16,16,16,0.0000,0.5000,0,0.450
sift1m,100000,128,3,10,0.010000,bloom_on_iso_probe,16,16,16,4,0.7500,0.5000,0,0.477
sift1m,100000,128,3,10,0.010000,bloom_on_iso_io,16,67,67,15,0.7761,0.7000,0,1.792
sift1m,100000,128,3,10,0.010000,bloom_off,32,32,32,32,0.0000,0.7000,0,0.955
sift1m,100000,128,3,10,0.010000,bloom_on_iso_probe,32,32,32,9,0.7188,0.7000,0,0.893
sift1m,100000,128,3,10,0.010000,bloom_on_iso_io,32,133,133,25,0.8120,0.7000,0,3.703
sift1m,100000,128,3,10,0.010000,bloom_off,64,64,64,64,0.0000,0.7000,0,1.716
sift1m,100000,128,3,10,0.010000,bloom_on_iso_probe,64,64,64,15,0.7656,0.7000,0,1.726
sift1m,100000,128,3,10,0.010000,bloom_on_iso_io,64,265,265,58,0.7811,0.9000,0,7.378
sift1m,100000,128,3,10,0.010000,bloom_off,128,128,128,128,0.0000,0.7000,0,3.580
sift1m,100000,128,3,10,0.010000,bloom_on_iso_probe,128,128,128,23,0.8203,0.7000,0,3.465
sift1m,100000,128,3,10,0.010000,bloom_on_iso_io,128,529,529,122,0.7694,1.0000,0,15.109
sift1m,100000,128,4,10,0.010000,bloom_off,8,8,8,8,0.0000,0.3000,0,0.476
sift1m,100000,128,4,10,0.010000,bloom_on_iso_probe,8,8,8,3,0.6250,0.3000,0,0.295
sift1m,100000,128,4,10,0.010000,bloom_on_iso_io,8,34,34,15,0.5588,0.7000,0,1.097
sift1m,100000,128,4,10,0.010000,bloom_off,16,16,16,16,0.0000,0.4000,0,0.501
sift1m,100000,128,4,10,0.010000,bloom_on_iso_probe,16,16,16,6,0.6250,0.4000,0,0.510
sift1m,100000,128,4,10,0.010000,bloom_on_iso_io,16,67,67,26,0.6119,1.0000,0,2.002
sift1m,100000,128,4,10,0.010000,bloom_off,32,32,32,32,0.0000,0.7000,0,1.002
sift1m,100000,128,4,10,0.010000,bloom_on_iso_probe,32,32,32,15,0.5312,0.7000,0,0.975
sift1m,100000,128,4,10,0.010000,bloom_on_iso_io,32,133,133,40,0.6992,1.0000,0,3.667
sift1m,100000,128,4,10,0.010000,bloom_off,64,64,64,64,0.0000,0.8000,0,1.877
sift1m,100000,128,4,10,0.010000,bloom_on_iso_probe,64,64,64,24,0.6250,0.8000,0,1.826
sift1m,100000,128,4,10,0.010000,bloom_on_iso_io,64,265,265,77,0.7094,1.0000,0,7.425
sift1m,100000,128,4,10,0.010000,bloom_off,128,128,128,128,0.0000,1.0000,0,3.533
sift1m,100000,128,4,10,0.010000,bloom_on_iso_probe,128,128,128,39,0.6953,1.0000,0,3.437
sift1m,100000,128,4,10,0.010000,bloom_on_iso_io,128,529,529,155,0.7070,1.0000,0,14.941
sift1m,100000,128,5,10,0.010000,bloom_off,8,8,8,8,0.0000,0.0000,0,0.485
sift1m,100000,128,5,10,0.010000,bloom_on_iso_probe,8,8,8,0,1.0000,0.0000,0,0.299
sift1m,100000,128,5,10,0.010000,bloom_on_iso_io,8,34,34,10,0.7059,0.3000,0,1.046
sift1m,100000,128,5,10,0.010000,bloom_off,16,16,16,16,0.0000,0.0000,0,0.469
sift1m,100000,128,5,10,0.010000,bloom_on_iso_probe,16,16,16,4,0.7500,0.0000,0,0.439
sift1m,100000,128,5,10,0.010000,bloom_on_iso_io,16,67,67,16,0.7612,0.6000,0,2.040
sift1m,100000,128,5,10,0.010000,bloom_off,32,32,32,32,0.0000,0.2000,0,0.935
sift1m,100000,128,5,10,0.010000,bloom_on_iso_probe,32,32,32,8,0.7500,0.2000,0,0.914
sift1m,100000,128,5,10,0.010000,bloom_on_iso_io,32,133,133,36,0.7293,0.8000,0,4.590
sift1m,100000,128,5,10,0.010000,bloom_off,64,64,64,64,0.0000,0.6000,0,2.054
sift1m,100000,128,5,10,0.010000,bloom_on_iso_probe,64,64,64,16,0.7500,0.6000,0,2.043
sift1m,100000,128,5,10,0.010000,bloom_on_iso_io,64,265,265,68,0.7434,1.0000,0,8.518
sift1m,100000,128,5,10,0.010000,bloom_off,128,128,128,128,0.0000,0.8000,0,4.102
sift1m,100000,128,5,10,0.010000,bloom_on_iso_probe,128,128,128,35,0.7266,0.8000,0,3.901
sift1m,100000,128,5,10,0.010000,bloom_on_iso_io,128,529,529,146,0.7240,1.0000,0,16.681
sift1m,100000,128,6,10,0.010000,bloom_off,8,8,8,8,0.0000,0.0000,0,0.377
sift1m,100000,128,6,10,0.010000,bloom_on_iso_probe,8,8,8,1,0.8750,0.0000,0,0.257
sift1m,100000,128,6,10,0.010000,bloom_on_iso_io,8,34,34,9,0.7353,0.4000,0,1.123
sift1m,100000,128,6,10,0.010000,bloom_off,16,16,16,16,0.0000,0.1000,0,0.548
sift1m,100000,128,6,10,0.010000,bloom_on_iso_probe,16,16,16,4,0.7500,0.1000,0,0.535
sift1m,100000,128,6,10,0.010000,bloom_on_iso_io,16,67,67,18,0.7313,0.4000,0,2.154
sift1m,100000,128,6,10,0.010000,bloom_off,32,32,32,32,0.0000,0.4000,0,1.085
sift1m,100000,128,6,10,0.010000,bloom_on_iso_probe,32,32,32,9,0.7188,0.4000,0,1.034
sift1m,100000,128,6,10,0.010000,bloom_on_iso_io,32,133,133,37,0.7218,0.7000,0,4.385
sift1m,100000,128,6,10,0.010000,bloom_off,64,64,64,64,0.0000,0.4000,0,2.054
sift1m,100000,128,6,10,0.010000,bloom_on_iso_probe,64,64,64,18,0.7188,0.4000,0,2.071
sift1m,100000,128,6,10,0.010000,bloom_on_iso_io,64,265,265,70,0.7358,1.0000,0,7.572
sift1m,100000,128,6,10,0.010000,bloom_off,128,128,128,128,0.0000,0.7000,0,3.796
sift1m,100000,128,6,10,0.010000,bloom_on_iso_probe,128,128,128,36,0.7188,0.7000,0,3.672
sift1m,100000,128,6,10,0.010000,bloom_on_iso_io,128,529,529,135,0.7448,1.0000,0,15.223
sift1m,100000,128,7,10,0.010000,bloom_off,8,8,8,8,0.0000,0.2000,0,0.428
sift1m,100000,128,7,10,0.010000,bloom_on_iso_probe,8,8,8,3,0.6250,0.2000,0,0.271
sift1m,100000,128,7,10,0.010000,bloom_on_iso_io,8,34,34,10,0.7059,0.8000,0,1.294
sift1m,100000,128,7,10,0.010000,bloom_off,16,16,16,16,0.0000,0.4000,0,0.819
sift1m,100000,128,7,10,0.010000,bloom_on_iso_probe,16,16,16,5,0.6875,0.4000,0,0.479
sift1m,100000,128,7,10,0.010000,bloom_on_iso_io,16,67,67,17,0.7463,0.8000,0,2.317
sift1m,100000,128,7,10,0.010000,bloom_off,32,32,32,32,0.0000,0.8000,0,1.017
sift1m,100000,128,7,10,0.010000,bloom_on_iso_probe,32,32,32,10,0.6875,0.8000,0,1.075
sift1m,100000,128,7,10,0.010000,bloom_on_iso_io,32,133,133,37,0.7218,1.0000,0,3.963
sift1m,100000,128,7,10,0.010000,bloom_off,64,64,64,64,0.0000,0.8000,0,1.882
sift1m,100000,128,7,10,0.010000,bloom_on_iso_probe,64,64,64,17,0.7344,0.8000,0,1.916
sift1m,100000,128,7,10,0.010000,bloom_on_iso_io,64,265,265,70,0.7358,1.0000,0,7.924
sift1m,100000,128,7,10,0.010000,bloom_off,128,128,128,128,0.0000,1.0000,0,3.776
sift1m,100000,128,7,10,0.010000,bloom_on_iso_probe,128,128,128,35,0.7266,1.0000,0,3.580
sift1m,100000,128,7,10,0.010000,bloom_on_iso_io,128,529,529,120,0.7732,1.0000,0,15.127
sift1m,100000,128,8,10,0.010000,bloom_off,8,8,8,8,0.0000,0.2000,0,0.418
sift1m,100000,128,8,10,0.010000,bloom_on_iso_probe,8,8,8,3,0.6250,0.2000,0,0.232
sift1m,100000,128,8,10,0.010000,bloom_on_iso_io,8,34,34,12,0.6471,0.4000,0,0.915
sift1m,100000,128,8,10,0.010000,bloom_off,16,16,16,16,0.0000,0.3000,0,0.432
sift1m,100000,128,8,10,0.010000,bloom_on_iso_probe,16,16,16,7,0.5625,0.3000,0,0.445
sift1m,100000,128,8,10,0.010000,bloom_on_iso_io,16,67,67,22,0.6716,0.5000,0,1.912
sift1m,100000,128,8,10,0.010000,bloom_off,32,32,32,32,0.0000,0.4000,0,0.851
sift1m,100000,128,8,10,0.010000,bloom_on_iso_probe,32,32,32,11,0.6562,0.4000,0,0.778
sift1m,100000,128,8,10,0.010000,bloom_on_iso_io,32,133,133,40,0.6992,0.9000,0,3.500
sift1m,100000,128,8,10,0.010000,bloom_off,64,64,64,64,0.0000,0.5000,0,1.713
sift1m,100000,128,8,10,0.010000,bloom_on_iso_probe,64,64,64,20,0.6875,0.5000,0,1.680
sift1m,100000,128,8,10,0.010000,bloom_on_iso_io,64,265,265,85,0.6792,1.0000,0,7.101
sift1m,100000,128,8,10,0.010000,bloom_off,128,128,128,128,0.0000,0.9000,0,3.402
sift1m,100000,128,8,10,0.010000,bloom_on_iso_probe,128,128,128,37,0.7109,0.9000,0,3.253
sift1m,100000,128,8,10,0.010000,bloom_on_iso_io,128,529,529,173,0.6730,1.0000,0,15.003
sift1m,100000,128,9,10,0.010000,bloom_off,8,8,8,8,0.0000,0.2000,0,0.448
sift1m,100000,128,9,10,0.010000,bloom_on_iso_probe,8,8,8,3,0.6250,0.2000,0,0.225
sift1m,100000,128,9,10,0.010000,bloom_on_iso_io,8,34,34,15,0.5588,0.5000,0,1.054
sift1m,100000,128,9,10,0.010000,bloom_off,16,16,16,16,0.0000,0.4000,0,0.427
sift1m,100000,128,9,10,0.010000,bloom_on_iso_probe,16,16,16,7,0.5625,0.4000,0,0.434
sift1m,100000,128,9,10,0.010000,bloom_on_iso_io,16,67,67,24,0.6418,0.8000,0,2.358
sift1m,100000,128,9,10,0.010000,bloom_off,32,32,32,32,0.0000,0.5000,0,1.346
sift1m,100000,128,9,10,0.010000,bloom_on_iso_probe,32,32,32,14,0.5625,0.5000,0,1.033
sift1m,100000,128,9,10,0.010000,bloom_on_iso_io,32,133,133,45,0.6617,1.0000,0,4.286
sift1m,100000,128,9,10,0.010000,bloom_off,64,64,64,64,0.0000,0.8000,0,2.103
sift1m,100000,128,9,10,0.010000,bloom_on_iso_probe,64,64,64,22,0.6562,0.8000,0,1.712
sift1m,100000,128,9,10,0.010000,bloom_on_iso_io,64,265,265,97,0.6340,1.0000,0,7.217
sift1m,100000,128,9,10,0.010000,bloom_off,128,128,128,128,0.0000,1.0000,0,3.471
sift1m,100000,128,9,10,0.010000,bloom_on_iso_probe,128,128,128,44,0.6562,1.0000,0,3.466
sift1m,100000,128,9,10,0.010000,bloom_on_iso_io,128,529,529,173,0.6730,1.0000,0,14.528
sift1m,100000,128,10,10,0.010000,bloom_off,8,8,8,8,0.0000,0.1000,0,0.451
sift1m,100000,128,10,10,0.010000,bloom_on_iso_probe,8,8,8,3,0.6250,0.1000,0,0.285
sift1m,100000,128,10,10,0.010000,bloom_on_iso_io,8,34,34,12,0.6471,0.5000,0,0.921
sift1m,100000,128,10,10,0.010000,bloom_off,16,16,16,16,0.0000,0.3000,0,0.478
sift1m,100000,128,10,10,0.010000,bloom_on_iso_probe,16,16,16,5,0.6875,0.3000,0,0.473
sift1m,100000,128,10,10,0.010000,bloom_on_iso_io,16,67,67,21,0.6866,0.5000,0,1.876
sift1m,100000,128,10,10,0.010000,bloom_off,32,32,32,32,0.0000,0.5000,0,0.822
sift1m,100000,128,10,10,0.010000,bloom_on_iso_probe,32,32,32,11,0.6562,0.5000,0,0.856
sift1m,100000,128,10,10,0.010000,bloom_on_iso_io,32,133,133,37,0.7218,0.8000,0,3.811
sift1m,100000,128,10,10,0.010000,bloom_off,64,64,64,64,0.0000,0.5000,0,1.764
sift1m,100000,128,10,10,0.010000,bloom_on_iso_probe,64,64,64,20,0.6875,0.5000,0,1.726
sift1m,100000,128,10,10,0.010000,bloom_on_iso_io,64,265,265,80,0.6981,0.9000,0,7.670
sift1m,100000,128,10,10,0.010000,bloom_off,128,128,128,128,0.0000,0.8000,0,3.665
sift1m,100000,128,10,10,0.010000,bloom_on_iso_probe,128,128,128,35,0.7266,0.8000,0,3.583
sift1m,100000,128,10,10,0.010000,bloom_on_iso_io,128,529,529,143,0.7297,1.0000,0,14.888
sift1m,100000,128,11,10,0.010000,bloom_off,8,8,8,8,0.0000,0.2000,0,0.442
sift1m,100000,128,11,10,0.010000,bloom_on_iso_probe,8,8,8,4,0.5000,0.2000,0,0.278
sift1m,100000,128,11,10,0.010000,bloom_on_iso_io,8,34,34,9,0.7353,0.4000,0,0.972
sift1m,100000,128,11,10,0.010000,bloom_off,16,16,16,16,0.0000,0.3000,0,0.459
sift1m,100000,128,11,10,0.010000,bloom_on_iso_probe,16,16,16,6,0.6250,0.3000,0,0.468
sift1m,100000,128,11,10,0.010000,bloom_on_iso_io,16,67,67,15,0.7761,0.5000,0,1.797
sift1m,100000,128,11,10,0.010000,bloom_off,32,32,32,32,0.0000,0.4000,0,0.907
sift1m,100000,128,11,10,0.010000,bloom_on_iso_probe,32,32,32,9,0.7188,0.4000,0,0.895
sift1m,100000,128,11,10,0.010000,bloom_on_iso_io,32,133,133,30,0.7744,0.6000,0,3.563
sift1m,100000,128,11,10,0.010000,bloom_off,64,64,64,64,0.0000,0.5000,0,1.725
sift1m,100000,128,11,10,0.010000,bloom_on_iso_probe,64,64,64,15,0.7656,0.5000,0,1.673
sift1m,100000,128,11,10,0.010000,bloom_on_iso_io,64,265,265,71,0.7321,1.0000,0,7.210
sift1m,100000,128,11,10,0.010000,bloom_off,128,128,128,128,0.0000,0.6000,0,3.351
sift1m,100000,128,11,10,0.010000,bloom_on_iso_probe,128,128,128,29,0.7734,0.6000,0,3.264
sift1m,100000,128,11,10,0.010000,bloom_on_iso_io,128,529,529,146,0.7240,1.0000,0,14.475
sift1m,100000,128,12,10,0.010000,bloom_off,8,8,8,8,0.0000,0.2000,0,0.423
sift1m,100000,128,12,10,0.010000,bloom_on_iso_probe,8,8,8,4,0.5000,0.2000,0,0.274
sift1m,100000,128,12,10,0.010000,bloom_on_iso_io,8,34,34,11,0.6765,0.5000,0,1.052
sift1m,100000,128,12,10,0.010000,bloom_off,16,16,16,16,0.0000,0.2000,0,0.489
sift1m,100000,128,12,10,0.010000,bloom_on_iso_probe,16,16,16,6,0.6250,0.2000,0,0.506
sift1m,100000,128,12,10,0.010000,bloom_on_iso_io,16,67,67,17,0.7463,0.5000,0,2.062
sift1m,100000,128,12,10,0.010000,bloom_off,32,32,32,32,0.0000,0.4000,0,0.986
sift1m,100000,128,12,10,0.010000,bloom_on_iso_probe,32,32,32,10,0.6875,0.4000,0,0.984
sift1m,100000,128,12,10,0.010000,bloom_on_iso_io,32,133,133,29,0.7820,0.7000,0,3.913
sift1m,100000,128,12,10,0.010000,bloom_off,64,64,64,64,0.0000,0.5000,0,1.923
sift1m,100000,128,12,10,0.010000,bloom_on_iso_probe,64,64,64,17,0.7344,0.5000,0,1.881
sift1m,100000,128,12,10,0.010000,bloom_on_iso_io,64,265,265,74,0.7208,1.0000,0,7.572
sift1m,100000,128,12,10,0.010000,bloom_off,128,128,128,128,0.0000,0.6000,0,3.739
sift1m,100000,128,12,10,0.010000,bloom_on_iso_probe,128,128,128,26,0.7969,0.6000,0,3.925
sift1m,100000,128,12,10,0.010000,bloom_on_iso_io,128,529,529,142,0.7316,1.0000,0,15.594
sift1m,100000,128,13,10,0.010000,bloom_off,8,8,8,8,0.0000,0.0000,0,0.452
sift1m,100000,128,13,10,0.010000,bloom_on_iso_probe,8,8,8,0,1.0000,0.0000,0,0.268
sift1m,100000,128,13,10,0.010000,bloom_on_iso_io,8,34,34,7,0.7941,0.3000,0,0.992
sift1m,100000,128,13,10,0.010000,bloom_off,16,16,16,16,0.0000,0.0000,0,0.434
sift1m,100000,128,13,10,0.010000,bloom_on_iso_probe,16,16,16,1,0.9375,0.0000,0,0.425
sift1m,100000,128,13,10,0.010000,bloom_on_iso_io,16,67,67,17,0.7463,0.4000,0,1.916
sift1m,100000,128,13,10,0.010000,bloom_off,32,32,32,32,0.0000,0.3000,0,0.909
sift1m,100000,128,13,10,0.010000,bloom_on_iso_probe,32,32,32,7,0.7812,0.3000,0,0.922
sift1m,100000,128,13,10,0.010000,bloom_on_iso_io,32,133,133,46,0.6541,0.6000,0,3.908
sift1m,100000,128,13,10,0.010000,bloom_off,64,64,64,64,0.0000,0.4000,0,1.819
sift1m,100000,128,13,10,0.010000,bloom_on_iso_probe,64,64,64,16,0.7500,0.4000,0,1.766
sift1m,100000,128,13,10,0.010000,bloom_on_iso_io,64,265,265,78,0.7057,1.0000,0,7.658
sift1m,100000,128,13,10,0.010000,bloom_off,128,128,128,128,0.0000,0.6000,0,3.697
sift1m,100000,128,13,10,0.010000,bloom_on_iso_probe,128,128,128,44,0.6562,0.6000,0,3.587
sift1m,100000,128,13,10,0.010000,bloom_on_iso_io,128,529,529,153,0.7108,1.0000,0,15.043
sift1m,100000,128,14,10,0.010000,bloom_off,8,8,8,8,0.0000,0.1000,0,0.379
sift1m,100000,128,14,10,0.010000,bloom_on_iso_probe,8,8,8,2,0.7500,0.1000,0,0.219
sift1m,100000,128,14,10,0.010000,bloom_on_iso_io,8,34,34,8,0.7647,0.2000,0,0.947
sift1m,100000,128,14,10,0.010000,bloom_off,16,16,16,16,0.0000,0.2000,0,0.403
sift1m,100000,128,14,10,0.010000,bloom_on_iso_probe,16,16,16,4,0.7500,0.2000,0,0.397
sift1m,100000,128,14,10,0.010000,bloom_on_iso_io,16,67,67,21,0.6866,0.8000,0,1.848
sift1m,100000,128,14,10,0.010000,bloom_off,32,32,32,32,0.0000,0.2000,0,0.940
sift1m,100000,128,14,10,0.010000,bloom_on_iso_probe,32,32,32,8,0.7500,0.2000,0,0.879
sift1m,100000,128,14,10,0.010000,bloom_on_iso_io,32,133,133,36,0.7293,0.9000,0,3.700
sift1m,100000,128,14,10,0.010000,bloom_off,64,64,64,64,0.0000,0.8000,0,1.776
sift1m,100000,128,14,10,0.010000,bloom_on_iso_probe,64,64,64,21,0.6719,0.8000,0,1.740
sift1m,100000,128,14,10,0.010000,bloom_on_iso_io,64,265,265,70,0.7358,1.0000,0,7.697
sift1m,100000,128,14,10,0.010000,bloom_off,128,128,128,128,0.0000,0.9000,0,3.585
sift1m,100000,128,14,10,0.010000,bloom_on_iso_probe,128,128,128,34,0.7344,0.9000,0,3.418
sift1m,100000,128,14,10,0.010000,bloom_on_iso_io,128,529,529,128,0.7580,1.0000,0,14.770
sift1m,100000,128,15,10,0.010000,bloom_off,8,8,8,8,0.0000,0.1000,0,0.337
sift1m,100000,128,15,10,0.010000,bloom_on_iso_probe,8,8,8,1,0.8750,0.1000,0,0.190
sift1m,100000,128,15,10,0.010000,bloom_on_iso_io,8,34,34,8,0.7647,0.5000,0,0.910
sift1m,100000,128,15,10,0.010000,bloom_off,16,16,16,16,0.0000,0.2000,0,0.438
sift1m,100000,128,15,10,0.010000,bloom_on_iso_probe,16,16,16,3,0.8125,0.2000,0,0.427
sift1m,100000,128,15,10,0.010000,bloom_on_iso_io,16,67,67,12,0.8209,0.5000,0,1.878
sift1m,100000,128,15,10,0.010000,bloom_off,32,32,32,32,0.0000,0.5000,0,0.819
sift1m,100000,128,15,10,0.010000,bloom_on_iso_probe,32,32,32,7,0.7812,0.5000,0,0.806
sift1m,100000,128,15,10,0.010000,bloom_on_iso_io,32,133,133,23,0.8271,0.6000,0,3.532
sift1m,100000,128,15,10,0.010000,bloom_off,64,64,64,64,0.0000,0.5000,0,1.733
sift1m,100000,128,15,10,0.010000,bloom_on_iso_probe,64,64,64,12,0.8125,0.5000,0,1.679
sift1m,100000,128,15,10,0.010000,bloom_on_iso_io,64,265,265,51,0.8075,0.9000,0,7.814
sift1m,100000,128,15,10,0.010000,bloom_off,128,128,128,128,0.0000,0.6000,0,3.856
sift1m,100000,128,15,10,0.010000,bloom_on_iso_probe,128,128,128,21,0.8359,0.6000,0,3.718
sift1m,100000,128,15,10,0.010000,bloom_on_iso_io,128,529,529,115,0.7826,1.0000,0,16.337
sift1m,100000,128,16,10,0.010000,bloom_off,8,8,8,8,0.0000,0.1000,0,0.736
sift1m,100000,128,16,10,0.010000,bloom_on_iso_probe,8,8,8,3,0.6250,0.1000,0,0.294
sift1m,100000,128,16,10,0.010000,bloom_on_iso_io,8,34,34,8,0.7647,0.3000,0,1.186
sift1m,100000,128,16,10,0.010000,bloom_off,16,16,16,16,0.0000,0.2000,0,0.525
sift1m,100000,128,16,10,0.010000,bloom_on_iso_probe,16,16,16,4,0.7500,0.2000,0,0.574
sift1m,100000,128,16,10,0.010000,bloom_on_iso_io,16,67,67,16,0.7612,0.6000,0,2.068
sift1m,100000,128,16,10,0.010000,bloom_off,32,32,32,32,0.0000,0.3000,0,1.003
sift1m,100000,128,16,10,0.010000,bloom_on_iso_probe,32,32,32,7,0.7812,0.3000,0,1.109
sift1m,100000,128,16,10,0.010000,bloom_on_iso_io,32,133,133,33,0.7519,0.8000,0,4.207
sift1m,100000,128,16,10,0.010000,bloom_off,64,64,64,64,0.0000,0.6000,0,1.930
sift1m,100000,128,16,10,0.010000,bloom_on_iso_probe,64,64,64,14,0.7812,0.6000,0,1.913
sift1m,100000,128,16,10,0.010000,bloom_on_iso_io,64,265,265,67,0.7472,1.0000,0,8.232
sift1m,100000,128,16,10,0.010000,bloom_off,128,128,128,128,0.0000,0.8000,0,4.032
sift1m,100000,128,16,10,0.010000,bloom_on_iso_probe,128,128,128,32,0.7500,0.8000,0,3.818
sift1m,100000,128,16,10,0.010000,bloom_on_iso_io,128,529,529,142,0.7316,1.0000,0,16.599
sift1m,100000,128,17,10,0.010000,bloom_off,8,8,8,8,0.0000,0.3000,0,0.445
sift1m,100000,128,17,10,0.010000,bloom_on_iso_probe,8,8,8,4,0.5000,0.3000,0,0.270
sift1m,100000,128,17,10,0.010000,bloom_on_iso_io,8,34,34,13,0.6176,0.7000,0,1.067
sift1m,100000,128,17,10,0.010000,bloom_off,16,16,16,16,0.0000,0.5000,0,0.494
sift1m,100000,128,17,10,0.010000,bloom_on_iso_probe,16,16,16,7,0.5625,0.5000,0,0.487
sift1m,100000,128,17,10,0.010000,bloom_on_iso_io,16,67,67,24,0.6418,0.9000,0,1.967
sift1m,100000,128,17,10,0.010000,bloom_off,32,32,32,32,0.0000,0.7000,0,0.952
sift1m,100000,128,17,10,0.010000,bloom_on_iso_probe,32,32,32,12,0.6250,0.7000,0,0.925
sift1m,100000,128,17,10,0.010000,bloom_on_iso_io,32,133,133,48,0.6391,0.9000,0,3.825
sift1m,100000,128,17,10,0.010000,bloom_off,64,64,64,64,0.0000,0.9000,0,1.965
sift1m,100000,128,17,10,0.010000,bloom_on_iso_probe,64,64,64,23,0.6406,0.9000,0,1.875
sift1m,100000,128,17,10,0.010000,bloom_on_iso_io,64,265,265,91,0.6566,1.0000,0,7.692
sift1m,100000,128,17,10,0.010000,bloom_off,128,128,128,128,0.0000,0.9000,0,3.708
sift1m,100000,128,17,10,0.010000,bloom_on_iso_probe,128,128,128,46,0.6406,0.9000,0,3.656
sift1m,100000,128,17,10,0.010000,bloom_on_iso_io,128,529,529,164,0.6900,1.0000,0,14.660
sift1m,100000,128,18,10,0.010000,bloom_off,8,8,8,8,0.0000,0.2000,0,0.468
sift1m,100000,128,18,10,0.010000,bloom_on_iso_probe,8,8,8,3,0.6250,0.2000,0,0.292
sift1m,100000,128,18,10,0.010000,bloom_on_iso_io,8,34,34,11,0.6765,0.4000,0,0.987
sift1m,100000,128,18,10,0.010000,bloom_off,16,16,16,16,0.0000,0.3000,0,0.500
sift1m,100000,128,18,10,0.010000,bloom_on_iso_probe,16,16,16,7,0.5625,0.3000,0,0.496
sift1m,100000,128,18,10,0.010000,bloom_on_iso_io,16,67,67,25,0.6269,0.7000,0,1.936
sift1m,100000,128,18,10,0.010000,bloom_off,32,32,32,32,0.0000,0.4000,0,0.968
sift1m,100000,128,18,10,0.010000,bloom_on_iso_probe,32,32,32,11,0.6562,0.4000,0,0.910
sift1m,100000,128,18,10,0.010000,bloom_on_iso_io,32,133,133,42,0.6842,0.8000,0,3.821
sift1m,100000,128,18,10,0.010000,bloom_off,64,64,64,64,0.0000,0.7000,0,1.809
sift1m,100000,128,18,10,0.010000,bloom_on_iso_probe,64,64,64,24,0.6250,0.7000,0,1.837
sift1m,100000,128,18,10,0.010000,bloom_on_iso_io,64,265,265,85,0.6792,0.9000,0,7.477
sift1m,100000,128,18,10,0.010000,bloom_off,128,128,128,128,0.0000,0.8000,0,3.596
sift1m,100000,128,18,10,0.010000,bloom_on_iso_probe,128,128,128,40,0.6875,0.8000,0,3.488
sift1m,100000,128,18,10,0.010000,bloom_on_iso_io,128,529,529,150,0.7164,1.0000,0,14.861
sift1m,100000,128,19,10,0.010000,bloom_off,8,8,8,8,0.0000,0.3000,0,0.448
sift1m,100000,128,19,10,0.010000,bloom_on_iso_probe,8,8,8,3,0.6250,0.3000,0,0.293
sift1m,100000,128,19,10,0.010000,bloom_on_iso_io,8,34,34,9,0.7353,0.4000,0,1.088
sift1m,100000,128,19,10,0.010000,bloom_off,16,16,16,16,0.0000,0.3000,0,0.511
sift1m,100000,128,19,10,0.010000,bloom_on_iso_probe,16,16,16,4,0.7500,0.3000,0,0.492
sift1m,100000,128,19,10,0.010000,bloom_on_iso_io,16,67,67,14,0.7910,0.5000,0,3.976
sift1m,100000,128,19,10,0.010000,bloom_off,32,32,32,32,0.0000,0.4000,0,1.129
sift1m,100000,128,19,10,0.010000,bloom_on_iso_probe,32,32,32,9,0.7188,0.4000,0,0.937
sift1m,100000,128,19,10,0.010000,bloom_on_iso_io,32,133,133,31,0.7669,0.7000,0,4.273
sift1m,100000,128,19,10,0.010000,bloom_off,64,64,64,64,0.0000,0.5000,0,2.280
sift1m,100000,128,19,10,0.010000,bloom_on_iso_probe,64,64,64,14,0.7812,0.5000,0,1.996
sift1m,100000,128,19,10,0.010000,bloom_on_iso_io,64,265,265,72,0.7283,0.8000,0,8.565
sift1m,100000,128,19,10,0.010000,bloom_off,128,128,128,128,0.0000,0.7000,0,4.228
sift1m,100000,128,19,10,0.010000,bloom_on_iso_probe,128,128,128,30,0.7656,0.7000,0,4.043
sift1m,100000,128,19,10,0.010000,bloom_on_iso_io,128,529,529,147,0.7221,1.0000,0,16.779
sift1m,100000,128,20,10,0.010000,bloom_off,8,8,8,8,0.0000,0.1000,0,0.444
sift1m,100000,128,20,10,0.010000,bloom_on_iso_probe,8,8,8,2,0.7500,0.1000,0,0.261
sift1m,100000,128,20,10,0.010000,bloom_on_iso_io,8,34,34,13,0.6176,0.8000,0,1.137
sift1m,100000,128,20,10,0.010000,bloom_off,16,16,16,16,0.0000,0.3000,0,0.515
sift1m,100000,128,20,10,0.010000,bloom_on_iso_probe,16,16,16,4,0.7500,0.3000,0,0.514
sift1m,100000,128,20,10,0.010000,bloom_on_iso_io,16,67,67,20,0.7015,0.8000,0,2.092
sift1m,100000,128,20,10,0.010000,bloom_off,32,32,32,32,0.0000,0.7000,0,1.005
sift1m,100000,128,20,10,0.010000,bloom_on_iso_probe,32,32,32,12,0.6250,0.7000,0,0.994
sift1m,100000,128,20,10,0.010000,bloom_on_iso_io,32,133,133,38,0.7143,0.9000,0,4.108
sift1m,100000,128,20,10,0.010000,bloom_off,64,64,64,64,0.0000,0.8000,0,2.042
sift1m,100000,128,20,10,0.010000,bloom_on_iso_probe,64,64,64,19,0.7031,0.8000,0,1.901
sift1m,100000,128,20,10,0.010000,bloom_on_iso_io,64,265,265,74,0.7208,1.0000,0,8.256
sift1m,100000,128,20,10,0.010000,bloom_off,128,128,128,128,0.0000,0.9000,0,4.000
sift1m,100000,128,20,10,0.010000,bloom_on_iso_probe,128,128,128,36,0.7188,0.9000,0,3.846
sift1m,100000,128,20,10,0.010000,bloom_on_iso_io,128,529,529,136,0.7429,1.0000,0,16.306
sift1m,100000,128,21,10,0.010000,bloom_off,8,8,8,8,0.0000,0.1000,0,0.445
sift1m,100000,128,21,10,0.010000,bloom_on_iso_probe,8,8,8,1,0.8750,0.1000,0,0.306
sift1m,100000,128,21,10,0.010000,bloom_on_iso_io,8,34,34,11,0.6765,0.5000,0,1.146
sift1m,100000,128,21,10,0.010000,bloom_off,16,16,16,16,0.0000,0.2000,0,0.544
sift1m,100000,128,21,10,0.010000,bloom_on_iso_probe,16,16,16,4,0.7500,0.2000,0,0.500
sift1m,100000,128,21,10,0.010000,bloom_on_iso_io,16,67,67,19,0.7164,0.9000,0,2.183
sift1m,100000,128,21,10,0.010000,bloom_off,32,32,32,32,0.0000,0.5000,0,1.088
sift1m,100000,128,21,10,0.010000,bloom_on_iso_probe,32,32,32,10,0.6875,0.5000,0,1.060
sift1m,100000,128,21,10,0.010000,bloom_on_iso_io,32,133,133,42,0.6842,1.0000,0,4.151
sift1m,100000,128,21,10,0.010000,bloom_off,64,64,64,64,0.0000,0.8000,0,2.083
sift1m,100000,128,21,10,0.010000,bloom_on_iso_probe,64,64,64,18,0.7188,0.8000,0,2.025
sift1m,100000,128,21,10,0.010000,bloom_on_iso_io,64,265,265,73,0.7245,1.0000,0,8.535
sift1m,100000,128,21,10,0.010000,bloom_off,128,128,128,128,0.0000,1.0000,0,4.063
sift1m,100000,128,21,10,0.010000,bloom_on_iso_probe,128,128,128,40,0.6875,1.0000,0,4.015
sift1m,100000,128,21,10,0.010000,bloom_on_iso_io,128,529,529,139,0.7372,1.0000,0,17.042
sift1m,100000,128,22,10,0.010000,bloom_off,8,8,8,8,0.0000,0.1000,0,0.449
sift1m,100000,128,22,10,0.010000,bloom_on_iso_probe,8,8,8,2,0.7500,0.1000,0,0.275
sift1m,100000,128,22,10,0.010000,bloom_on_iso_io,8,34,34,6,0.8235,0.2000,0,1.129
sift1m,100000,128,22,10,0.010000,bloom_off,16,16,16,16,0.0000,0.1000,0,0.595
sift1m,100000,128,22,10,0.010000,bloom_on_iso_probe,16,16,16,2,0.8750,0.1000,0,0.553
sift1m,100000,128,22,10,0.010000,bloom_on_iso_io,16,67,67,16,0.7612,0.6000,0,2.354
sift1m,100000,128,22,10,0.010000,bloom_off,32,32,32,32,0.0000,0.2000,0,1.003
sift1m,100000,128,22,10,0.010000,bloom_on_iso_probe,32,32,32,6,0.8125,0.2000,0,0.999
sift1m,100000,128,22,10,0.010000,bloom_on_iso_io,32,133,133,30,0.7744,0.8000,0,3.914
sift1m,100000,128,22,10,0.010000,bloom_off,64,64,64,64,0.0000,0.5000,0,1.931
sift1m,100000,128,22,10,0.010000,bloom_on_iso_probe,64,64,64,15,0.7656,0.5000,0,1.926
sift1m,100000,128,22,10,0.010000,bloom_on_iso_io,64,265,265,69,0.7396,1.0000,0,7.905
sift1m,100000,128,22,10,0.010000,bloom_off,128,128,128,128,0.0000,0.7000,0,3.740
sift1m,100000,128,22,10,0.010000,bloom_on_iso_probe,128,128,128,29,0.7734,0.7000,0,4.087
sift1m,100000,128,22,10,0.010000,bloom_on_iso_io,128,529,529,144,0.7278,1.0000,0,16.052
sift1m,100000,128,23,10,0.010000,bloom_off,8,8,8,8,0.0000,0.3000,0,0.471
sift1m,100000,128,23,10,0.010000,bloom_on_iso_probe,8,8,8,3,0.6250,0.3000,0,0.266
sift1m,100000,128,23,10,0.010000,bloom_on_iso_io,8,34,34,8,0.7647,0.6000,0,1.078
sift1m,100000,128,23,10,0.010000,bloom_off,16,16,16,16,0.0000,0.3000,0,0.503
sift1m,100000,128,23,10,0.010000,bloom_on_iso_probe,16,16,16,5,0.6875,0.3000,0,0.515
sift1m,100000,128,23,10,0.010000,bloom_on_iso_io,16,67,67,19,0.7164,0.8000,0,2.120
sift1m,100000,128,23,10,0.010000,bloom_off,32,32,32,32,0.0000,0.6000,0,1.015
sift1m,100000,128,23,10,0.010000,bloom_on_iso_probe,32,32,32,8,0.7500,0.6000,0,1.001
sift1m,100000,128,23,10,0.010000,bloom_on_iso_io,32,133,133,37,0.7218,1.0000,0,4.017
sift1m,100000,128,23,10,0.010000,bloom_off,64,64,64,64,0.0000,0.8000,0,1.937
sift1m,100000,128,23,10,0.010000,bloom_on_iso_probe,64,64,64,18,0.7188,0.8000,0,1.988
sift1m,100000,128,23,10,0.010000,bloom_on_iso_io,64,265,265,70,0.7358,1.0000,0,8.026
sift1m,100000,128,23,10,0.010000,bloom_off,128,128,128,128,0.0000,1.0000,0,3.864
sift1m,100000,128,23,10,0.010000,bloom_on_iso_probe,128,128,128,36,0.7188,1.0000,0,3.764
sift1m,100000,128,23,10,0.010000,bloom_on_iso_io,128,529,529,130,0.7543,1.0000,0,15.881
sift1m,100000,128,24,10,0.010000,bloom_off,8,8,8,8,0.0000,0.2000,0,0.457
sift1m,100000,128,24,10,0.010000,bloom_on_iso_probe,8,8,8,3,0.6250,0.2000,0,0.270
sift1m,100000,128,24,10,0.010000,bloom_on_iso_io,8,34,34,8,0.7647,0.3000,0,1.162
sift1m,100000,128,24,10,0.010000,bloom_off,16,16,16,16,0.0000,0.2000,0,0.561
sift1m,100000,128,24,10,0.010000,bloom_on_iso_probe,16,16,16,4,0.7500,0.2000,0,0.553
sift1m,100000,128,24,10,0.010000,bloom_on_iso_io,16,67,67,19,0.7164,0.6000,0,2.107
sift1m,100000,128,24,10,0.010000,bloom_off,32,32,32,32,0.0000,0.3000,0,1.008
sift1m,100000,128,24,10,0.010000,bloom_on_iso_probe,32,32,32,7,0.7812,0.3000,0,1.015
sift1m,100000,128,24,10,0.010000,bloom_on_iso_io,32,133,133,34,0.7444,0.7000,0,4.144
sift1m,100000,128,24,10,0.010000,bloom_off,64,64,64,64,0.0000,0.6000,0,2.008
sift1m,100000,128,24,10,0.010000,bloom_on_iso_probe,64,64,64,19,0.7031,0.6000,0,1.917
sift1m,100000,128,24,10,0.010000,bloom_on_iso_io,64,265,265,71,0.7321,0.7000,0,7.859
sift1m,100000,128,24,10,0.010000,bloom_off,128,128,128,128,0.0000,0.7000,0,3.813
sift1m,100000,128,24,10,0.010000,bloom_on_iso_probe,128,128,128,33,0.7422,0.7000,0,3.686
sift1m,100000,128,24,10,0.010000,bloom_on_iso_io,128,529,529,150,0.7164,1.0000,0,14.994
sift1m,100000,128,25,10,0.010000,bloom_off,8,8,8,8,0.0000,0.1000,0,0.408
sift1m,100000,128,25,10,0.010000,bloom_on_iso_probe,8,8,8,3,0.6250,0.1000,0,0.264
sift1m,100000,128,25,10,0.010000,bloom_on_iso_io,8,34,34,11,0.6765,0.4000,0,0.993
sift1m,100000,128,25,10,0.010000,bloom_off,16,16,16,16,0.0000,0.2000,0,0.443
sift1m,100000,128,25,10,0.010000,bloom_on_iso_probe,16,16,16,5,0.6875,0.2000,0,0.454
sift1m,100000,128,25,10,0.010000,bloom_on_iso_io,16,67,67,22,0.6716,0.9000,0,1.914
sift1m,100000,128,25,10,0.010000,bloom_off,32,32,32,32,0.0000,0.4000,0,0.911
sift1m,100000,128,25,10,0.010000,bloom_on_iso_probe,32,32,32,9,0.7188,0.4000,0,0.882
sift1m,100000,128,25,10,0.010000,bloom_on_iso_io,32,133,133,42,0.6842,1.0000,0,3.723
sift1m,100000,128,25,10,0.010000,bloom_off,64,64,64,64,0.0000,0.9000,0,1.787
sift1m,100000,128,25,10,0.010000,bloom_on_iso_probe,64,64,64,21,0.6719,0.9000,0,1.784
sift1m,100000,128,25,10,0.010000,bloom_on_iso_io,64,265,265,78,0.7057,1.0000,0,7.319
sift1m,100000,128,25,10,0.010000,bloom_off,128,128,128,128,0.0000,1.0000,0,3.617
sift1m,100000,128,25,10,0.010000,bloom_on_iso_probe,128,128,128,41,0.6797,1.0000,0,3.560
sift1m,100000,128,25,10,0.010000,bloom_on_iso_io,128,529,529,152,0.7127,1.0000,0,14.289
sift1m,100000,128,26,10,0.010000,bloom_off,8,8,8,8,0.0000,0.0000,0,0.413
sift1m,100000,128,26,10,0.010000,bloom_on_iso_probe,8,8,8,1,0.8750,0.0000,0,0.264
sift1m,100000,128,26,10,0.010000,bloom_on_iso_io,8,34,34,9,0.7353,0.3000,0,1.013
sift1m,100000,128,26,10,0.010000,bloom_off,16,16,16,16,0.0000,0.1000,0,0.499
sift1m,100000,128,26,10,0.010000,bloom_on_iso_probe,16,16,16,4,0.7500,0.1000,0,0.453
sift1m,100000,128,26,10,0.010000,bloom_on_iso_io,16,67,67,18,0.7313,0.4000,0,1.920
sift1m,100000,128,26,10,0.010000,bloom_off,32,32,32,32,0.0000,0.3000,0,0.929
sift1m,100000,128,26,10,0.010000,bloom_on_iso_probe,32,32,32,8,0.7500,0.3000,0,1.255
sift1m,100000,128,26,10,0.010000,bloom_on_iso_io,32,133,133,37,0.7218,0.5000,0,3.624
sift1m,100000,128,26,10,0.010000,bloom_off,64,64,64,64,0.0000,0.4000,0,1.841
sift1m,100000,128,26,10,0.010000,bloom_on_iso_probe,64,64,64,17,0.7344,0.4000,0,1.781
sift1m,100000,128,26,10,0.010000,bloom_on_iso_io,64,265,265,76,0.7132,1.0000,0,7.588
sift1m,100000,128,26,10,0.010000,bloom_off,128,128,128,128,0.0000,0.5000,0,3.430
sift1m,100000,128,26,10,0.010000,bloom_on_iso_probe,128,128,128,37,0.7109,0.5000,0,3.328
sift1m,100000,128,26,10,0.010000,bloom_on_iso_io,128,529,529,143,0.7297,1.0000,0,14.846
sift1m,100000,128,27,10,0.010000,bloom_off,8,8,8,8,0.0000,0.1000,0,0.411
sift1m,100000,128,27,10,0.010000,bloom_on_iso_probe,8,8,8,1,0.8750,0.1000,0,0.264
sift1m,100000,128,27,10,0.010000,bloom_on_iso_io,8,34,34,11,0.6765,0.6000,0,1.090
sift1m,100000,128,27,10,0.010000,bloom_off,16,16,16,16,0.0000,0.2000,0,0.470
sift1m,100000,128,27,10,0.010000,bloom_on_iso_probe,16,16,16,3,0.8125,0.2000,0,0.479
sift1m,100000,128,27,10,0.010000,bloom_on_iso_io,16,67,67,18,0.7313,0.6000,0,1.988
sift1m,100000,128,27,10,0.010000,bloom_off,32,32,32,32,0.0000,0.5000,0,0.960
sift1m,100000,128,27,10,0.010000,bloom_on_iso_probe,32,32,32,10,0.6875,0.5000,0,0.936
sift1m,100000,128,27,10,0.010000,bloom_on_iso_io,32,133,133,33,0.7519,0.8000,0,3.817
sift1m,100000,128,27,10,0.010000,bloom_off,64,64,64,64,0.0000,0.6000,0,1.894
sift1m,100000,128,27,10,0.010000,bloom_on_iso_probe,64,64,64,18,0.7188,0.6000,0,1.815
sift1m,100000,128,27,10,0.010000,bloom_on_iso_io,64,265,265,64,0.7585,0.8000,0,7.358
sift1m,100000,128,27,10,0.010000,bloom_off,128,128,128,128,0.0000,0.8000,0,3.609
sift1m,100000,128,27,10,0.010000,bloom_on_iso_probe,128,128,128,32,0.7500,0.8000,0,3.582
sift1m,100000,128,27,10,0.010000,bloom_on_iso_io,128,529,529,135,0.7448,0.9000,0,15.440
sift1m,100000,128,28,10,0.010000,bloom_off,8,8,8,8,0.0000,0.1000,0,0.383
sift1m,100000,128,28,10,0.010000,bloom_on_iso_probe,8,8,8,1,0.8750,0.1000,0,0.203
sift1m,100000,128,28,10,0.010000,bloom_on_iso_io,8,34,34,8,0.7647,0.3000,0,0.948
sift1m,100000,128,28,10,0.010000,bloom_off,16,16,16,16,0.0000,0.1000,0,0.439
sift1m,100000,128,28,10,0.010000,bloom_on_iso_probe,16,16,16,2,0.8750,0.1000,0,0.433
sift1m,100000,128,28,10,0.010000,bloom_on_iso_io,16,67,67,19,0.7164,0.6000,0,1.852
sift1m,100000,128,28,10,0.010000,bloom_off,32,32,32,32,0.0000,0.3000,0,0.845
sift1m,100000,128,28,10,0.010000,bloom_on_iso_probe,32,32,32,8,0.7500,0.3000,0,0.875
sift1m,100000,128,28,10,0.010000,bloom_on_iso_io,32,133,133,38,0.7143,0.6000,0,3.851
sift1m,100000,128,28,10,0.010000,bloom_off,64,64,64,64,0.0000,0.6000,0,1.726
sift1m,100000,128,28,10,0.010000,bloom_on_iso_probe,64,64,64,18,0.7188,0.6000,0,1.709
sift1m,100000,128,28,10,0.010000,bloom_on_iso_io,64,265,265,82,0.6906,0.9000,0,7.152
sift1m,100000,128,28,10,0.010000,bloom_off,128,128,128,128,0.0000,0.6000,0,3.524
sift1m,100000,128,28,10,0.010000,bloom_on_iso_probe,128,128,128,35,0.7266,0.6000,0,3.406
sift1m,100000,128,28,10,0.010000,bloom_on_iso_io,128,529,529,159,0.6994,1.0000,0,14.611
sift1m,100000,128,29,10,0.010000,bloom_off,8,8,8,8,0.0000,0.3000,0,0.343
sift1m,100000,128,29,10,0.010000,bloom_on_iso_probe,8,8,8,3,0.6250,0.3000,0,0.240
sift1m,100000,128,29,10,0.010000,bloom_on_iso_io,8,34,34,10,0.7059,0.7000,0,0.884
sift1m,100000,128,29,10,0.010000,bloom_off,16,16,16,16,0.0000,0.6000,0,0.455
sift1m,100000,128,29,10,0.010000,bloom_on_iso_probe,16,16,16,5,0.6875,0.6000,0,0.445
sift1m,100000,128,29,10,0.010000,bloom_on_iso_io,16,67,67,19,0.7164,0.9000,0,1.736
sift1m,100000,128,29,10,0.010000,bloom_off,32,32,32,32,0.0000,0.7000,0,0.826
sift1m,100000,128,29,10,0.010000,bloom_on_iso_probe,32,32,32,9,0.7188,0.7000,0,0.788
sift1m,100000,128,29,10,0.010000,bloom_on_iso_io,32,133,133,40,0.6992,1.0000,0,3.407
sift1m,100000,128,29,10,0.010000,bloom_off,64,64,64,64,0.0000,0.9000,0,1.608
sift1m,100000,128,29,10,0.010000,bloom_on_iso_probe,64,64,64,19,0.7031,0.9000,0,1.716
sift1m,100000,128,29,10,0.010000,bloom_on_iso_io,64,265,265,77,0.7094,1.0000,0,7.113
sift1m,100000,128,29,10,0.010000,bloom_off,128,128,128,128,0.0000,1.0000,0,3.351
sift1m,100000,128,29,10,0.010000,bloom_on_iso_probe,128,128,128,38,0.7031,1.0000,0,3.251
sift1m,100000,128,29,10,0.010000,bloom_on_iso_io,128,529,529,155,0.7070,1.0000,0,13.978
sift1m,100000,128,30,10,0.010000,bloom_off,8,8,8,8,0.0000,0.0000,0,0.381
sift1m,100000,128,30,10,0.010000,bloom_on_iso_probe,8,8,8,1,0.8750,0.0000,0,0.239
sift1m,100000,128,30,10,0.010000,bloom_on_iso_io,8,34,34,9,0.7353,0.3000,0,0.994
sift1m,100000,128,30,10,0.010000,bloom_off,16,16,16,16,0.0000,0.1000,0,0.450
sift1m,100000,128,30,10,0.010000,bloom_on_iso_probe,16,16,16,3,0.8125,0.1000,0,0.444
sift1m,100000,128,30,10,0.010000,bloom_on_iso_io,16,67,67,21,0.6866,0.6000,0,1.863
sift1m,100000,128,30,10,0.010000,bloom_off,32,32,32,32,0.0000,0.3000,0,0.957
sift1m,100000,128,30,10,0.010000,bloom_on_iso_probe,32,32,32,7,0.7812,0.3000,0,0.906
sift1m,100000,128,30,10,0.010000,bloom_on_iso_io,32,133,133,35,0.7368,0.9000,0,3.885
sift1m,100000,128,30,10,0.010000,bloom_off,64,64,64,64,0.0000,0.6000,0,1.812
sift1m,100000,128,30,10,0.010000,bloom_on_iso_probe,64,64,64,21,0.6719,0.6000,0,1.769
sift1m,100000,128,30,10,0.010000,bloom_on_iso_io,64,265,265,68,0.7434,0.9000,0,7.347
sift1m,100000,128,30,10,0.010000,bloom_off,128,128,128,128,0.0000,0.9000,0,3.547
sift1m,100000,128,30,10,0.010000,bloom_on_iso_probe,128,128,128,33,0.7422,0.9000,0,3.410
sift1m,100000,128,30,10,0.010000,bloom_on_iso_io,128,529,529,147,0.7221,1.0000,0,14.465
sift1m,100000,128,31,10,0.010000,bloom_off,8,8,8,8,0.0000,0.2000,0,0.440
sift1m,100000,128,31,10,0.010000,bloom_on_iso_probe,8,8,8,3,0.6250,0.2000,0,0.289
sift1m,100000,128,31,10,0.010000,bloom_on_iso_io,8,34,34,9,0.7353,0.4000,0,0.921
sift1m,100000,128,31,10,0.010000,bloom_off,16,16,16,16,0.0000,0.2000,0,0.423
sift1m,100000,128,31,10,0.010000,bloom_on_iso_probe,16,16,16,5,0.6875,0.2000,0,0.433
sift1m,100000,128,31,10,0.010000,bloom_on_iso_io,16,67,67,19,0.7164,0.7000,0,1.864
sift1m,100000,128,31,10,0.010000,bloom_off,32,32,32,32,0.0000,0.4000,0,0.931
sift1m,100000,128,31,10,0.010000,bloom_on_iso_probe,32,32,32,9,0.7188,0.4000,0,0.854
sift1m,100000,128,31,10,0.010000,bloom_on_iso_io,32,133,133,46,0.6541,0.7000,0,3.689
sift1m,100000,128,31,10,0.010000,bloom_off,64,64,64,64,0.0000,0.7000,0,2.154
sift1m,100000,128,31,10,0.010000,bloom_on_iso_probe,64,64,64,18,0.7188,0.7000,0,1.883
sift1m,100000,128,31,10,0.010000,bloom_on_iso_io,64,265,265,82,0.6906,0.9000,0,7.466
sift1m,100000,128,31,10,0.010000,bloom_off,128,128,128,128,0.0000,0.7000,0,3.584
sift1m,100000,128,31,10,0.010000,bloom_on_iso_probe,128,128,128,44,0.6562,0.7000,0,3.982
sift1m,100000,128,31,10,0.010000,bloom_on_iso_io,128,529,529,159,0.6994,1.0000,0,16.625
sift1m,100000,128,32,10,0.010000,bloom_off,8,8,8,8,0.0000,0.1000,0,0.433
sift1m,100000,128,32,10,0.010000,bloom_on_iso_probe,8,8,8,3,0.6250,0.1000,0,0.275
sift1m,100000,128,32,10,0.010000,bloom_on_iso_io,8,34,34,7,0.7941,0.5000,0,1.101
sift1m,100000,128,32,10,0.010000,bloom_off,16,16,16,16,0.0000,0.4000,0,0.508
sift1m,100000,128,32,10,0.010000,bloom_on_iso_probe,16,16,16,6,0.6250,0.4000,0,0.512
sift1m,100000,128,32,10,0.010000,bloom_on_iso_io,16,67,67,14,0.7910,0.8000,0,2.035
sift1m,100000,128,32,10,0.010000,bloom_off,32,32,32,32,0.0000,0.5000,0,0.965
sift1m,100000,128,32,10,0.010000,bloom_on_iso_probe,32,32,32,7,0.7812,0.5000,0,0.960
sift1m,100000,128,32,10,0.010000,bloom_on_iso_io,32,133,133,30,0.7744,0.9000,0,4.244
sift1m,100000,128,32,10,0.010000,bloom_off,64,64,64,64,0.0000,0.8000,0,1.945
sift1m,100000,128,32,10,0.010000,bloom_on_iso_probe,64,64,64,13,0.7969,0.8000,0,1.922
sift1m,100000,128,32,10,0.010000,bloom_on_iso_io,64,265,265,59,0.7774,0.9000,0,8.252
sift1m,100000,128,32,10,0.010000,bloom_off,128,128,128,128,0.0000,0.9000,0,4.099
sift1m,100000,128,32,10,0.010000,bloom_on_iso_probe,128,128,128,29,0.7734,0.9000,0,3.957
sift1m,100000,128,32,10,0.010000,bloom_on_iso_io,128,529,529,126,0.7618,1.0000,0,16.541
sift1m,100000,128,33,10,0.010000,bloom_off,8,8,8,8,0.0000,0.1000,0,0.415
sift1m,100000,128,33,10,0.010000,bloom_on_iso_probe,8,8,8,2,0.7500,0.1000,0,0.339
sift1m,100000,128,33,10,0.010000,bloom_on_iso_io,8,34,34,17,0.5000,0.8000,0,1.159
sift1m,100000,128,33,10,0.010000,bloom_off,16,16,16,16,0.0000,0.4000,0,0.558
sift1m,100000,128,33,10,0.010000,bloom_on_iso_probe,16,16,16,8,0.5000,0.4000,0,0.544
sift1m,100000,128,33,10,0.010000,bloom_on_iso_io,16,67,67,31,0.5373,0.8000,0,2.174
sift1m,100000,128,33,10,0.010000,bloom_off,32,32,32,32,0.0000,0.7000,0,0.998
sift1m,100000,128,33,10,0.010000,bloom_on_iso_probe,32,32,32,15,0.5312,0.7000,0,1.007
sift1m,100000,128,33,10,0.010000,bloom_on_iso_io,32,133,133,48,0.6391,1.0000,0,4.276
sift1m,100000,128,33,10,0.010000,bloom_off,64,64,64,64,0.0000,0.8000,0,2.023
sift1m,100000,128,33,10,0.010000,bloom_on_iso_probe,64,64,64,28,0.5625,0.8000,0,1.948
sift1m,100000,128,33,10,0.010000,bloom_on_iso_io,64,265,265,88,0.6679,1.0000,0,8.413
sift1m,100000,128,33,10,0.010000,bloom_off,128,128,128,128,0.0000,0.9000,0,4.175
sift1m,100000,128,33,10,0.010000,bloom_on_iso_probe,128,128,128,46,0.6406,0.9000,0,3.990
sift1m,100000,128,33,10,0.010000,bloom_on_iso_io,128,529,529,157,0.7032,1.0000,0,16.066
sift1m,100000,128,34,10,0.010000,bloom_off,8,8,8,8,0.0000,0.1000,0,0.458
sift1m,100000,128,34,10,0.010000,bloom_on_iso_probe,8,8,8,1,0.8750,0.1000,0,0.270
sift1m,100000,128,34,10,0.010000,bloom_on_iso_io,8,34,34,12,0.6471,0.4000,0,0.939
sift1m,100000,128,34,10,0.010000,bloom_off,16,16,16,16,0.0000,0.2000,0,0.433
sift1m,100000,128,34,10,0.010000,bloom_on_iso_probe,16,16,16,5,0.6875,0.2000,0,0.427
sift1m,100000,128,34,10,0.010000,bloom_on_iso_io,16,67,67,22,0.6716,0.6000,0,1.768
sift1m,100000,128,34,10,0.010000,bloom_off,32,32,32,32,0.0000,0.3000,0,0.790
sift1m,100000,128,34,10,0.010000,bloom_on_iso_probe,32,32,32,11,0.6562,0.3000,0,0.787
sift1m,100000,128,34,10,0.010000,bloom_on_iso_io,32,133,133,46,0.6541,0.8000,0,3.656
sift1m,100000,128,34,10,0.010000,bloom_off,64,64,64,64,0.0000,0.6000,0,1.683
sift1m,100000,128,34,10,0.010000,bloom_on_iso_probe,64,64,64,21,0.6719,0.6000,0,1.639
sift1m,100000,128,34,10,0.010000,bloom_on_iso_io,64,265,265,78,0.7057,0.8000,0,6.996
sift1m,100000,128,34,10,0.010000,bloom_off,128,128,128,128,0.0000,0.8000,0,3.398
sift1m,100000,128,34,10,0.010000,bloom_on_iso_probe,128,128,128,45,0.6484,0.8000,0,3.362
sift1m,100000,128,34,10,0.010000,bloom_on_iso_io,128,529,529,144,0.7278,0.9000,0,14.247
sift1m,100000,128,35,10,0.010000,bloom_off,8,8,8,8,0.0000,0.1000,0,0.403
sift1m,100000,128,35,10,0.010000,bloom_on_iso_probe,8,8,8,4,0.5000,0.1000,0,0.252
sift1m,100000,128,35,10,0.010000,bloom_on_iso_io,8,34,34,9,0.7353,0.4000,0,0.911
sift1m,100000,128,35,10,0.010000,bloom_off,16,16,16,16,0.0000,0.3000,0,0.439
sift1m,100000,128,35,10,0.010000,bloom_on_iso_probe,16,16,16,6,0.6250,0.3000,0,0.433
sift1m,100000,128,35,10,0.010000,bloom_on_iso_io,16,67,67,22,0.6716,0.6000,0,1.777
sift1m,100000,128,35,10,0.010000,bloom_off,32,32,32,32,0.0000,0.4000,0,0.829
sift1m,100000,128,35,10,0.010000,bloom_on_iso_probe,32,32,32,8,0.7500,0.4000,0,0.818
sift1m,100000,128,35,10,0.010000,bloom_on_iso_io,32,133,133,38,0.7143,0.7000,0,3.503
sift1m,100000,128,35,10,0.010000,bloom_off,64,64,64,64,0.0000,0.6000,0,1.660
sift1m,100000,128,35,10,0.010000,bloom_on_iso_probe,64,64,64,21,0.6719,0.6000,0,1.630
sift1m,100000,128,35,10,0.010000,bloom_on_iso_io,64,265,265,71,0.7321,0.9000,0,7.064
sift1m,100000,128,35,10,0.010000,bloom_off,128,128,128,128,0.0000,0.7000,0,3.326
sift1m,100000,128,35,10,0.010000,bloom_on_iso_probe,128,128,128,37,0.7109,0.7000,0,3.285
sift1m,100000,128,35,10,0.010000,bloom_on_iso_io,128,529,529,124,0.7656,0.9000,0,14.442
sift1m,100000,128,36,10,0.010000,bloom_off,8,8,8,8,0.0000,0.3000,0,0.419
sift1m,100000,128,36,10,0.010000,bloom_on_iso_probe,8,8,8,3,0.6250,0.3000,0,0.280
sift1m,100000,128,36,10,0.010000,bloom_on_iso_io,8,34,34,10,0.7059,0.5000,0,1.026
sift1m,100000,128,36,10,0.010000,bloom_off,16,16,16,16,0.0000,0.4000,0,0.944
sift1m,100000,128,36,10,0.010000,bloom_on_iso_probe,16,16,16,6,0.6250,0.4000,0,0.645
sift1m,100000,128,36,10,0.010000,bloom_on_iso_io,16,67,67,20,0.7015,0.6000,0,2.227
sift1m,100000,128,36,10,0.010000,bloom_off,32,32,32,32,0.0000,0.5000,0,1.008
sift1m,100000,128,36,10,0.010000,bloom_on_iso_probe,32,32,32,10,0.6875,0.5000,0,1.026
sift1m,100000,128,36,10,0.010000,bloom_on_iso_io,32,133,133,39,0.7068,0.8000,0,4.195
sift1m,100000,128,36,10,0.010000,bloom_off,64,64,64,64,0.0000,0.6000,0,2.034
sift1m,100000,128,36,10,0.010000,bloom_on_iso_probe,64,64,64,19,0.7031,0.6000,0,1.936
sift1m,100000,128,36,10,0.010000,bloom_on_iso_io,64,265,265,84,0.6830,1.0000,0,7.958
sift1m,100000,128,36,10,0.010000,bloom_off,128,128,128,128,0.0000,0.8000,0,3.463
sift1m,100000,128,36,10,0.010000,bloom_on_iso_probe,128,128,128,39,0.6953,0.8000,0,3.465
sift1m,100000,128,36,10,0.010000,bloom_on_iso_io,128,529,529,154,0.7089,1.0000,0,14.262
sift1m,100000,128,37,10,0.010000,bloom_off,8,8,8,8,0.0000,0.1000,0,0.306
sift1m,100000,128,37,10,0.010000,bloom_on_iso_probe,8,8,8,1,0.8750,0.1000,0,0.230
sift1m,100000,128,37,10,0.010000,bloom_on_iso_io,8,34,34,8,0.7647,0.4000,0,0.956
sift1m,100000,128,37,10,0.010000,bloom_off,16,16,16,16,0.0000,0.2000,0,0.415
sift1m,100000,128,37,10,0.010000,bloom_on_iso_probe,16,16,16,2,0.8750,0.2000,0,0.423
sift1m,100000,128,37,10,0.010000,bloom_on_iso_io,16,67,67,17,0.7463,0.6000,0,1.927
sift1m,100000,128,37,10,0.010000,bloom_off,32,32,32,32,0.0000,0.4000,0,0.880
sift1m,100000,128,37,10,0.010000,bloom_on_iso_probe,32,32,32,8,0.7500,0.4000,0,0.886
sift1m,100000,128,37,10,0.010000,bloom_on_iso_io,32,133,133,37,0.7218,0.9000,0,3.605
sift1m,100000,128,37,10,0.010000,bloom_off,64,64,64,64,0.0000,0.6000,0,1.818
sift1m,100000,128,37,10,0.010000,bloom_on_iso_probe,64,64,64,15,0.7656,0.6000,0,1.794
sift1m,100000,128,37,10,0.010000,bloom_on_iso_io,64,265,265,76,0.7132,1.0000,0,7.217
sift1m,100000,128,37,10,0.010000,bloom_off,128,128,128,128,0.0000,0.9000,0,3.475
sift1m,100000,128,37,10,0.010000,bloom_on_iso_probe,128,128,128,36,0.7188,0.9000,0,3.420
sift1m,100000,128,37,10,0.010000,bloom_on_iso_io,128,529,529,150,0.7164,1.0000,0,14.269
sift1m,100000,128,38,10,0.010000,bloom_off,8,8,8,8,0.0000,0.3000,0,0.444
sift1m,100000,128,38,10,0.010000,bloom_on_iso_probe,8,8,8,4,0.5000,0.3000,0,0.300
sift1m,100000,128,38,10,0.010000,bloom_on_iso_io,8,34,34,15,0.5588,0.5000,0,1.024
sift1m,100000,128,38,10,0.010000,bloom_off,16,16,16,16,0.0000,0.4000,0,0.542
sift1m,100000,128,38,10,0.010000,bloom_on_iso_probe,16,16,16,8,0.5000,0.4000,0,0.516
sift1m,100000,128,38,10,0.010000,bloom_on_iso_io,16,67,67,21,0.6866,0.7000,0,1.886
sift1m,100000,128,38,10,0.010000,bloom_off,32,32,32,32,0.0000,0.5000,0,1.012
sift1m,100000,128,38,10,0.010000,bloom_on_iso_probe,32,32,32,15,0.5312,0.5000,0,1.088
sift1m,100000,128,38,10,0.010000,bloom_on_iso_io,32,133,133,43,0.6767,1.0000,0,3.816
sift1m,100000,128,38,10,0.010000,bloom_off,64,64,64,64,0.0000,0.7000,0,1.785
sift1m,100000,128,38,10,0.010000,bloom_on_iso_probe,64,64,64,20,0.6875,0.7000,0,1.761
sift1m,100000,128,38,10,0.010000,bloom_on_iso_io,64,265,265,77,0.7094,1.0000,0,6.979
sift1m,100000,128,38,10,0.010000,bloom_off,128,128,128,128,0.0000,1.0000,0,3.431
sift1m,100000,128,38,10,0.010000,bloom_on_iso_probe,128,128,128,40,0.6875,1.0000,0,3.334
sift1m,100000,128,38,10,0.010000,bloom_on_iso_io,128,529,529,147,0.7221,1.0000,0,13.659
sift1m,100000,128,39,10,0.010000,bloom_off,8,8,8,8,0.0000,0.2000,0,0.354
sift1m,100000,128,39,10,0.010000,bloom_on_iso_probe,8,8,8,2,0.7500,0.2000,0,0.259
sift1m,100000,128,39,10,0.010000,bloom_on_iso_io,8,34,34,5,0.8529,0.2000,0,0.997
sift1m,100000,128,39,10,0.010000,bloom_off,16,16,16,16,0.0000,0.2000,0,0.458
sift1m,100000,128,39,10,0.010000,bloom_on_iso_probe,16,16,16,4,0.7500,0.2000,0,0.440
sift1m,100000,128,39,10,0.010000,bloom_on_iso_io,16,67,67,16,0.7612,0.5000,0,1.902
sift1m,100000,128,39,10,0.010000,bloom_off,32,32,32,32,0.0000,0.2000,0,0.944
sift1m,100000,128,39,10,0.010000,bloom_on_iso_probe,32,32,32,5,0.8438,0.2000,0,0.908
sift1m,100000,128,39,10,0.010000,bloom_on_iso_io,32,133,133,31,0.7669,0.8000,0,3.770
sift1m,100000,128,39,10,0.010000,bloom_off,64,64,64,64,0.0000,0.5000,0,1.804
sift1m,100000,128,39,10,0.010000,bloom_on_iso_probe,64,64,64,16,0.7500,0.5000,0,1.803
sift1m,100000,128,39,10,0.010000,bloom_on_iso_io,64,265,265,61,0.7698,1.0000,0,7.433
sift1m,100000,128,39,10,0.010000,bloom_off,128,128,128,128,0.0000,0.8000,0,3.715
sift1m,100000,128,39,10,0.010000,bloom_on_iso_probe,128,128,128,29,0.7734,0.8000,0,3.435
sift1m,100000,128,39,10,0.010000,bloom_on_iso_io,128,529,529,122,0.7694,1.0000,0,14.690
sift1m,100000,128,40,10,0.010000,bloom_off,8,8,8,8,0.0000,0.0000,0,0.440
sift1m,100000,128,40,10,0.010000,bloom_on_iso_probe,8,8,8,2,0.7500,0.0000,0,0.269
sift1m,100000,128,40,10,0.010000,bloom_on_iso_io,8,34,34,8,0.7647,0.3000,0,0.999
sift1m,100000,128,40,10,0.010000,bloom_off,16,16,16,16,0.0000,0.1000,0,0.522
sift1m,100000,128,40,10,0.010000,bloom_on_iso_probe,16,16,16,3,0.8125,0.1000,0,0.497
sift1m,100000,128,40,10,0.010000,bloom_on_iso_io,16,67,67,16,0.7612,0.6000,0,1.864
sift1m,100000,128,40,10,0.010000,bloom_off,32,32,32,32,0.0000,0.3000,0,0.887
sift1m,100000,128,40,10,0.010000,bloom_on_iso_probe,32,32,32,7,0.7812,0.3000,0,0.896
sift1m,100000,128,40,10,0.010000,bloom_on_iso_io,32,133,133,42,0.6842,0.8000,0,3.757
sift1m,100000,128,40,10,0.010000,bloom_off,64,64,64,64,0.0000,0.6000,0,1.921
sift1m,100000,128,40,10,0.010000,bloom_on_iso_probe,64,64,64,15,0.7656,0.6000,0,2.340
sift1m,100000,128,40,10,0.010000,bloom_on_iso_io,64,265,265,72,0.7283,1.0000,0,8.103
sift1m,100000,128,40,10,0.010000,bloom_off,128,128,128,128,0.0000,0.7000,0,3.849
sift1m,100000,128,40,10,0.010000,bloom_on_iso_probe,128,128,128,41,0.6797,0.7000,0,3.748
sift1m,100000,128,40,10,0.010000,bloom_on_iso_io,128,529,529,148,0.7202,1.0000,0,15.426
sift1m,100000,128,41,10,0.010000,bloom_off,8,8,8,8,0.0000,0.2000,0,0.362
sift1m,100000,128,41,10,0.010000,bloom_on_iso_probe,8,8,8,2,0.7500,0.2000,0,0.241
sift1m,100000,128,41,10,0.010000,bloom_on_iso_io,8,34,34,8,0.7647,0.7000,0,1.012
sift1m,100000,128,41,10,0.010000,bloom_off,16,16,16,16,0.0000,0.5000,0,0.479
sift1m,100000,128,41,10,0.010000,bloom_on_iso_probe,16,16,16,5,0.6875,0.5000,0,0.465
sift1m,100000,128,41,10,0.010000,bloom_on_iso_io,16,67,67,14,0.7910,0.9000,0,1.935
sift1m,100000,128,41,10,0.010000,bloom_off,32,32,32,32,0.0000,0.7000,0,0.919
sift1m,100000,128,41,10,0.010000,bloom_on_iso_probe,32,32,32,8,0.7500,0.7000,0,0.925
sift1m,100000,128,41,10,0.010000,bloom_on_iso_io,32,133,133,30,0.7744,0.9000,0,3.834
sift1m,100000,128,41,10,0.010000,bloom_off,64,64,64,64,0.0000,0.9000,0,1.856
sift1m,100000,128,41,10,0.010000,bloom_on_iso_probe,64,64,64,14,0.7812,0.9000,0,1.860
sift1m,100000,128,41,10,0.010000,bloom_on_iso_io,64,265,265,66,0.7509,1.0000,0,7.796
sift1m,100000,128,41,10,0.010000,bloom_off,128,128,128,128,0.0000,0.9000,0,3.801
sift1m,100000,128,41,10,0.010000,bloom_on_iso_probe,128,128,128,28,0.7812,0.9000,0,3.740
sift1m,100000,128,41,10,0.010000,bloom_on_iso_io,128,529,529,140,0.7353,1.0000,0,15.825
sift1m,100000,128,42,10,0.010000,bloom_off,8,8,8,8,0.0000,0.2000,0,0.492
sift1m,100000,128,42,10,0.010000,bloom_on_iso_probe,8,8,8,2,0.7500,0.2000,0,0.313
sift1m,100000,128,42,10,0.010000,bloom_on_iso_io,8,34,34,12,0.6471,0.6000,0,1.182
sift1m,100000,128,42,10,0.010000,bloom_off,16,16,16,16,0.0000,0.5000,0,0.539
sift1m,100000,128,42,10,0.010000,bloom_on_iso_probe,16,16,16,5,0.6875,0.5000,0,0.543
sift1m,100000,128,42,10,0.010000,bloom_on_iso_io,16,67,67,24,0.6418,0.8000,0,2.053
sift1m,100000,128,42,10,0.010000,bloom_off,32,32,32,32,0.0000,0.6000,0,1.015
sift1m,100000,128,42,10,0.010000,bloom_on_iso_probe,32,32,32,11,0.6562,0.6000,0,1.009
sift1m,100000,128,42,10,0.010000,bloom_on_iso_io,32,133,133,40,0.6992,0.9000,0,4.273
sift1m,100000,128,42,10,0.010000,bloom_off,64,64,64,64,0.0000,0.8000,0,1.970
sift1m,100000,128,42,10,0.010000,bloom_on_iso_probe,64,64,64,23,0.6406,0.8000,0,1.919
sift1m,100000,128,42,10,0.010000,bloom_on_iso_io,64,265,265,75,0.7170,0.9000,0,8.477
sift1m,100000,128,42,10,0.010000,bloom_off,128,128,128,128,0.0000,0.9000,0,4.068
sift1m,100000,128,42,10,0.010000,bloom_on_iso_probe,128,128,128,40,0.6875,0.9000,0,3.752
sift1m,100000,128,42,10,0.010000,bloom_on_iso_io,128,529,529,144,0.7278,1.0000,0,14.834
sift1m,100000,128,43,10,0.010000,bloom_off,8,8,8,8,0.0000,0.0000,0,0.428
sift1m,100000,128,43,10,0.010000,bloom_on_iso_probe,8,8,8,0,1.0000,0.0000,0,0.272
sift1m,100000,128,43,10,0.010000,bloom_on_iso_io,8,34,34,12,0.6471,0.5000,0,1.046
sift1m,100000,128,43,10,0.010000,bloom_off,16,16,16,16,0.0000,0.3000,0,0.471
sift1m,100000,128,43,10,0.010000,bloom_on_iso_probe,16,16,16,6,0.6250,0.3000,0,0.455
sift1m,100000,128,43,10,0.010000,bloom_on_iso_io,16,67,67,26,0.6119,0.8000,0,1.953
sift1m,100000,128,43,10,0.010000,bloom_off,32,32,32,32,0.0000,0.5000,0,0.923
sift1m,100000,128,43,10,0.010000,bloom_on_iso_probe,32,32,32,11,0.6562,0.5000,0,0.904
sift1m,100000,128,43,10,0.010000,bloom_on_iso_io,32,133,133,45,0.6617,0.9000,0,3.704
sift1m,100000,128,43,10,0.010000,bloom_off,64,64,64,64,0.0000,0.7000,0,1.854
sift1m,100000,128,43,10,0.010000,bloom_on_iso_probe,64,64,64,24,0.6250,0.7000,0,1.804
sift1m,100000,128,43,10,0.010000,bloom_on_iso_io,64,265,265,93,0.6491,1.0000,0,7.224
sift1m,100000,128,43,10,0.010000,bloom_off,128,128,128,128,0.0000,0.8000,0,3.618
sift1m,100000,128,43,10,0.010000,bloom_on_iso_probe,128,128,128,44,0.6562,0.8000,0,3.543
sift1m,100000,128,43,10,0.010000,bloom_on_iso_io,128,529,529,169,0.6805,1.0000,0,15.938
sift1m,100000,128,44,10,0.010000,bloom_off,8,8,8,8,0.0000,0.2000,0,0.445
sift1m,100000,128,44,10,0.010000,bloom_on_iso_probe,8,8,8,2,0.7500,0.2000,0,0.268
sift1m,100000,128,44,10,0.010000,bloom_on_iso_io,8,34,34,10,0.7059,0.6000,0,1.072
sift1m,100000,128,44,10,0.010000,bloom_off,16,16,16,16,0.0000,0.4000,0,0.454
sift1m,100000,128,44,10,0.010000,bloom_on_iso_probe,16,16,16,5,0.6875,0.4000,0,0.426
sift1m,100000,128,44,10,0.010000,bloom_on_iso_io,16,67,67,18,0.7313,0.8000,0,2.069
sift1m,100000,128,44,10,0.010000,bloom_off,32,32,32,32,0.0000,0.5000,0,0.996
sift1m,100000,128,44,10,0.010000,bloom_on_iso_probe,32,32,32,9,0.7188,0.5000,0,0.955
sift1m,100000,128,44,10,0.010000,bloom_on_iso_io,32,133,133,36,0.7293,0.9000,0,4.074
sift1m,100000,128,44,10,0.010000,bloom_off,64,64,64,64,0.0000,0.8000,0,1.931
sift1m,100000,128,44,10,0.010000,bloom_on_iso_probe,64,64,64,18,0.7188,0.8000,0,1.983
sift1m,100000,128,44,10,0.010000,bloom_on_iso_io,64,265,265,80,0.6981,1.0000,0,8.166
sift1m,100000,128,44,10,0.010000,bloom_off,128,128,128,128,0.0000,0.9000,0,3.886
sift1m,100000,128,44,10,0.010000,bloom_on_iso_probe,128,128,128,33,0.7422,0.9000,0,3.784
sift1m,100000,128,44,10,0.010000,bloom_on_iso_io,128,529,529,152,0.7127,1.0000,0,16.494
sift1m,100000,128,45,10,0.010000,bloom_off,8,8,8,8,0.0000,0.3000,0,0.453
sift1m,100000,128,45,10,0.010000,bloom_on_iso_probe,8,8,8,3,0.6250,0.3000,0,0.297
sift1m,100000,128,45,10,0.010000,bloom_on_iso_io,8,34,34,11,0.6765,0.5000,0,1.213
sift1m,100000,128,45,10,0.010000,bloom_off,16,16,16,16,0.0000,0.4000,0,0.516
sift1m,100000,128,45,10,0.010000,bloom_on_iso_probe,16,16,16,7,0.5625,0.4000,0,0.561
sift1m,100000,128,45,10,0.010000,bloom_on_iso_io,16,67,67,21,0.6866,0.6000,0,2.221
sift1m,100000,128,45,10,0.010000,bloom_off,32,32,32,32,0.0000,0.5000,0,1.104
sift1m,100000,128,45,10,0.010000,bloom_on_iso_probe,32,32,32,11,0.6562,0.5000,0,1.116
sift1m,100000,128,45,10,0.010000,bloom_on_iso_io,32,133,133,39,0.7068,0.8000,0,4.323
sift1m,100000,128,45,10,0.010000,bloom_off,64,64,64,64,0.0000,0.6000,0,2.103
sift1m,100000,128,45,10,0.010000,bloom_on_iso_probe,64,64,64,21,0.6719,0.6000,0,1.989
sift1m,100000,128,45,10,0.010000,bloom_on_iso_io,64,265,265,74,0.7208,1.0000,0,7.370
sift1m,100000,128,45,10,0.010000,bloom_off,128,128,128,128,0.0000,0.8000,0,3.397
sift1m,100000,128,45,10,0.010000,bloom_on_iso_probe,128,128,128,36,0.7188,0.8000,0,3.329
sift1m,100000,128,45,10,0.010000,bloom_on_iso_io,128,529,529,151,0.7146,1.0000,0,13.950
sift1m,100000,128,46,10,0.010000,bloom_off,8,8,8,8,0.0000,0.3000,0,0.401
sift1m,100000,128,46,10,0.010000,bloom_on_iso_probe,8,8,8,2,0.7500,0.3000,0,0.271
sift1m,100000,128,46,10,0.010000,bloom_on_iso_io,8,34,34,5,0.8529,0.4000,0,0.951
sift1m,100000,128,46,10,0.010000,bloom_off,16,16,16,16,0.0000,0.4000,0,0.473
sift1m,100000,128,46,10,0.010000,bloom_on_iso_probe,16,16,16,4,0.7500,0.4000,0,0.449
sift1m,100000,128,46,10,0.010000,bloom_on_iso_io,16,67,67,11,0.8358,0.5000,0,1.894
sift1m,100000,128,46,10,0.010000,bloom_off,32,32,32,32,0.0000,0.4000,0,0.976
sift1m,100000,128,46,10,0.010000,bloom_on_iso_probe,32,32,32,5,0.8438,0.4000,0,0.865
sift1m,100000,128,46,10,0.010000,bloom_on_iso_io,32,133,133,27,0.7970,0.9000,0,4.522
sift1m,100000,128,46,10,0.010000,bloom_off,64,64,64,64,0.0000,0.5000,0,4.453
sift1m,100000,128,46,10,0.010000,bloom_on_iso_probe,64,64,64,10,0.8438,0.5000,0,2.562
sift1m,100000,128,46,10,0.010000,bloom_on_iso_io,64,265,265,71,0.7321,1.0000,0,9.656
sift1m,100000,128,46,10,0.010000,bloom_off,128,128,128,128,0.0000,0.9000,0,4.973
sift1m,100000,128,46,10,0.010000,bloom_on_iso_probe,128,128,128,26,0.7969,0.9000,0,4.635
sift1m,100000,128,46,10,0.010000,bloom_on_iso_io,128,529,529,139,0.7372,1.0000,0,16.154
sift1m,100000,128,47,10,0.010000,bloom_off,8,8,8,8,0.0000,0.1000,0,0.478
sift1m,100000,128,47,10,0.010000,bloom_on_iso_probe,8,8,8,3,0.6250,0.1000,0,0.276
sift1m,100000,128,47,10,0.010000,bloom_on_iso_io,8,34,34,8,0.7647,0.1000,0,0.971
sift1m,100000,128,47,10,0.010000,bloom_off,16,16,16,16,0.0000,0.1000,0,0.462
sift1m,100000,128,47,10,0.010000,bloom_on_iso_probe,16,16,16,4,0.7500,0.1000,0,0.433
sift1m,100000,128,47,10,0.010000,bloom_on_iso_io,16,67,67,16,0.7612,0.3000,0,2.508
sift1m,100000,128,47,10,0.010000,bloom_off,32,32,32,32,0.0000,0.1000,0,1.208
sift1m,100000,128,47,10,0.010000,bloom_on_iso_probe,32,32,32,7,0.7812,0.1000,0,1.076
sift1m,100000,128,47,10,0.010000,bloom_on_iso_io,32,133,133,33,0.7519,0.5000,0,4.441
sift1m,100000,128,47,10,0.010000,bloom_off,64,64,64,64,0.0000,0.3000,0,2.099
sift1m,100000,128,47,10,0.010000,bloom_on_iso_probe,64,64,64,16,0.7500,0.3000,0,1.951
sift1m,100000,128,47,10,0.010000,bloom_on_iso_io,64,265,265,64,0.7585,0.8000,0,8.451
sift1m,100000,128,47,10,0.010000,bloom_off,128,128,128,128,0.0000,0.5000,0,4.150
sift1m,100000,128,47,10,0.010000,bloom_on_iso_probe,128,128,128,32,0.7500,0.5000,0,3.971
sift1m,100000,128,47,10,0.010000,bloom_on_iso_io,128,529,529,130,0.7543,1.0000,0,16.782
sift1m,100000,128,48,10,0.010000,bloom_off,8,8,8,8,0.0000,0.1000,0,0.517
sift1m,100000,128,48,10,0.010000,bloom_on_iso_probe,8,8,8,3,0.6250,0.1000,0,0.263
sift1m,100000,128,48,10,0.010000,bloom_on_iso_io,8,34,34,13,0.6176,0.4000,0,1.227
sift1m,100000,128,48,10,0.010000,bloom_off,16,16,16,16,0.0000,0.2000,0,0.565
sift1m,100000,128,48,10,0.010000,bloom_on_iso_probe,16,16,16,7,0.5625,0.2000,0,0.522
sift1m,100000,128,48,10,0.010000,bloom_on_iso_io,16,67,67,20,0.7015,0.6000,0,2.117
sift1m,100000,128,48,10,0.010000,bloom_off,32,32,32,32,0.0000,0.4000,0,0.952
sift1m,100000,128,48,10,0.010000,bloom_on_iso_probe,32,32,32,12,0.6250,0.4000,0,1.020
sift1m,100000,128,48,10,0.010000,bloom_on_iso_io,32,133,133,40,0.6992,0.9000,0,4.323
sift1m,100000,128,48,10,0.010000,bloom_off,64,64,64,64,0.0000,0.5000,0,1.923
sift1m,100000,128,48,10,0.010000,bloom_on_iso_probe,64,64,64,19,0.7031,0.5000,0,1.972
sift1m,100000,128,48,10,0.010000,bloom_on_iso_io,64,265,265,65,0.7547,1.0000,0,8.469
sift1m,100000,128,48,10,0.010000,bloom_off,128,128,128,128,0.0000,0.8000,0,3.971
sift1m,100000,128,48,10,0.010000,bloom_on_iso_probe,128,128,128,38,0.7031,0.8000,0,3.992
sift1m,100000,128,48,10,0.010000,bloom_on_iso_io,128,529,529,136,0.7429,1.0000,0,16.594
sift1m,100000,128,49,10,0.010000,bloom_off,8,8,8,8,0.0000,0.1000,0,0.455
sift1m,100000,128,49,10,0.010000,bloom_on_iso_probe,8,8,8,2,0.7500,0.1000,0,0.303
sift1m,100000,128,49,10,0.010000,bloom_on_iso_io,8,34,34,12,0.6471,0.5000,0,1.192
sift1m,100000,128,49,10,0.010000,bloom_off,16,16,16,16,0.0000,0.2000,0,0.573
sift1m,100000,128,49,10,0.010000,bloom_on_iso_probe,16,16,16,4,0.7500,0.2000,0,0.600
sift1m,100000,128,49,10,0.010000,bloom_on_iso_io,16,67,67,21,0.6866,0.7000,0,2.155
sift1m,100000,128,49,10,0.010000,bloom_off,32,32,32,32,0.0000,0.5000,0,1.079
sift1m,100000,128,49,10,0.010000,bloom_on_iso_probe,32,32,32,11,0.6562,0.5000,0,1.149
sift1m,100000,128,49,10,0.010000,bloom_on_iso_io,32,133,133,37,0.7218,0.8000,0,4.253
sift1m,100000,128,49,10,0.010000,bloom_off,64,64,64,64,0.0000,0.7000,0,2.044
sift1m,100000,128,49,10,0.010000,bloom_on_iso_probe,64,64,64,20,0.6875,0.7000,0,2.041
sift1m,100000,128,49,10,0.010000,bloom_on_iso_io,64,265,265,77,0.7094,1.0000,0,8.475
sift1m,100000,128,49,10,0.010000,bloom_off,128,128,128,128,0.0000,0.8000,0,4.231
sift1m,100000,128,49,10,0.010000,bloom_on_iso_probe,128,128,128,36,0.7188,0.8000,0,4.219
sift1m,100000,128,49,10,0.010000,bloom_on_iso_io,128,529,529,144,0.7278,1.0000,0,15.265
