dataset,n_records,dim,query_id,k,selectivity,scenario,probe_base,probe_nbr_used,heads_rng,heads_fetched,drop_ratio,recall_at_k,bad_drops,latency_ms
sift1m,50000,128,0,10,0.001000,none,8,8,8,8,0.0000,0.0000,0,0.491
sift1m,50000,128,0,10,0.001000,adaptive,8,64,64,64,0.0000,0.1000,0,1.796
sift1m,50000,128,0,10,0.001000,bloom,8,8,8,0,1.0000,0.0000,0,0.201
sift1m,50000,128,0,10,0.001000,both,8,64,64,1,0.9844,0.1000,0,1.678
sift1m,50000,128,0,10,0.001000,none,16,16,16,16,0.0000,0.1000,0,0.436
sift1m,50000,128,0,10,0.001000,adaptive,16,128,128,128,0.0000,0.1000,0,3.403
sift1m,50000,128,0,10,0.001000,bloom,16,16,16,1,0.9375,0.1000,0,0.456
sift1m,50000,128,0,10,0.001000,both,16,128,128,1,0.9922,0.1000,0,3.255
sift1m,50000,128,0,10,0.001000,none,32,32,32,32,0.0000,0.1000,0,0.864
sift1m,50000,128,0,10,0.001000,adaptive,32,256,256,256,0.0000,0.3000,0,6.787
sift1m,50000,128,0,10,0.001000,bloom,32,32,32,1,0.9688,0.1000,0,0.912
sift1m,50000,128,0,10,0.001000,both,32,256,256,3,0.9883,0.3000,0,6.735
sift1m,50000,128,0,10,0.001000,none,64,64,64,64,0.0000,0.1000,0,1.727
sift1m,50000,128,0,10,0.001000,adaptive,64,512,512,512,0.0000,0.4000,0,13.804
sift1m,50000,128,0,10,0.001000,bloom,64,64,64,1,0.9844,0.1000,0,1.743
sift1m,50000,128,0,10,0.001000,both,64,512,512,7,0.9863,0.4000,0,13.230
sift1m,50000,128,0,10,0.001000,none,128,128,128,128,0.0000,0.1000,0,3.225
sift1m,50000,128,0,10,0.001000,adaptive,128,1024,1024,1024,0.0000,0.8000,0,26.532
sift1m,50000,128,0,10,0.001000,bloom,128,128,128,1,0.9922,0.1000,0,3.408
sift1m,50000,128,0,10,0.001000,both,128,1024,1024,25,0.9756,0.8000,0,26.369
sift1m,50000,128,1,10,0.001000,none,8,8,8,8,0.0000,0.0000,0,0.295
sift1m,50000,128,1,10,0.001000,adaptive,8,64,64,64,0.0000,0.0000,0,1.801
sift1m,50000,128,1,10,0.001000,bloom,8,8,8,0,1.0000,0.0000,0,0.247
sift1m,50000,128,1,10,0.001000,both,8,64,64,1,0.9844,0.0000,0,1.754
sift1m,50000,128,1,10,0.001000,none,16,16,16,16,0.0000,0.0000,0,0.438
sift1m,50000,128,1,10,0.001000,adaptive,16,128,128,128,0.0000,0.2000,0,3.357
sift1m,50000,128,1,10,0.001000,bloom,16,16,16,0,1.0000,0.0000,0,0.446
sift1m,50000,128,1,10,0.001000,both,16,128,128,3,0.9766,0.2000,0,3.363
sift1m,50000,128,1,10,0.001000,none,32,32,32,32,0.0000,0.0000,0,0.941
sift1m,50000,128,1,10,0.001000,adaptive,32,256,256,256,0.0000,0.5000,0,6.676
sift1m,50000,128,1,10,0.001000,bloom,32,32,32,0,1.0000,0.0000,0,0.939
sift1m,50000,128,1,10,0.001000,both,32,256,256,8,0.9688,0.5000,0,6.606
sift1m,50000,128,1,10,0.001000,none,64,64,64,64,0.0000,0.0000,0,1.721
sift1m,50000,128,1,10,0.001000,adaptive,64,512,512,512,0.0000,0.5000,0,13.503
sift1m,50000,128,1,10,0.001000,bloom,64,64,64,1,0.9844,0.0000,0,1.722
sift1m,50000,128,1,10,0.001000,both,64,512,512,15,0.9707,0.5000,0,13.199
sift1m,50000,128,1,10,0.001000,none,128,128,128,128,0.0000,0.2000,0,3.482
sift1m,50000,128,1,10,0.001000,adaptive,128,1024,1024,1024,0.0000,1.0000,0,26.794
sift1m,50000,128,1,10,0.001000,bloom,128,128,128,3,0.9766,0.2000,0,3.420
sift1m,50000,128,1,10,0.001000,both,128,1024,1024,35,0.9658,1.0000,0,26.485
sift1m,50000,128,2,10,0.001000,none,8,8,8,8,0.0000,0.0000,0,0.371
sift1m,50000,128,2,10,0.001000,adaptive,8,64,64,64,0.0000,0.1000,0,1.831
sift1m,50000,128,2,10,0.001000,bloom,8,8,8,0,1.0000,0.0000,0,0.287
sift1m,50000,128,2,10,0.001000,both,8,64,64,1,0.9844,0.1000,0,1.764
sift1m,50000,128,2,10,0.001000,none,16,16,16,16,0.0000,0.0000,0,0.507
sift1m,50000,128,2,10,0.001000,adaptive,16,128,128,128,0.0000,0.3000,0,3.497
sift1m,50000,128,2,10,0.001000,bloom,16,16,16,0,1.0000,0.0000,0,0.511
sift1m,50000,128,2,10,0.001000,both,16,128,128,6,0.9531,0.3000,0,3.515
sift1m,50000,128,2,10,0.001000,none,32,32,32,32,0.0000,0.0000,0,0.963
sift1m,50000,128,2,10,0.001000,adaptive,32,256,256,256,0.0000,0.5000,0,7.071
sift1m,50000,128,2,10,0.001000,bloom,32,32,32,0,1.0000,0.0000,0,0.964
sift1m,50000,128,2,10,0.001000,both,32,256,256,12,0.9531,0.5000,0,7.165
sift1m,50000,128,2,10,0.001000,none,64,64,64,64,0.0000,0.1000,0,1.798
sift1m,50000,128,2,10,0.001000,adaptive,64,512,512,512,0.0000,0.8000,0,13.724
sift1m,50000,128,2,10,0.001000,bloom,64,64,64,1,0.9844,0.1000,0,1.784
sift1m,50000,128,2,10,0.001000,both,64,512,512,19,0.9629,0.8000,0,13.445
sift1m,50000,128,2,10,0.001000,none,128,128,128,128,0.0000,0.3000,0,3.452
sift1m,50000,128,2,10,0.001000,adaptive,128,1024,1024,1024,0.0000,1.0000,0,26.986
sift1m,50000,128,2,10,0.001000,bloom,128,128,128,6,0.9531,0.3000,0,3.515
sift1m,50000,128,2,10,0.001000,both,128,1024,1024,31,0.9697,1.0000,0,26.857
sift1m,50000,128,3,10,0.001000,none,8,8,8,8,0.0000,0.0000,0,0.374
sift1m,50000,128,3,10,0.001000,adaptive,8,64,64,64,0.0000,0.0000,0,1.702
sift1m,50000,128,3,10,0.001000,bloom,8,8,8,0,1.0000,0.0000,0,0.280
sift1m,50000,128,3,10,0.001000,both,8,64,64,0,1.0000,0.0000,0,1.674
sift1m,50000,128,3,10,0.001000,none,16,16,16,16,0.0000,0.0000,0,0.476
sift1m,50000,128,3,10,0.001000,adaptive,16,128,128,128,0.0000,0.2000,0,3.347
sift1m,50000,128,3,10,0.001000,bloom,16,16,16,0,1.0000,0.0000,0,0.480
sift1m,50000,128,3,10,0.001000,both,16,128,128,3,0.9766,0.2000,0,3.326
sift1m,50000,128,3,10,0.001000,none,32,32,32,32,0.0000,0.0000,0,0.844
sift1m,50000,128,3,10,0.001000,adaptive,32,256,256,256,0.0000,0.4000,0,6.787
sift1m,50000,128,3,10,0.001000,bloom,32,32,32,0,1.0000,0.0000,0,0.851
sift1m,50000,128,3,10,0.001000,both,32,256,256,7,0.9727,0.4000,0,6.692
sift1m,50000,128,3,10,0.001000,none,64,64,64,64,0.0000,0.0000,0,1.682
sift1m,50000,128,3,10,0.001000,adaptive,64,512,512,512,0.0000,0.8000,0,13.217
sift1m,50000,128,3,10,0.001000,bloom,64,64,64,0,1.0000,0.0000,0,1.688
sift1m,50000,128,3,10,0.001000,both,64,512,512,16,0.9688,0.8000,0,13.255
sift1m,50000,128,3,10,0.001000,none,128,128,128,128,0.0000,0.2000,0,3.326
sift1m,50000,128,3,10,0.001000,adaptive,128,1024,1024,1024,0.0000,1.0000,0,26.742
sift1m,50000,128,3,10,0.001000,bloom,128,128,128,3,0.9766,0.2000,0,3.360
sift1m,50000,128,3,10,0.001000,both,128,1024,1024,31,0.9697,1.0000,0,26.463
sift1m,50000,128,4,10,0.001000,none,8,8,8,8,0.0000,0.0000,0,0.359
sift1m,50000,128,4,10,0.001000,adaptive,8,64,64,64,0.0000,0.1000,0,1.737
sift1m,50000,128,4,10,0.001000,bloom,8,8,8,0,1.0000,0.0000,0,0.255
sift1m,50000,128,4,10,0.001000,both,8,64,64,1,0.9844,0.1000,0,1.671
sift1m,50000,128,4,10,0.001000,none,16,16,16,16,0.0000,0.0000,0,0.408
sift1m,50000,128,4,10,0.001000,adaptive,16,128,128,128,0.0000,0.3000,0,3.395
sift1m,50000,128,4,10,0.001000,bloom,16,16,16,0,1.0000,0.0000,0,0.410
sift1m,50000,128,4,10,0.001000,both,16,128,128,4,0.9688,0.3000,0,3.397
sift1m,50000,128,4,10,0.001000,none,32,32,32,32,0.0000,0.0000,0,0.854
sift1m,50000,128,4,10,0.001000,adaptive,32,256,256,256,0.0000,0.5000,0,6.711
sift1m,50000,128,4,10,0.001000,bloom,32,32,32,0,1.0000,0.0000,0,0.853
sift1m,50000,128,4,10,0.001000,both,32,256,256,9,0.9648,0.5000,0,6.685
sift1m,50000,128,4,10,0.001000,none,64,64,64,64,0.0000,0.1000,0,1.742
sift1m,50000,128,4,10,0.001000,adaptive,64,512,512,512,0.0000,0.9000,0,13.431
sift1m,50000,128,4,10,0.001000,bloom,64,64,64,1,0.9844,0.1000,0,1.685
sift1m,50000,128,4,10,0.001000,both,64,512,512,19,0.9629,0.9000,0,13.386
sift1m,50000,128,4,10,0.001000,none,128,128,128,128,0.0000,0.3000,0,3.474
sift1m,50000,128,4,10,0.001000,adaptive,128,1024,1024,1024,0.0000,1.0000,0,26.359
sift1m,50000,128,4,10,0.001000,bloom,128,128,128,4,0.9688,0.3000,0,3.535
sift1m,50000,128,4,10,0.001000,both,128,1024,1024,32,0.9688,1.0000,0,26.173
sift1m,50000,128,5,10,0.001000,none,8,8,8,8,0.0000,0.0000,0,0.367
sift1m,50000,128,5,10,0.001000,adaptive,8,64,64,64,0.0000,0.1000,0,1.780
sift1m,50000,128,5,10,0.001000,bloom,8,8,8,0,1.0000,0.0000,0,0.244
sift1m,50000,128,5,10,0.001000,both,8,64,64,1,0.9844,0.1000,0,1.734
sift1m,50000,128,5,10,0.001000,none,16,16,16,16,0.0000,0.1000,0,0.463
sift1m,50000,128,5,10,0.001000,adaptive,16,128,128,128,0.0000,0.2000,0,3.481
sift1m,50000,128,5,10,0.001000,bloom,16,16,16,1,0.9375,0.1000,0,0.473
sift1m,50000,128,5,10,0.001000,both,16,128,128,2,0.9844,0.2000,0,3.434
sift1m,50000,128,5,10,0.001000,none,32,32,32,32,0.0000,0.1000,0,0.974
sift1m,50000,128,5,10,0.001000,adaptive,32,256,256,256,0.0000,0.3000,0,7.032
sift1m,50000,128,5,10,0.001000,bloom,32,32,32,1,0.9688,0.1000,0,0.979
sift1m,50000,128,5,10,0.001000,both,32,256,256,4,0.9844,0.3000,0,7.003
sift1m,50000,128,5,10,0.001000,none,64,64,64,64,0.0000,0.1000,0,1.754
sift1m,50000,128,5,10,0.001000,adaptive,64,512,512,512,0.0000,0.4000,0,13.906
sift1m,50000,128,5,10,0.001000,bloom,64,64,64,1,0.9844,0.1000,0,1.756
sift1m,50000,128,5,10,0.001000,both,64,512,512,9,0.9824,0.4000,0,13.566
sift1m,50000,128,5,10,0.001000,none,128,128,128,128,0.0000,0.2000,0,3.439
sift1m,50000,128,5,10,0.001000,adaptive,128,1024,1024,1024,0.0000,0.9000,0,27.296
sift1m,50000,128,5,10,0.001000,bloom,128,128,128,2,0.9844,0.2000,0,3.478
sift1m,50000,128,5,10,0.001000,both,128,1024,1024,29,0.9717,0.9000,0,27.234
sift1m,50000,128,6,10,0.001000,none,8,8,8,8,0.0000,0.0000,0,0.321
sift1m,50000,128,6,10,0.001000,adaptive,8,64,64,64,0.0000,0.2000,0,1.969
sift1m,50000,128,6,10,0.001000,bloom,8,8,8,0,1.0000,0.0000,0,0.273
sift1m,50000,128,6,10,0.001000,both,8,64,64,3,0.9531,0.2000,0,1.916
sift1m,50000,128,6,10,0.001000,none,16,16,16,16,0.0000,0.0000,0,0.461
sift1m,50000,128,6,10,0.001000,adaptive,16,128,128,128,0.0000,0.3000,0,3.671
sift1m,50000,128,6,10,0.001000,bloom,16,16,16,0,1.0000,0.0000,0,0.480
sift1m,50000,128,6,10,0.001000,both,16,128,128,6,0.9531,0.3000,0,3.716
sift1m,50000,128,6,10,0.001000,none,32,32,32,32,0.0000,0.2000,0,0.967
sift1m,50000,128,6,10,0.001000,adaptive,32,256,256,256,0.0000,0.4000,0,7.302
sift1m,50000,128,6,10,0.001000,bloom,32,32,32,2,0.9375,0.2000,0,0.984
sift1m,50000,128,6,10,0.001000,both,32,256,256,10,0.9609,0.4000,0,7.343
sift1m,50000,128,6,10,0.001000,none,64,64,64,64,0.0000,0.2000,0,1.923
sift1m,50000,128,6,10,0.001000,adaptive,64,512,512,512,0.0000,0.6000,0,14.208
sift1m,50000,128,6,10,0.001000,bloom,64,64,64,3,0.9531,0.2000,0,1.983
sift1m,50000,128,6,10,0.001000,both,64,512,512,18,0.9648,0.6000,0,14.290
sift1m,50000,128,6,10,0.001000,none,128,128,128,128,0.0000,0.3000,0,3.666
sift1m,50000,128,6,10,0.001000,adaptive,128,1024,1024,1024,0.0000,0.8000,0,26.952
sift1m,50000,128,6,10,0.001000,bloom,128,128,128,6,0.9531,0.3000,0,3.689
sift1m,50000,128,6,10,0.001000,both,128,1024,1024,38,0.9629,0.8000,0,27.252
sift1m,50000,128,7,10,0.001000,none,8,8,8,8,0.0000,0.0000,0,0.309
sift1m,50000,128,7,10,0.001000,adaptive,8,64,64,64,0.0000,0.4000,0,1.851
sift1m,50000,128,7,10,0.001000,bloom,8,8,8,0,1.0000,0.0000,0,0.259
sift1m,50000,128,7,10,0.001000,both,8,64,64,5,0.9219,0.4000,0,1.784
sift1m,50000,128,7,10,0.001000,none,16,16,16,16,0.0000,0.1000,0,0.486
sift1m,50000,128,7,10,0.001000,adaptive,16,128,128,128,0.0000,0.6000,0,3.626
sift1m,50000,128,7,10,0.001000,bloom,16,16,16,1,0.9375,0.1000,0,0.478
sift1m,50000,128,7,10,0.001000,both,16,128,128,11,0.9141,0.6000,0,3.609
sift1m,50000,128,7,10,0.001000,none,32,32,32,32,0.0000,0.3000,0,0.944
sift1m,50000,128,7,10,0.001000,adaptive,32,256,256,256,0.0000,0.6000,0,7.027
sift1m,50000,128,7,10,0.001000,bloom,32,32,32,3,0.9062,0.3000,0,0.937
sift1m,50000,128,7,10,0.001000,both,32,256,256,18,0.9297,0.6000,0,6.908
sift1m,50000,128,7,10,0.001000,none,64,64,64,64,0.0000,0.4000,0,1.778
sift1m,50000,128,7,10,0.001000,adaptive,64,512,512,512,0.0000,1.0000,0,13.650
sift1m,50000,128,7,10,0.001000,bloom,64,64,64,5,0.9219,0.4000,0,1.785
sift1m,50000,128,7,10,0.001000,both,64,512,512,37,0.9277,1.0000,0,13.313
sift1m,50000,128,7,10,0.001000,none,128,128,128,128,0.0000,0.6000,0,3.618
sift1m,50000,128,7,10,0.001000,adaptive,128,1024,1024,1024,0.0000,1.0000,0,27.350
sift1m,50000,128,7,10,0.001000,bloom,128,128,128,11,0.9141,0.6000,0,3.662
sift1m,50000,128,7,10,0.001000,both,128,1024,1024,64,0.9375,1.0000,0,27.131
sift1m,50000,128,8,10,0.001000,none,8,8,8,8,0.0000,0.0000,0,0.362
sift1m,50000,128,8,10,0.001000,adaptive,8,64,64,64,0.0000,0.2000,0,1.834
sift1m,50000,128,8,10,0.001000,bloom,8,8,8,0,1.0000,0.0000,0,0.261
sift1m,50000,128,8,10,0.001000,both,8,64,64,2,0.9688,0.2000,0,1.767
sift1m,50000,128,8,10,0.001000,none,16,16,16,16,0.0000,0.0000,0,0.426
sift1m,50000,128,8,10,0.001000,adaptive,16,128,128,128,0.0000,0.2000,0,3.496
sift1m,50000,128,8,10,0.001000,bloom,16,16,16,0,1.0000,0.0000,0,0.416
sift1m,50000,128,8,10,0.001000,both,16,128,128,4,0.9688,0.2000,0,3.429
sift1m,50000,128,8,10,0.001000,none,32,32,32,32,0.0000,0.0000,0,0.866
sift1m,50000,128,8,10,0.001000,adaptive,32,256,256,256,0.0000,0.5000,0,6.786
sift1m,50000,128,8,10,0.001000,bloom,32,32,32,0,1.0000,0.0000,0,0.865
sift1m,50000,128,8,10,0.001000,both,32,256,256,7,0.9727,0.5000,0,6.852
sift1m,50000,128,8,10,0.001000,none,64,64,64,64,0.0000,0.2000,0,1.772
sift1m,50000,128,8,10,0.001000,adaptive,64,512,512,512,0.0000,0.8000,0,13.586
sift1m,50000,128,8,10,0.001000,bloom,64,64,64,2,0.9688,0.2000,0,1.740
sift1m,50000,128,8,10,0.001000,both,64,512,512,12,0.9766,0.8000,0,13.504
sift1m,50000,128,8,10,0.001000,none,128,128,128,128,0.0000,0.2000,0,3.530
sift1m,50000,128,8,10,0.001000,adaptive,128,1024,1024,1024,0.0000,1.0000,0,26.688
sift1m,50000,128,8,10,0.001000,bloom,128,128,128,4,0.9688,0.2000,0,3.587
sift1m,50000,128,8,10,0.001000,both,128,1024,1024,23,0.9775,1.0000,0,26.723
sift1m,50000,128,9,10,0.001000,none,8,8,8,8,0.0000,0.0000,0,0.312
sift1m,50000,128,9,10,0.001000,adaptive,8,64,64,64,0.0000,0.1000,0,1.672
sift1m,50000,128,9,10,0.001000,bloom,8,8,8,0,1.0000,0.0000,0,0.245
sift1m,50000,128,9,10,0.001000,both,8,64,64,2,0.9688,0.1000,0,1.643
sift1m,50000,128,9,10,0.001000,none,16,16,16,16,0.0000,0.0000,0,0.438
sift1m,50000,128,9,10,0.001000,adaptive,16,128,128,128,0.0000,0.2000,0,3.501
sift1m,50000,128,9,10,0.001000,bloom,16,16,16,0,1.0000,0.0000,0,0.426
sift1m,50000,128,9,10,0.001000,both,16,128,128,4,0.9688,0.2000,0,3.307
sift1m,50000,128,9,10,0.001000,none,32,32,32,32,0.0000,0.0000,0,0.847
sift1m,50000,128,9,10,0.001000,adaptive,32,256,256,256,0.0000,0.3000,0,6.764
sift1m,50000,128,9,10,0.001000,bloom,32,32,32,0,1.0000,0.0000,0,0.847
sift1m,50000,128,9,10,0.001000,both,32,256,256,7,0.9727,0.3000,0,6.776
sift1m,50000,128,9,10,0.001000,none,64,64,64,64,0.0000,0.1000,0,1.654
sift1m,50000,128,9,10,0.001000,adaptive,64,512,512,512,0.0000,0.8000,0,13.298
sift1m,50000,128,9,10,0.001000,bloom,64,64,64,2,0.9688,0.1000,0,1.674
sift1m,50000,128,9,10,0.001000,both,64,512,512,15,0.9707,0.8000,0,13.426
sift1m,50000,128,9,10,0.001000,none,128,128,128,128,0.0000,0.2000,0,3.404
sift1m,50000,128,9,10,0.001000,adaptive,128,1024,1024,1024,0.0000,1.0000,0,26.176
sift1m,50000,128,9,10,0.001000,bloom,128,128,128,4,0.9688,0.2000,0,3.382
sift1m,50000,128,9,10,0.001000,both,128,1024,1024,30,0.9707,1.0000,0,26.043
sift1m,50000,128,10,10,0.001000,none,8,8,8,8,0.0000,0.0000,0,0.297
sift1m,50000,128,10,10,0.001000,adaptive,8,64,64,64,0.0000,0.1000,0,1.778
sift1m,50000,128,10,10,0.001000,bloom,8,8,8,0,1.0000,0.0000,0,0.183
sift1m,50000,128,10,10,0.001000,both,8,64,64,1,0.9844,0.1000,0,1.723
sift1m,50000,128,10,10,0.001000,none,16,16,16,16,0.0000,0.0000,0,0.400
sift1m,50000,128,10,10,0.001000,adaptive,16,128,128,128,0.0000,0.1000,0,3.401
sift1m,50000,128,10,10,0.001000,bloom,16,16,16,0,1.0000,0.0000,0,0.422
sift1m,50000,128,10,10,0.001000,both,16,128,128,1,0.9922,0.1000,0,3.419
sift1m,50000,128,10,10,0.001000,none,32,32,32,32,0.0000,0.0000,0,0.836
sift1m,50000,128,10,10,0.001000,adaptive,32,256,256,256,0.0000,0.2000,0,6.992
sift1m,50000,128,10,10,0.001000,bloom,32,32,32,0,1.0000,0.0000,0,0.828
sift1m,50000,128,10,10,0.001000,both,32,256,256,3,0.9883,0.2000,0,6.922
sift1m,50000,128,10,10,0.001000,none,64,64,64,64,0.0000,0.1000,0,1.724
sift1m,50000,128,10,10,0.001000,adaptive,64,512,512,512,0.0000,0.5000,0,13.976
sift1m,50000,128,10,10,0.001000,bloom,64,64,64,1,0.9844,0.1000,0,1.713
sift1m,50000,128,10,10,0.001000,both,64,512,512,14,0.9727,0.5000,0,13.702
sift1m,50000,128,10,10,0.001000,none,128,128,128,128,0.0000,0.1000,0,3.373
sift1m,50000,128,10,10,0.001000,adaptive,128,1024,1024,1024,0.0000,0.7000,0,27.446
sift1m,50000,128,10,10,0.001000,bloom,128,128,128,1,0.9922,0.1000,0,3.447
sift1m,50000,128,10,10,0.001000,both,128,1024,1024,34,0.9668,0.7000,0,27.337
sift1m,50000,128,11,10,0.001000,none,8,8,8,8,0.0000,0.0000,0,0.374
sift1m,50000,128,11,10,0.001000,adaptive,8,64,64,64,0.0000,0.1000,0,1.741
sift1m,50000,128,11,10,0.001000,bloom,8,8,8,0,1.0000,0.0000,0,0.264
sift1m,50000,128,11,10,0.001000,both,8,64,64,1,0.9844,0.1000,0,1.653
sift1m,50000,128,11,10,0.001000,none,16,16,16,16,0.0000,0.0000,0,0.423
sift1m,50000,128,11,10,0.001000,adaptive,16,128,128,128,0.0000,0.2000,0,3.361
sift1m,50000,128,11,10,0.001000,bloom,16,16,16,0,1.0000,0.0000,0,0.417
sift1m,50000,128,11,10,0.001000,both,16,128,128,3,0.9766,0.2000,0,3.299
sift1m,50000,128,11,10,0.001000,none,32,32,32,32,0.0000,0.0000,0,0.821
sift1m,50000,128,11,10,0.001000,adaptive,32,256,256,256,0.0000,0.4000,0,6.822
sift1m,50000,128,11,10,0.001000,bloom,32,32,32,0,1.0000,0.0000,0,0.846
sift1m,50000,128,11,10,0.001000,both,32,256,256,5,0.9805,0.4000,0,6.670
sift1m,50000,128,11,10,0.001000,none,64,64,64,64,0.0000,0.1000,0,1.654
sift1m,50000,128,11,10,0.001000,adaptive,64,512,512,512,0.0000,0.6000,0,13.502
sift1m,50000,128,11,10,0.001000,bloom,64,64,64,1,0.9844,0.1000,0,1.702
sift1m,50000,128,11,10,0.001000,both,64,512,512,13,0.9746,0.6000,0,13.329
sift1m,50000,128,11,10,0.001000,none,128,128,128,128,0.0000,0.2000,0,3.324
sift1m,50000,128,11,10,0.001000,adaptive,128,1024,1024,1024,0.0000,0.8000,0,26.958
sift1m,50000,128,11,10,0.001000,bloom,128,128,128,3,0.9766,0.2000,0,3.301
sift1m,50000,128,11,10,0.001000,both,128,1024,1024,25,0.9756,0.8000,0,26.948
sift1m,50000,128,12,10,0.001000,none,8,8,8,8,0.0000,0.0000,0,0.334
sift1m,50000,128,12,10,0.001000,adaptive,8,64,64,64,0.0000,0.0000,0,1.751
sift1m,50000,128,12,10,0.001000,bloom,8,8,8,0,1.0000,0.0000,0,0.233
sift1m,50000,128,12,10,0.001000,both,8,64,64,0,1.0000,0.0000,0,1.734
sift1m,50000,128,12,10,0.001000,none,16,16,16,16,0.0000,0.0000,0,0.376
sift1m,50000,128,12,10,0.001000,adaptive,16,128,128,128,0.0000,0.2000,0,3.597
sift1m,50000,128,12,10,0.001000,bloom,16,16,16,0,1.0000,0.0000,0,0.369
sift1m,50000,128,12,10,0.001000,both,16,128,128,4,0.9688,0.2000,0,3.570
sift1m,50000,128,12,10,0.001000,none,32,32,32,32,0.0000,0.0000,0,0.858
sift1m,50000,128,12,10,0.001000,adaptive,32,256,256,256,0.0000,0.4000,0,6.921
sift1m,50000,128,12,10,0.001000,bloom,32,32,32,0,1.0000,0.0000,0,0.878
sift1m,50000,128,12,10,0.001000,both,32,256,256,12,0.9531,0.4000,0,6.920
sift1m,50000,128,12,10,0.001000,none,64,64,64,64,0.0000,0.0000,0,1.697
sift1m,50000,128,12,10,0.001000,adaptive,64,512,512,512,0.0000,0.5000,0,13.838
sift1m,50000,128,12,10,0.001000,bloom,64,64,64,0,1.0000,0.0000,0,1.724
sift1m,50000,128,12,10,0.001000,both,64,512,512,22,0.9570,0.5000,0,13.854
sift1m,50000,128,12,10,0.001000,none,128,128,128,128,0.0000,0.2000,0,3.535
sift1m,50000,128,12,10,0.001000,adaptive,128,1024,1024,1024,0.0000,0.8000,0,27.603
sift1m,50000,128,12,10,0.001000,bloom,128,128,128,4,0.9688,0.2000,0,3.629
sift1m,50000,128,12,10,0.001000,both,128,1024,1024,42,0.9590,0.8000,0,28.095
sift1m,50000,128,13,10,0.001000,none,8,8,8,8,0.0000,0.0000,0,0.405
sift1m,50000,128,13,10,0.001000,adaptive,8,64,64,64,0.0000,0.2000,0,1.896
sift1m,50000,128,13,10,0.001000,bloom,8,8,8,0,1.0000,0.0000,0,0.311
sift1m,50000,128,13,10,0.001000,both,8,64,64,4,0.9375,0.2000,0,1.872
sift1m,50000,128,13,10,0.001000,none,16,16,16,16,0.0000,0.0000,0,0.516
sift1m,50000,128,13,10,0.001000,adaptive,16,128,128,128,0.0000,0.3000,0,3.546
sift1m,50000,128,13,10,0.001000,bloom,16,16,16,0,1.0000,0.0000,0,0.516
sift1m,50000,128,13,10,0.001000,both,16,128,128,7,0.9453,0.3000,0,3.518
sift1m,50000,128,13,10,0.001000,none,32,32,32,32,0.0000,0.2000,0,0.923
sift1m,50000,128,13,10,0.001000,adaptive,32,256,256,256,0.0000,0.6000,0,7.122
sift1m,50000,128,13,10,0.001000,bloom,32,32,32,2,0.9375,0.2000,0,0.938
sift1m,50000,128,13,10,0.001000,both,32,256,256,15,0.9414,0.6000,0,7.065
sift1m,50000,128,13,10,0.001000,none,64,64,64,64,0.0000,0.2000,0,1.879
sift1m,50000,128,13,10,0.001000,adaptive,64,512,512,512,0.0000,0.8000,0,14.033
sift1m,50000,128,13,10,0.001000,bloom,64,64,64,4,0.9375,0.2000,0,1.944
sift1m,50000,128,13,10,0.001000,both,64,512,512,21,0.9590,0.8000,0,13.928
sift1m,50000,128,13,10,0.001000,none,128,128,128,128,0.0000,0.3000,0,3.628
sift1m,50000,128,13,10,0.001000,adaptive,128,1024,1024,1024,0.0000,0.8000,0,27.500
sift1m,50000,128,13,10,0.001000,bloom,128,128,128,7,0.9453,0.3000,0,3.560
sift1m,50000,128,13,10,0.001000,both,128,1024,1024,45,0.9561,0.8000,0,27.424
sift1m,50000,128,14,10,0.001000,none,8,8,8,8,0.0000,0.0000,0,0.343
sift1m,50000,128,14,10,0.001000,adaptive,8,64,64,64,0.0000,0.1000,0,1.770
sift1m,50000,128,14,10,0.001000,bloom,8,8,8,0,1.0000,0.0000,0,0.225
sift1m,50000,128,14,10,0.001000,both,8,64,64,1,0.9844,0.1000,0,1.752
sift1m,50000,128,14,10,0.001000,none,16,16,16,16,0.0000,0.0000,0,0.441
sift1m,50000,128,14,10,0.001000,adaptive,16,128,128,128,0.0000,0.2000,0,3.469
sift1m,50000,128,14,10,0.001000,bloom,16,16,16,0,1.0000,0.0000,0,0.434
sift1m,50000,128,14,10,0.001000,both,16,128,128,2,0.9844,0.2000,0,3.452
sift1m,50000,128,14,10,0.001000,none,32,32,32,32,0.0000,0.1000,0,0.881
sift1m,50000,128,14,10,0.001000,adaptive,32,256,256,256,0.0000,0.3000,0,7.073
sift1m,50000,128,14,10,0.001000,bloom,32,32,32,1,0.9688,0.1000,0,0.875
sift1m,50000,128,14,10,0.001000,both,32,256,256,5,0.9805,0.3000,0,6.962
sift1m,50000,128,14,10,0.001000,none,64,64,64,64,0.0000,0.1000,0,1.741
sift1m,50000,128,14,10,0.001000,adaptive,64,512,512,512,0.0000,0.7000,0,14.108
sift1m,50000,128,14,10,0.001000,bloom,64,64,64,1,0.9844,0.1000,0,1.808
sift1m,50000,128,14,10,0.001000,both,64,512,512,11,0.9785,0.7000,0,14.092
sift1m,50000,128,14,10,0.001000,none,128,128,128,128,0.0000,0.2000,0,3.539
sift1m,50000,128,14,10,0.001000,adaptive,128,1024,1024,1024,0.0000,0.9000,0,27.596
sift1m,50000,128,14,10,0.001000,bloom,128,128,128,2,0.9844,0.2000,0,3.547
sift1m,50000,128,14,10,0.001000,both,128,1024,1024,21,0.9795,0.9000,0,27.514
sift1m,50000,128,15,10,0.001000,none,8,8,8,8,0.0000,0.1000,0,0.309
sift1m,50000,128,15,10,0.001000,adaptive,8,64,64,64,0.0000,0.3000,0,1.747
sift1m,50000,128,15,10,0.001000,bloom,8,8,8,1,0.8750,0.1000,0,0.238
sift1m,50000,128,15,10,0.001000,both,8,64,64,4,0.9375,0.3000,0,1.733
sift1m,50000,128,15,10,0.001000,none,16,16,16,16,0.0000,0.2000,0,0.467
sift1m,50000,128,15,10,0.001000,adaptive,16,128,128,128,0.0000,0.3000,0,3.321
sift1m,50000,128,15,10,0.001000,bloom,16,16,16,2,0.8750,0.2000,0,0.466
sift1m,50000,128,15,10,0.001000,both,16,128,128,7,0.9453,0.3000,0,3.317
sift1m,50000,128,15,10,0.001000,none,32,32,32,32,0.0000,0.3000,0,0.931
sift1m,50000,128,15,10,0.001000,adaptive,32,256,256,256,0.0000,0.4000,0,6.601
sift1m,50000,128,15,10,0.001000,bloom,32,32,32,4,0.8750,0.3000,0,0.908
sift1m,50000,128,15,10,0.001000,both,32,256,256,8,0.9688,0.4000,0,6.579
sift1m,50000,128,15,10,0.001000,none,64,64,64,64,0.0000,0.3000,0,1.688
sift1m,50000,128,15,10,0.001000,adaptive,64,512,512,512,0.0000,0.9000,0,13.187
sift1m,50000,128,15,10,0.001000,bloom,64,64,64,4,0.9375,0.3000,0,1.709
sift1m,50000,128,15,10,0.001000,both,64,512,512,18,0.9648,0.9000,0,13.217
sift1m,50000,128,15,10,0.001000,none,128,128,128,128,0.0000,0.3000,0,3.350
sift1m,50000,128,15,10,0.001000,adaptive,128,1024,1024,1024,0.0000,1.0000,0,26.210
sift1m,50000,128,15,10,0.001000,bloom,128,128,128,7,0.9453,0.3000,0,3.344
sift1m,50000,128,15,10,0.001000,both,128,1024,1024,29,0.9717,1.0000,0,26.271
sift1m,50000,128,16,10,0.001000,none,8,8,8,8,0.0000,0.0000,0,0.393
sift1m,50000,128,16,10,0.001000,adaptive,8,64,64,64,0.0000,0.1000,0,1.903
sift1m,50000,128,16,10,0.001000,bloom,8,8,8,0,1.0000,0.0000,0,0.279
sift1m,50000,128,16,10,0.001000,both,8,64,64,1,0.9844,0.1000,0,1.845
sift1m,50000,128,16,10,0.001000,none,16,16,16,16,0.0000,0.0000,0,0.496
sift1m,50000,128,16,10,0.001000,adaptive,16,128,128,128,0.0000,0.2000,0,3.577
sift1m,50000,128,16,10,0.001000,bloom,16,16,16,0,1.0000,0.0000,0,0.498
sift1m,50000,128,16,10,0.001000,both,16,128,128,2,0.9844,0.2000,0,3.561
sift1m,50000,128,16,10,0.001000,none,32,32,32,32,0.0000,0.1000,0,0.957
sift1m,50000,128,16,10,0.001000,adaptive,32,256,256,256,0.0000,0.4000,0,7.123
sift1m,50000,128,16,10,0.001000,bloom,32,32,32,1,0.9688,0.1000,0,0.942
sift1m,50000,128,16,10,0.001000,both,32,256,256,6,0.9766,0.4000,0,6.993
sift1m,50000,128,16,10,0.001000,none,64,64,64,64,0.0000,0.1000,0,1.790
sift1m,50000,128,16,10,0.001000,adaptive,64,512,512,512,0.0000,0.7000,0,14.056
sift1m,50000,128,16,10,0.001000,bloom,64,64,64,1,0.9844,0.1000,0,1.797
sift1m,50000,128,16,10,0.001000,both,64,512,512,13,0.9746,0.7000,0,13.851
sift1m,50000,128,16,10,0.001000,none,128,128,128,128,0.0000,0.2000,0,3.495
sift1m,50000,128,16,10,0.001000,adaptive,128,1024,1024,1024,0.0000,0.9000,0,26.902
sift1m,50000,128,16,10,0.001000,bloom,128,128,128,2,0.9844,0.2000,0,3.573
sift1m,50000,128,16,10,0.001000,both,128,1024,1024,31,0.9697,0.9000,0,27.231
sift1m,50000,128,17,10,0.001000,none,8,8,8,8,0.0000,0.0000,0,0.384
sift1m,50000,128,17,10,0.001000,adaptive,8,64,64,64,0.0000,0.1000,0,1.817
sift1m,50000,128,17,10,0.001000,bloom,8,8,8,0,1.0000,0.0000,0,0.287
sift1m,50000,128,17,10,0.001000,both,8,64,64,1,0.9844,0.1000,0,1.799
sift1m,50000,128,17,10,0.001000,none,16,16,16,16,0.0000,0.0000,0,0.585
sift1m,50000,128,17,10,0.001000,adaptive,16,128,128,128,0.0000,0.1000,0,3.890
sift1m,50000,128,17,10,0.001000,bloom,16,16,16,0,1.0000,0.0000,0,0.624
sift1m,50000,128,17,10,0.001000,both,16,128,128,1,0.9922,0.1000,0,3.996
sift1m,50000,128,17,10,0.001000,none,32,32,32,32,0.0000,0.0000,0,1.136
sift1m,50000,128,17,10,0.001000,adaptive,32,256,256,256,0.0000,0.3000,0,8.257
sift1m,50000,128,17,10,0.001000,bloom,32,32,32,0,1.0000,0.0000,0,1.124
sift1m,50000,128,17,10,0.001000,both,32,256,256,4,0.9844,0.3000,0,7.654
sift1m,50000,128,17,10,0.001000,none,64,64,64,64,0.0000,0.1000,0,1.817
sift1m,50000,128,17,10,0.001000,adaptive,64,512,512,512,0.0000,0.5000,0,14.066
sift1m,50000,128,17,10,0.001000,bloom,64,64,64,1,0.9844,0.1000,0,1.902
sift1m,50000,128,17,10,0.001000,both,64,512,512,13,0.9746,0.5000,0,13.680
sift1m,50000,128,17,10,0.001000,none,128,128,128,128,0.0000,0.1000,0,3.638
sift1m,50000,128,17,10,0.001000,adaptive,128,1024,1024,1024,0.0000,0.8000,0,26.505
sift1m,50000,128,17,10,0.001000,bloom,128,128,128,1,0.9922,0.1000,0,3.769
sift1m,50000,128,17,10,0.001000,both,128,1024,1024,31,0.9697,0.8000,0,26.572
sift1m,50000,128,18,10,0.001000,none,8,8,8,8,0.0000,0.0000,0,0.374
sift1m,50000,128,18,10,0.001000,adaptive,8,64,64,64,0.0000,0.2000,0,1.753
sift1m,50000,128,18,10,0.001000,bloom,8,8,8,0,1.0000,0.0000,0,0.266
sift1m,50000,128,18,10,0.001000,both,8,64,64,2,0.9688,0.2000,0,1.713
sift1m,50000,128,18,10,0.001000,none,16,16,16,16,0.0000,0.0000,0,0.483
sift1m,50000,128,18,10,0.001000,adaptive,16,128,128,128,0.0000,0.3000,0,3.332
sift1m,50000,128,18,10,0.001000,bloom,16,16,16,0,1.0000,0.0000,0,0.501
sift1m,50000,128,18,10,0.001000,both,16,128,128,3,0.9766,0.3000,0,3.298
sift1m,50000,128,18,10,0.001000,none,32,32,32,32,0.0000,0.0000,0,0.888
sift1m,50000,128,18,10,0.001000,adaptive,32,256,256,256,0.0000,0.4000,0,6.744
sift1m,50000,128,18,10,0.001000,bloom,32,32,32,0,1.0000,0.0000,0,0.942
sift1m,50000,128,18,10,0.001000,both,32,256,256,5,0.9805,0.4000,0,6.775
sift1m,50000,128,18,10,0.001000,none,64,64,64,64,0.0000,0.2000,0,1.757
sift1m,50000,128,18,10,0.001000,adaptive,64,512,512,512,0.0000,0.5000,0,13.638
sift1m,50000,128,18,10,0.001000,bloom,64,64,64,2,0.9688,0.2000,0,1.764
sift1m,50000,128,18,10,0.001000,both,64,512,512,9,0.9824,0.5000,0,13.714
sift1m,50000,128,18,10,0.001000,none,128,128,128,128,0.0000,0.3000,0,3.447
sift1m,50000,128,18,10,0.001000,adaptive,128,1024,1024,1024,0.0000,0.9000,0,27.238
sift1m,50000,128,18,10,0.001000,bloom,128,128,128,3,0.9766,0.3000,0,3.663
sift1m,50000,128,18,10,0.001000,both,128,1024,1024,25,0.9756,0.9000,0,26.866
sift1m,50000,128,19,10,0.001000,none,8,8,8,8,0.0000,0.0000,0,0.381
sift1m,50000,128,19,10,0.001000,adaptive,8,64,64,64,0.0000,0.0000,0,1.844
sift1m,50000,128,19,10,0.001000,bloom,8,8,8,0,1.0000,0.0000,0,0.272
sift1m,50000,128,19,10,0.001000,both,8,64,64,0,1.0000,0.0000,0,1.839
sift1m,50000,128,19,10,0.001000,none,16,16,16,16,0.0000,0.0000,0,0.531
sift1m,50000,128,19,10,0.001000,adaptive,16,128,128,128,0.0000,0.1000,0,3.710
sift1m,50000,128,19,10,0.001000,bloom,16,16,16,0,1.0000,0.0000,0,0.547
sift1m,50000,128,19,10,0.001000,both,16,128,128,1,0.9922,0.1000,0,3.578
sift1m,50000,128,19,10,0.001000,none,32,32,32,32,0.0000,0.0000,0,0.917
sift1m,50000,128,19,10,0.001000,adaptive,32,256,256,256,0.0000,0.3000,0,6.970
sift1m,50000,128,19,10,0.001000,bloom,32,32,32,0,1.0000,0.0000,0,0.920
sift1m,50000,128,19,10,0.001000,both,32,256,256,5,0.9805,0.3000,0,6.910
sift1m,50000,128,19,10,0.001000,none,64,64,64,64,0.0000,0.0000,0,1.788
sift1m,50000,128,19,10,0.001000,adaptive,64,512,512,512,0.0000,0.4000,0,14.000
sift1m,50000,128,19,10,0.001000,bloom,64,64,64,0,1.0000,0.0000,0,1.791
sift1m,50000,128,19,10,0.001000,both,64,512,512,11,0.9785,0.4000,0,13.612
sift1m,50000,128,19,10,0.001000,none,128,128,128,128,0.0000,0.1000,0,3.553
sift1m,50000,128,19,10,0.001000,adaptive,128,1024,1024,1024,0.0000,0.9000,0,26.575
sift1m,50000,128,19,10,0.001000,bloom,128,128,128,1,0.9922,0.1000,0,3.646
sift1m,50000,128,19,10,0.001000,both,128,1024,1024,25,0.9756,0.9000,0,26.758
sift1m,50000,128,20,10,0.001000,none,8,8,8,8,0.0000,0.1000,0,0.357
sift1m,50000,128,20,10,0.001000,adaptive,8,64,64,64,0.0000,0.3000,0,1.856
sift1m,50000,128,20,10,0.001000,bloom,8,8,8,1,0.8750,0.1000,0,0.300
sift1m,50000,128,20,10,0.001000,both,8,64,64,3,0.9531,0.3000,0,1.799
sift1m,50000,128,20,10,0.001000,none,16,16,16,16,0.0000,0.1000,0,0.482
sift1m,50000,128,20,10,0.001000,adaptive,16,128,128,128,0.0000,0.3000,0,3.576
sift1m,50000,128,20,10,0.001000,bloom,16,16,16,1,0.9375,0.1000,0,0.489
sift1m,50000,128,20,10,0.001000,both,16,128,128,6,0.9531,0.3000,0,3.464
sift1m,50000,128,20,10,0.001000,none,32,32,32,32,0.0000,0.2000,0,0.873
sift1m,50000,128,20,10,0.001000,adaptive,32,256,256,256,0.0000,0.4000,0,6.967
sift1m,50000,128,20,10,0.001000,bloom,32,32,32,2,0.9375,0.2000,0,0.891
sift1m,50000,128,20,10,0.001000,both,32,256,256,10,0.9609,0.4000,0,6.841
sift1m,50000,128,20,10,0.001000,none,64,64,64,64,0.0000,0.3000,0,1.718
sift1m,50000,128,20,10,0.001000,adaptive,64,512,512,512,0.0000,0.8000,0,13.712
sift1m,50000,128,20,10,0.001000,bloom,64,64,64,3,0.9531,0.3000,0,1.719
sift1m,50000,128,20,10,0.001000,both,64,512,512,22,0.9570,0.8000,0,13.576
sift1m,50000,128,20,10,0.001000,none,128,128,128,128,0.0000,0.3000,0,3.453
sift1m,50000,128,20,10,0.001000,adaptive,128,1024,1024,1024,0.0000,0.9000,0,26.805
sift1m,50000,128,20,10,0.001000,bloom,128,128,128,6,0.9531,0.3000,0,3.613
sift1m,50000,128,20,10,0.001000,both,128,1024,1024,34,0.9668,0.9000,0,26.955
sift1m,50000,128,21,10,0.001000,none,8,8,8,8,0.0000,0.0000,0,0.333
sift1m,50000,128,21,10,0.001000,adaptive,8,64,64,64,0.0000,0.1000,0,1.750
sift1m,50000,128,21,10,0.001000,bloom,8,8,8,0,1.0000,0.0000,0,0.269
sift1m,50000,128,21,10,0.001000,both,8,64,64,1,0.9844,0.1000,0,1.698
sift1m,50000,128,21,10,0.001000,none,16,16,16,16,0.0000,0.0000,0,0.436
sift1m,50000,128,21,10,0.001000,adaptive,16,128,128,128,0.0000,0.1000,0,3.303
sift1m,50000,128,21,10,0.001000,bloom,16,16,16,0,1.0000,0.0000,0,0.446
sift1m,50000,128,21,10,0.001000,both,16,128,128,1,0.9922,0.1000,0,3.294
sift1m,50000,128,21,10,0.001000,none,32,32,32,32,0.0000,0.0000,0,0.869
sift1m,50000,128,21,10,0.001000,adaptive,32,256,256,256,0.0000,0.4000,0,6.832
sift1m,50000,128,21,10,0.001000,bloom,32,32,32,0,1.0000,0.0000,0,0.863
sift1m,50000,128,21,10,0.001000,both,32,256,256,5,0.9805,0.4000,0,6.701
sift1m,50000,128,21,10,0.001000,none,64,64,64,64,0.0000,0.1000,0,1.690
sift1m,50000,128,21,10,0.001000,adaptive,64,512,512,512,0.0000,0.7000,0,13.562
sift1m,50000,128,21,10,0.001000,bloom,64,64,64,1,0.9844,0.1000,0,1.650
sift1m,50000,128,21,10,0.001000,both,64,512,512,18,0.9648,0.7000,0,13.229
sift1m,50000,128,21,10,0.001000,none,128,128,128,128,0.0000,0.1000,0,3.249
sift1m,50000,128,21,10,0.001000,adaptive,128,1024,1024,1024,0.0000,0.8000,0,26.670
sift1m,50000,128,21,10,0.001000,bloom,128,128,128,1,0.9922,0.1000,0,3.158
sift1m,50000,128,21,10,0.001000,both,128,1024,1024,28,0.9727,0.8000,0,26.756
sift1m,50000,128,22,10,0.001000,none,8,8,8,8,0.0000,0.0000,0,0.321
sift1m,50000,128,22,10,0.001000,adaptive,8,64,64,64,0.0000,0.1000,0,1.628
sift1m,50000,128,22,10,0.001000,bloom,8,8,8,0,1.0000,0.0000,0,0.234
sift1m,50000,128,22,10,0.001000,both,8,64,64,1,0.9844,0.1000,0,1.592
sift1m,50000,128,22,10,0.001000,none,16,16,16,16,0.0000,0.0000,0,0.435
sift1m,50000,128,22,10,0.001000,adaptive,16,128,128,128,0.0000,0.2000,0,3.161
sift1m,50000,128,22,10,0.001000,bloom,16,16,16,0,1.0000,0.0000,0,0.438
sift1m,50000,128,22,10,0.001000,both,16,128,128,2,0.9844,0.2000,0,3.147
sift1m,50000,128,22,10,0.001000,none,32,32,32,32,0.0000,0.0000,0,0.798
sift1m,50000,128,22,10,0.001000,adaptive,32,256,256,256,0.0000,0.5000,0,6.581
sift1m,50000,128,22,10,0.001000,bloom,32,32,32,0,1.0000,0.0000,0,0.800
sift1m,50000,128,22,10,0.001000,both,32,256,256,7,0.9727,0.5000,0,6.482
sift1m,50000,128,22,10,0.001000,none,64,64,64,64,0.0000,0.1000,0,1.576
sift1m,50000,128,22,10,0.001000,adaptive,64,512,512,512,0.0000,0.6000,0,13.235
sift1m,50000,128,22,10,0.001000,bloom,64,64,64,1,0.9844,0.1000,0,1.582
sift1m,50000,128,22,10,0.001000,both,64,512,512,9,0.9824,0.6000,0,13.513
sift1m,50000,128,22,10,0.001000,none,128,128,128,128,0.0000,0.2000,0,3.278
sift1m,50000,128,22,10,0.001000,adaptive,128,1024,1024,1024,0.0000,0.8000,0,27.493
sift1m,50000,128,22,10,0.001000,bloom,128,128,128,2,0.9844,0.2000,0,3.280
sift1m,50000,128,22,10,0.001000,both,128,1024,1024,25,0.9756,0.8000,0,27.384
sift1m,50000,128,23,10,0.001000,none,8,8,8,8,0.0000,0.0000,0,0.289
sift1m,50000,128,23,10,0.001000,adaptive,8,64,64,64,0.0000,0.1000,0,1.881
sift1m,50000,128,23,10,0.001000,bloom,8,8,8,0,1.0000,0.0000,0,0.251
sift1m,50000,128,23,10,0.001000,both,8,64,64,1,0.9844,0.1000,0,1.833
sift1m,50000,128,23,10,0.001000,none,16,16,16,16,0.0000,0.0000,0,0.471
sift1m,50000,128,23,10,0.001000,adaptive,16,128,128,128,0.0000,0.3000,0,3.509
sift1m,50000,128,23,10,0.001000,bloom,16,16,16,0,1.0000,0.0000,0,0.490
sift1m,50000,128,23,10,0.001000,both,16,128,128,3,0.9766,0.3000,0,3.518
sift1m,50000,128,23,10,0.001000,none,32,32,32,32,0.0000,0.1000,0,0.955
sift1m,50000,128,23,10,0.001000,adaptive,32,256,256,256,0.0000,0.5000,0,6.987
sift1m,50000,128,23,10,0.001000,bloom,32,32,32,1,0.9688,0.1000,0,1.017
sift1m,50000,128,23,10,0.001000,both,32,256,256,5,0.9805,0.5000,0,6.755
sift1m,50000,128,23,10,0.001000,none,64,64,64,64,0.0000,0.1000,0,1.736
sift1m,50000,128,23,10,0.001000,adaptive,64,512,512,512,0.0000,0.7000,0,13.460
sift1m,50000,128,23,10,0.001000,bloom,64,64,64,1,0.9844,0.1000,0,1.752
sift1m,50000,128,23,10,0.001000,both,64,512,512,11,0.9785,0.7000,0,12.912
sift1m,50000,128,23,10,0.001000,none,128,128,128,128,0.0000,0.3000,0,3.291
sift1m,50000,128,23,10,0.001000,adaptive,128,1024,1024,1024,0.0000,0.9000,0,26.578
sift1m,50000,128,23,10,0.001000,bloom,128,128,128,3,0.9766,0.3000,0,3.413
sift1m,50000,128,23,10,0.001000,both,128,1024,1024,34,0.9668,0.9000,0,26.616
sift1m,50000,128,24,10,0.001000,none,8,8,8,8,0.0000,0.1000,0,0.280
sift1m,50000,128,24,10,0.001000,adaptive,8,64,64,64,0.0000,0.3000,0,1.733
sift1m,50000,128,24,10,0.001000,bloom,8,8,8,1,0.8750,0.1000,0,0.219
sift1m,50000,128,24,10,0.001000,both,8,64,64,4,0.9375,0.3000,0,1.694
sift1m,50000,128,24,10,0.001000,none,16,16,16,16,0.0000,0.1000,0,0.425
sift1m,50000,128,24,10,0.001000,adaptive,16,128,128,128,0.0000,0.4000,0,3.410
sift1m,50000,128,24,10,0.001000,bloom,16,16,16,2,0.8750,0.1000,0,0.439
sift1m,50000,128,24,10,0.001000,both,16,128,128,5,0.9609,0.4000,0,3.375
sift1m,50000,128,24,10,0.001000,none,32,32,32,32,0.0000,0.1000,0,0.830
sift1m,50000,128,24,10,0.001000,adaptive,32,256,256,256,0.0000,0.5000,0,6.576
sift1m,50000,128,24,10,0.001000,bloom,32,32,32,2,0.9375,0.1000,0,0.846
sift1m,50000,128,24,10,0.001000,both,32,256,256,9,0.9648,0.5000,0,6.688
sift1m,50000,128,24,10,0.001000,none,64,64,64,64,0.0000,0.3000,0,1.729
sift1m,50000,128,24,10,0.001000,adaptive,64,512,512,512,0.0000,0.8000,0,13.401
sift1m,50000,128,24,10,0.001000,bloom,64,64,64,4,0.9375,0.3000,0,1.755
sift1m,50000,128,24,10,0.001000,both,64,512,512,15,0.9707,0.8000,0,13.168
sift1m,50000,128,24,10,0.001000,none,128,128,128,128,0.0000,0.4000,0,3.342
sift1m,50000,128,24,10,0.001000,adaptive,128,1024,1024,1024,0.0000,0.9000,0,26.574
sift1m,50000,128,24,10,0.001000,bloom,128,128,128,5,0.9609,0.4000,0,3.404
sift1m,50000,128,24,10,0.001000,both,128,1024,1024,25,0.9756,0.9000,0,26.301
sift1m,50000,128,25,10,0.001000,none,8,8,8,8,0.0000,0.0000,0,0.349
sift1m,50000,128,25,10,0.001000,adaptive,8,64,64,64,0.0000,0.2000,0,1.889
sift1m,50000,128,25,10,0.001000,bloom,8,8,8,0,1.0000,0.0000,0,0.277
sift1m,50000,128,25,10,0.001000,both,8,64,64,2,0.9688,0.2000,0,1.819
sift1m,50000,128,25,10,0.001000,none,16,16,16,16,0.0000,0.0000,0,0.500
sift1m,50000,128,25,10,0.001000,adaptive,16,128,128,128,0.0000,0.5000,0,3.448
sift1m,50000,128,25,10,0.001000,bloom,16,16,16,0,1.0000,0.0000,0,0.505
sift1m,50000,128,25,10,0.001000,both,16,128,128,7,0.9453,0.5000,0,3.395
sift1m,50000,128,25,10,0.001000,none,32,32,32,32,0.0000,0.0000,0,1.007
sift1m,50000,128,25,10,0.001000,adaptive,32,256,256,256,0.0000,0.7000,0,6.612
sift1m,50000,128,25,10,0.001000,bloom,32,32,32,0,1.0000,0.0000,0,0.965
sift1m,50000,128,25,10,0.001000,both,32,256,256,11,0.9570,0.7000,0,6.532
sift1m,50000,128,25,10,0.001000,none,64,64,64,64,0.0000,0.2000,0,1.787
sift1m,50000,128,25,10,0.001000,adaptive,64,512,512,512,0.0000,0.9000,0,13.328
sift1m,50000,128,25,10,0.001000,bloom,64,64,64,2,0.9688,0.2000,0,1.907
sift1m,50000,128,25,10,0.001000,both,64,512,512,20,0.9609,0.9000,0,13.197
sift1m,50000,128,25,10,0.001000,none,128,128,128,128,0.0000,0.5000,0,3.404
sift1m,50000,128,25,10,0.001000,adaptive,128,1024,1024,1024,0.0000,1.0000,0,26.587
sift1m,50000,128,25,10,0.001000,bloom,128,128,128,7,0.9453,0.5000,0,3.656
sift1m,50000,128,25,10,0.001000,both,128,1024,1024,34,0.9668,1.0000,0,26.415
sift1m,50000,128,26,10,0.001000,none,8,8,8,8,0.0000,0.0000,0,0.345
sift1m,50000,128,26,10,0.001000,adaptive,8,64,64,64,0.0000,0.0000,0,1.781
sift1m,50000,128,26,10,0.001000,bloom,8,8,8,0,1.0000,0.0000,0,0.283
sift1m,50000,128,26,10,0.001000,both,8,64,64,0,1.0000,0.0000,0,1.762
sift1m,50000,128,26,10,0.001000,none,16,16,16,16,0.0000,0.0000,0,0.458
sift1m,50000,128,26,10,0.001000,adaptive,16,128,128,128,0.0000,0.1000,0,3.265
sift1m,50000,128,26,10,0.001000,bloom,16,16,16,0,1.0000,0.0000,0,0.459
sift1m,50000,128,26,10,0.001000,both,16,128,128,1,0.9922,0.1000,0,3.259
sift1m,50000,128,26,10,0.001000,none,32,32,32,32,0.0000,0.0000,0,0.895
sift1m,50000,128,26,10,0.001000,adaptive,32,256,256,256,0.0000,0.4000,0,6.839
sift1m,50000,128,26,10,0.001000,bloom,32,32,32,0,1.0000,0.0000,0,0.934
sift1m,50000,128,26,10,0.001000,both,32,256,256,4,0.9844,0.4000,0,6.649
sift1m,50000,128,26,10,0.001000,none,64,64,64,64,0.0000,0.0000,0,1.769
sift1m,50000,128,26,10,0.001000,adaptive,64,512,512,512,0.0000,0.6000,0,13.446
sift1m,50000,128,26,10,0.001000,bloom,64,64,64,0,1.0000,0.0000,0,1.816
sift1m,50000,128,26,10,0.001000,both,64,512,512,8,0.9844,0.6000,0,13.302
sift1m,50000,128,26,10,0.001000,none,128,128,128,128,0.0000,0.1000,0,3.260
sift1m,50000,128,26,10,0.001000,adaptive,128,1024,1024,1024,0.0000,0.8000,0,26.955
sift1m,50000,128,26,10,0.001000,bloom,128,128,128,1,0.9922,0.1000,0,3.284
sift1m,50000,128,26,10,0.001000,both,128,1024,1024,22,0.9785,0.8000,0,26.699
sift1m,50000,128,27,10,0.001000,none,8,8,8,8,0.0000,0.1000,0,0.292
sift1m,50000,128,27,10,0.001000,adaptive,8,64,64,64,0.0000,0.3000,0,1.747
sift1m,50000,128,27,10,0.001000,bloom,8,8,8,1,0.8750,0.1000,0,0.233
sift1m,50000,128,27,10,0.001000,both,8,64,64,3,0.9531,0.3000,0,1.710
sift1m,50000,128,27,10,0.001000,none,16,16,16,16,0.0000,0.2000,0,0.456
sift1m,50000,128,27,10,0.001000,adaptive,16,128,128,128,0.0000,0.3000,0,3.493
sift1m,50000,128,27,10,0.001000,bloom,16,16,16,2,0.8750,0.2000,0,0.455
sift1m,50000,128,27,10,0.001000,both,16,128,128,4,0.9688,0.3000,0,3.476
sift1m,50000,128,27,10,0.001000,none,32,32,32,32,0.0000,0.2000,0,0.962
sift1m,50000,128,27,10,0.001000,adaptive,32,256,256,256,0.0000,0.5000,0,7.096
sift1m,50000,128,27,10,0.001000,bloom,32,32,32,2,0.9375,0.2000,0,0.958
sift1m,50000,128,27,10,0.001000,both,32,256,256,8,0.9688,0.5000,0,6.944
sift1m,50000,128,27,10,0.001000,none,64,64,64,64,0.0000,0.3000,0,1.713
sift1m,50000,128,27,10,0.001000,adaptive,64,512,512,512,0.0000,0.8000,0,13.790
sift1m,50000,128,27,10,0.001000,bloom,64,64,64,3,0.9531,0.3000,0,1.774
sift1m,50000,128,27,10,0.001000,both,64,512,512,17,0.9668,0.8000,0,13.664
sift1m,50000,128,27,10,0.001000,none,128,128,128,128,0.0000,0.3000,0,3.449
sift1m,50000,128,27,10,0.001000,adaptive,128,1024,1024,1024,0.0000,0.9000,0,26.652
sift1m,50000,128,27,10,0.001000,bloom,128,128,128,4,0.9688,0.3000,0,3.421
sift1m,50000,128,27,10,0.001000,both,128,1024,1024,36,0.9648,0.9000,0,26.429
sift1m,50000,128,28,10,0.001000,none,8,8,8,8,0.0000,0.0000,0,0.332
sift1m,50000,128,28,10,0.001000,adaptive,8,64,64,64,0.0000,0.0000,0,1.774
sift1m,50000,128,28,10,0.001000,bloom,8,8,8,0,1.0000,0.0000,0,0.272
sift1m,50000,128,28,10,0.001000,both,8,64,64,0,1.0000,0.0000,0,1.698
sift1m,50000,128,28,10,0.001000,none,16,16,16,16,0.0000,0.0000,0,0.502
sift1m,50000,128,28,10,0.001000,adaptive,16,128,128,128,0.0000,0.1000,0,3.319
sift1m,50000,128,28,10,0.001000,bloom,16,16,16,0,1.0000,0.0000,0,0.504
sift1m,50000,128,28,10,0.001000,both,16,128,128,1,0.9922,0.1000,0,3.287
sift1m,50000,128,28,10,0.001000,none,32,32,32,32,0.0000,0.0000,0,0.905
sift1m,50000,128,28,10,0.001000,adaptive,32,256,256,256,0.0000,0.2000,0,6.762
sift1m,50000,128,28,10,0.001000,bloom,32,32,32,0,1.0000,0.0000,0,0.912
sift1m,50000,128,28,10,0.001000,both,32,256,256,2,0.9922,0.2000,0,6.772
sift1m,50000,128,28,10,0.001000,none,64,64,64,64,0.0000,0.0000,0,1.711
sift1m,50000,128,28,10,0.001000,adaptive,64,512,512,512,0.0000,0.5000,0,13.336
sift1m,50000,128,28,10,0.001000,bloom,64,64,64,0,1.0000,0.0000,0,1.697
sift1m,50000,128,28,10,0.001000,both,64,512,512,7,0.9863,0.5000,0,13.440
sift1m,50000,128,28,10,0.001000,none,128,128,128,128,0.0000,0.1000,0,3.345
sift1m,50000,128,28,10,0.001000,adaptive,128,1024,1024,1024,0.0000,0.7000,0,26.768
sift1m,50000,128,28,10,0.001000,bloom,128,128,128,1,0.9922,0.1000,0,3.317
sift1m,50000,128,28,10,0.001000,both,128,1024,1024,21,0.9795,0.7000,0,26.491
sift1m,50000,128,29,10,0.001000,none,8,8,8,8,0.0000,0.0000,0,0.302
sift1m,50000,128,29,10,0.001000,adaptive,8,64,64,64,0.0000,0.1000,0,1.852
sift1m,50000,128,29,10,0.001000,bloom,8,8,8,0,1.0000,0.0000,0,0.253
sift1m,50000,128,29,10,0.001000,both,8,64,64,5,0.9219,0.1000,0,1.845
sift1m,50000,128,29,10,0.001000,none,16,16,16,16,0.0000,0.0000,0,0.472
sift1m,50000,128,29,10,0.001000,adaptive,16,128,128,128,0.0000,0.3000,0,3.476
sift1m,50000,128,29,10,0.001000,bloom,16,16,16,0,1.0000,0.0000,0,0.504
sift1m,50000,128,29,10,0.001000,both,16,128,128,7,0.9453,0.3000,0,3.647
sift1m,50000,128,29,10,0.001000,none,32,32,32,32,0.0000,0.1000,0,1.110
sift1m,50000,128,29,10,0.001000,adaptive,32,256,256,256,0.0000,0.5000,0,7.348
sift1m,50000,128,29,10,0.001000,bloom,32,32,32,2,0.9375,0.1000,0,0.963
sift1m,50000,128,29,10,0.001000,both,32,256,256,11,0.9570,0.5000,0,7.320
sift1m,50000,128,29,10,0.001000,none,64,64,64,64,0.0000,0.1000,0,1.886
sift1m,50000,128,29,10,0.001000,adaptive,64,512,512,512,0.0000,0.7000,0,14.882
sift1m,50000,128,29,10,0.001000,bloom,64,64,64,5,0.9219,0.1000,0,1.904
sift1m,50000,128,29,10,0.001000,both,64,512,512,20,0.9609,0.7000,0,14.896
sift1m,50000,128,29,10,0.001000,none,128,128,128,128,0.0000,0.3000,0,3.722
sift1m,50000,128,29,10,0.001000,adaptive,128,1024,1024,1024,0.0000,0.9000,0,29.500
sift1m,50000,128,29,10,0.001000,bloom,128,128,128,7,0.9453,0.3000,0,3.851
sift1m,50000,128,29,10,0.001000,both,128,1024,1024,38,0.9629,0.9000,0,28.865
sift1m,50000,128,30,10,0.001000,none,8,8,8,8,0.0000,0.0000,0,0.344
sift1m,50000,128,30,10,0.001000,adaptive,8,64,64,64,0.0000,0.0000,0,1.856
sift1m,50000,128,30,10,0.001000,bloom,8,8,8,0,1.0000,0.0000,0,0.247
sift1m,50000,128,30,10,0.001000,both,8,64,64,0,1.0000,0.0000,0,1.841
sift1m,50000,128,30,10,0.001000,none,16,16,16,16,0.0000,0.0000,0,0.437
sift1m,50000,128,30,10,0.001000,adaptive,16,128,128,128,0.0000,0.1000,0,3.722
sift1m,50000,128,30,10,0.001000,bloom,16,16,16,0,1.0000,0.0000,0,0.466
sift1m,50000,128,30,10,0.001000,both,16,128,128,1,0.9922,0.1000,0,3.690
sift1m,50000,128,30,10,0.001000,none,32,32,32,32,0.0000,0.0000,0,0.919
sift1m,50000,128,30,10,0.001000,adaptive,32,256,256,256,0.0000,0.3000,0,7.231
sift1m,50000,128,30,10,0.001000,bloom,32,32,32,0,1.0000,0.0000,0,0.965
sift1m,50000,128,30,10,0.001000,both,32,256,256,3,0.9883,0.3000,0,7.301
sift1m,50000,128,30,10,0.001000,none,64,64,64,64,0.0000,0.0000,0,1.865
sift1m,50000,128,30,10,0.001000,adaptive,64,512,512,512,0.0000,0.7000,0,14.301
sift1m,50000,128,30,10,0.001000,bloom,64,64,64,0,1.0000,0.0000,0,1.808
sift1m,50000,128,30,10,0.001000,both,64,512,512,9,0.9824,0.7000,0,13.542
sift1m,50000,128,30,10,0.001000,none,128,128,128,128,0.0000,0.1000,0,3.662
sift1m,50000,128,30,10,0.001000,adaptive,128,1024,1024,1024,0.0000,0.9000,0,26.283
sift1m,50000,128,30,10,0.001000,bloom,128,128,128,1,0.9922,0.1000,0,3.596
sift1m,50000,128,30,10,0.001000,both,128,1024,1024,23,0.9775,0.9000,0,26.151
sift1m,50000,128,31,10,0.001000,none,8,8,8,8,0.0000,0.0000,0,0.330
sift1m,50000,128,31,10,0.001000,adaptive,8,64,64,64,0.0000,0.3000,0,1.666
sift1m,50000,128,31,10,0.001000,bloom,8,8,8,0,1.0000,0.0000,0,0.265
sift1m,50000,128,31,10,0.001000,both,8,64,64,3,0.9531,0.3000,0,1.613
sift1m,50000,128,31,10,0.001000,none,16,16,16,16,0.0000,0.1000,0,0.419
sift1m,50000,128,31,10,0.001000,adaptive,16,128,128,128,0.0000,0.5000,0,3.354
sift1m,50000,128,31,10,0.001000,bloom,16,16,16,1,0.9375,0.1000,0,0.421
sift1m,50000,128,31,10,0.001000,both,16,128,128,5,0.9609,0.5000,0,3.338
sift1m,50000,128,31,10,0.001000,none,32,32,32,32,0.0000,0.2000,0,0.794
sift1m,50000,128,31,10,0.001000,adaptive,32,256,256,256,0.0000,0.5000,0,6.672
sift1m,50000,128,31,10,0.001000,bloom,32,32,32,2,0.9375,0.2000,0,0.813
sift1m,50000,128,31,10,0.001000,both,32,256,256,7,0.9727,0.5000,0,6.611
sift1m,50000,128,31,10,0.001000,none,64,64,64,64,0.0000,0.3000,0,1.614
sift1m,50000,128,31,10,0.001000,adaptive,64,512,512,512,0.0000,0.6000,0,13.322
sift1m,50000,128,31,10,0.001000,bloom,64,64,64,3,0.9531,0.3000,0,1.705
sift1m,50000,128,31,10,0.001000,both,64,512,512,10,0.9805,0.6000,0,13.633
sift1m,50000,128,31,10,0.001000,none,128,128,128,128,0.0000,0.5000,0,3.387
sift1m,50000,128,31,10,0.001000,adaptive,128,1024,1024,1024,0.0000,1.0000,0,26.719
sift1m,50000,128,31,10,0.001000,bloom,128,128,128,5,0.9609,0.5000,0,3.420
sift1m,50000,128,31,10,0.001000,both,128,1024,1024,29,0.9717,1.0000,0,26.746
sift1m,50000,128,32,10,0.001000,none,8,8,8,8,0.0000,0.0000,0,0.305
sift1m,50000,128,32,10,0.001000,adaptive,8,64,64,64,0.0000,0.2000,0,1.727
sift1m,50000,128,32,10,0.001000,bloom,8,8,8,0,1.0000,0.0000,0,0.257
sift1m,50000,128,32,10,0.001000,both,8,64,64,2,0.9688,0.2000,0,1.673
sift1m,50000,128,32,10,0.001000,none,16,16,16,16,0.0000,0.0000,0,0.398
sift1m,50000,128,32,10,0.001000,adaptive,16,128,128,128,0.0000,0.2000,0,3.410
sift1m,50000,128,32,10,0.001000,bloom,16,16,16,0,1.0000,0.0000,0,0.403
sift1m,50000,128,32,10,0.001000,both,16,128,128,2,0.9844,0.2000,0,3.418
sift1m,50000,128,32,10,0.001000,none,32,32,32,32,0.0000,0.0000,0,0.839
sift1m,50000,128,32,10,0.001000,adaptive,32,256,256,256,0.0000,0.5000,0,7.003
sift1m,50000,128,32,10,0.001000,bloom,32,32,32,0,1.0000,0.0000,0,0.831
sift1m,50000,128,32,10,0.001000,both,32,256,256,5,0.9805,0.5000,0,6.924
sift1m,50000,128,32,10,0.001000,none,64,64,64,64,0.0000,0.2000,0,1.712
sift1m,50000,128,32,10,0.001000,adaptive,64,512,512,512,0.0000,0.8000,0,13.931
sift1m,50000,128,32,10,0.001000,bloom,64,64,64,2,0.9688,0.2000,0,1.852
sift1m,50000,128,32,10,0.001000,both,64,512,512,19,0.9629,0.8000,0,13.796
sift1m,50000,128,32,10,0.001000,none,128,128,128,128,0.0000,0.2000,0,3.522
sift1m,50000,128,32,10,0.001000,adaptive,128,1024,1024,1024,0.0000,1.0000,0,27.841
sift1m,50000,128,32,10,0.001000,bloom,128,128,128,2,0.9844,0.2000,0,3.704
sift1m,50000,128,32,10,0.001000,both,128,1024,1024,31,0.9697,1.0000,0,27.346
sift1m,50000,128,33,10,0.001000,none,8,8,8,8,0.0000,0.0000,0,0.343
sift1m,50000,128,33,10,0.001000,adaptive,8,64,64,64,0.0000,0.0000,0,1.732
sift1m,50000,128,33,10,0.001000,bloom,8,8,8,0,1.0000,0.0000,0,0.237
sift1m,50000,128,33,10,0.001000,both,8,64,64,0,1.0000,0.0000,0,1.718
sift1m,50000,128,33,10,0.001000,none,16,16,16,16,0.0000,0.0000,0,0.467
sift1m,50000,128,33,10,0.001000,adaptive,16,128,128,128,0.0000,0.1000,0,3.437
sift1m,50000,128,33,10,0.001000,bloom,16,16,16,0,1.0000,0.0000,0,0.468
sift1m,50000,128,33,10,0.001000,both,16,128,128,2,0.9844,0.1000,0,3.406
sift1m,50000,128,33,10,0.001000,none,32,32,32,32,0.0000,0.0000,0,0.927
sift1m,50000,128,33,10,0.001000,adaptive,32,256,256,256,0.0000,0.3000,0,6.771
sift1m,50000,128,33,10,0.001000,bloom,32,32,32,0,1.0000,0.0000,0,0.916
sift1m,50000,128,33,10,0.001000,both,32,256,256,5,0.9805,0.3000,0,6.631
sift1m,50000,128,33,10,0.001000,none,64,64,64,64,0.0000,0.0000,0,1.698
sift1m,50000,128,33,10,0.001000,adaptive,64,512,512,512,0.0000,0.5000,0,13.486
sift1m,50000,128,33,10,0.001000,bloom,64,64,64,0,1.0000,0.0000,0,1.738
sift1m,50000,128,33,10,0.001000,both,64,512,512,9,0.9824,0.5000,0,13.034
sift1m,50000,128,33,10,0.001000,none,128,128,128,128,0.0000,0.1000,0,3.330
sift1m,50000,128,33,10,0.001000,adaptive,128,1024,1024,1024,0.0000,0.6000,0,26.268
sift1m,50000,128,33,10,0.001000,bloom,128,128,128,2,0.9844,0.1000,0,3.446
sift1m,50000,128,33,10,0.001000,both,128,1024,1024,15,0.9854,0.6000,0,26.134
sift1m,50000,128,34,10,0.001000,none,8,8,8,8,0.0000,0.0000,0,0.366
sift1m,50000,128,34,10,0.001000,adaptive,8,64,64,64,0.0000,0.0000,0,1.751
sift1m,50000,128,34,10,0.001000,bloom,8,8,8,0,1.0000,0.0000,0,0.257
sift1m,50000,128,34,10,0.001000,both,8,64,64,1,0.9844,0.0000,0,1.728
sift1m,50000,128,34,10,0.001000,none,16,16,16,16,0.0000,0.0000,0,0.427
sift1m,50000,128,34,10,0.001000,adaptive,16,128,128,128,0.0000,0.2000,0,3.270
sift1m,50000,128,34,10,0.001000,bloom,16,16,16,0,1.0000,0.0000,0,0.425
sift1m,50000,128,34,10,0.001000,both,16,128,128,3,0.9766,0.2000,0,3.294
sift1m,50000,128,34,10,0.001000,none,32,32,32,32,0.0000,0.0000,0,0.807
sift1m,50000,128,34,10,0.001000,adaptive,32,256,256,256,0.0000,0.3000,0,6.911
sift1m,50000,128,34,10,0.001000,bloom,32,32,32,0,1.0000,0.0000,0,0.819
sift1m,50000,128,34,10,0.001000,both,32,256,256,5,0.9805,0.3000,0,6.465
sift1m,50000,128,34,10,0.001000,none,64,64,64,64,0.0000,0.0000,0,1.668
sift1m,50000,128,34,10,0.001000,adaptive,64,512,512,512,0.0000,0.3000,0,13.150
sift1m,50000,128,34,10,0.001000,bloom,64,64,64,1,0.9844,0.0000,0,1.707
sift1m,50000,128,34,10,0.001000,both,64,512,512,5,0.9902,0.3000,0,12.841
sift1m,50000,128,34,10,0.001000,none,128,128,128,128,0.0000,0.2000,0,3.292
sift1m,50000,128,34,10,0.001000,adaptive,128,1024,1024,1024,0.0000,0.7000,0,26.247
sift1m,50000,128,34,10,0.001000,bloom,128,128,128,3,0.9766,0.2000,0,3.387
sift1m,50000,128,34,10,0.001000,both,128,1024,1024,17,0.9834,0.7000,0,26.184
sift1m,50000,128,35,10,0.001000,none,8,8,8,8,0.0000,0.0000,0,0.311
sift1m,50000,128,35,10,0.001000,adaptive,8,64,64,64,0.0000,0.1000,0,1.878
sift1m,50000,128,35,10,0.001000,bloom,8,8,8,0,1.0000,0.0000,0,0.221
sift1m,50000,128,35,10,0.001000,both,8,64,64,1,0.9844,0.1000,0,1.816
sift1m,50000,128,35,10,0.001000,none,16,16,16,16,0.0000,0.0000,0,0.441
sift1m,50000,128,35,10,0.001000,adaptive,16,128,128,128,0.0000,0.4000,0,3.440
sift1m,50000,128,35,10,0.001000,bloom,16,16,16,0,1.0000,0.0000,0,0.444
sift1m,50000,128,35,10,0.001000,both,16,128,128,5,0.9609,0.4000,0,3.819
sift1m,50000,128,35,10,0.001000,none,32,32,32,32,0.0000,0.0000,0,0.972
sift1m,50000,128,35,10,0.001000,adaptive,32,256,256,256,0.0000,0.7000,0,7.500
sift1m,50000,128,35,10,0.001000,bloom,32,32,32,0,1.0000,0.0000,0,0.961
sift1m,50000,128,35,10,0.001000,both,32,256,256,12,0.9531,0.7000,0,7.299
sift1m,50000,128,35,10,0.001000,none,64,64,64,64,0.0000,0.1000,0,1.930
sift1m,50000,128,35,10,0.001000,adaptive,64,512,512,512,0.0000,0.7000,0,14.616
sift1m,50000,128,35,10,0.001000,bloom,64,64,64,1,0.9844,0.1000,0,1.907
sift1m,50000,128,35,10,0.001000,both,64,512,512,21,0.9590,0.7000,0,14.442
sift1m,50000,128,35,10,0.001000,none,128,128,128,128,0.0000,0.4000,0,3.669
sift1m,50000,128,35,10,0.001000,adaptive,128,1024,1024,1024,0.0000,1.0000,0,29.323
sift1m,50000,128,35,10,0.001000,bloom,128,128,128,5,0.9609,0.4000,0,3.751
sift1m,50000,128,35,10,0.001000,both,128,1024,1024,40,0.9609,1.0000,0,28.321
sift1m,50000,128,36,10,0.001000,none,8,8,8,8,0.0000,0.0000,0,0.316
sift1m,50000,128,36,10,0.001000,adaptive,8,64,64,64,0.0000,0.1000,0,1.800
sift1m,50000,128,36,10,0.001000,bloom,8,8,8,0,1.0000,0.0000,0,0.240
sift1m,50000,128,36,10,0.001000,both,8,64,64,1,0.9844,0.1000,0,1.762
sift1m,50000,128,36,10,0.001000,none,16,16,16,16,0.0000,0.0000,0,0.441
sift1m,50000,128,36,10,0.001000,adaptive,16,128,128,128,0.0000,0.2000,0,3.262
sift1m,50000,128,36,10,0.001000,bloom,16,16,16,0,1.0000,0.0000,0,0.442
sift1m,50000,128,36,10,0.001000,both,16,128,128,4,0.9688,0.2000,0,3.234
sift1m,50000,128,36,10,0.001000,none,32,32,32,32,0.0000,0.1000,0,0.887
sift1m,50000,128,36,10,0.001000,adaptive,32,256,256,256,0.0000,0.3000,0,6.736
sift1m,50000,128,36,10,0.001000,bloom,32,32,32,1,0.9688,0.1000,0,0.899
sift1m,50000,128,36,10,0.001000,both,32,256,256,9,0.9648,0.3000,0,6.609
sift1m,50000,128,36,10,0.001000,none,64,64,64,64,0.0000,0.1000,0,1.753
sift1m,50000,128,36,10,0.001000,adaptive,64,512,512,512,0.0000,0.6000,0,13.495
sift1m,50000,128,36,10,0.001000,bloom,64,64,64,1,0.9844,0.1000,0,1.764
sift1m,50000,128,36,10,0.001000,both,64,512,512,15,0.9707,0.6000,0,13.402
sift1m,50000,128,36,10,0.001000,none,128,128,128,128,0.0000,0.2000,0,3.229
sift1m,50000,128,36,10,0.001000,adaptive,128,1024,1024,1024,0.0000,0.9000,0,26.935
sift1m,50000,128,36,10,0.001000,bloom,128,128,128,4,0.9688,0.2000,0,3.391
sift1m,50000,128,36,10,0.001000,both,128,1024,1024,30,0.9707,0.9000,0,27.203
sift1m,50000,128,37,10,0.001000,none,8,8,8,8,0.0000,0.1000,0,0.302
sift1m,50000,128,37,10,0.001000,adaptive,8,64,64,64,0.0000,0.2000,0,1.760
sift1m,50000,128,37,10,0.001000,bloom,8,8,8,1,0.8750,0.1000,0,0.261
sift1m,50000,128,37,10,0.001000,both,8,64,64,2,0.9688,0.2000,0,1.692
sift1m,50000,128,37,10,0.001000,none,16,16,16,16,0.0000,0.1000,0,0.472
sift1m,50000,128,37,10,0.001000,adaptive,16,128,128,128,0.0000,0.5000,0,3.294
sift1m,50000,128,37,10,0.001000,bloom,16,16,16,1,0.9375,0.1000,0,0.506
sift1m,50000,128,37,10,0.001000,both,16,128,128,12,0.9062,0.5000,0,3.277
sift1m,50000,128,37,10,0.001000,none,32,32,32,32,0.0000,0.1000,0,0.889
sift1m,50000,128,37,10,0.001000,adaptive,32,256,256,256,0.0000,0.6000,0,6.403
sift1m,50000,128,37,10,0.001000,bloom,32,32,32,1,0.9688,0.1000,0,0.895
sift1m,50000,128,37,10,0.001000,both,32,256,256,18,0.9297,0.6000,0,6.379
sift1m,50000,128,37,10,0.001000,none,64,64,64,64,0.0000,0.2000,0,1.717
sift1m,50000,128,37,10,0.001000,adaptive,64,512,512,512,0.0000,0.7000,0,13.187
sift1m,50000,128,37,10,0.001000,bloom,64,64,64,2,0.9688,0.2000,0,1.711
sift1m,50000,128,37,10,0.001000,both,64,512,512,26,0.9492,0.7000,0,13.079
sift1m,50000,128,37,10,0.001000,none,128,128,128,128,0.0000,0.5000,0,3.270
sift1m,50000,128,37,10,0.001000,adaptive,128,1024,1024,1024,0.0000,0.8000,0,26.556
sift1m,50000,128,37,10,0.001000,bloom,128,128,128,12,0.9062,0.5000,0,3.339
sift1m,50000,128,37,10,0.001000,both,128,1024,1024,41,0.9600,0.8000,0,26.957
sift1m,50000,128,38,10,0.001000,none,8,8,8,8,0.0000,0.0000,0,0.349
sift1m,50000,128,38,10,0.001000,adaptive,8,64,64,64,0.0000,0.1000,0,1.640
sift1m,50000,128,38,10,0.001000,bloom,8,8,8,0,1.0000,0.0000,0,0.233
sift1m,50000,128,38,10,0.001000,both,8,64,64,1,0.9844,0.1000,0,1.568
sift1m,50000,128,38,10,0.001000,none,16,16,16,16,0.0000,0.1000,0,0.407
sift1m,50000,128,38,10,0.001000,adaptive,16,128,128,128,0.0000,0.1000,0,3.358
sift1m,50000,128,38,10,0.001000,bloom,16,16,16,1,0.9375,0.1000,0,0.407
sift1m,50000,128,38,10,0.001000,both,16,128,128,1,0.9922,0.1000,0,3.330
sift1m,50000,128,38,10,0.001000,none,32,32,32,32,0.0000,0.1000,0,0.828
sift1m,50000,128,38,10,0.001000,adaptive,32,256,256,256,0.0000,0.3000,0,6.847
sift1m,50000,128,38,10,0.001000,bloom,32,32,32,1,0.9688,0.1000,0,0.826
sift1m,50000,128,38,10,0.001000,both,32,256,256,6,0.9766,0.3000,0,6.734
sift1m,50000,128,38,10,0.001000,none,64,64,64,64,0.0000,0.1000,0,1.571
sift1m,50000,128,38,10,0.001000,adaptive,64,512,512,512,0.0000,0.4000,0,13.956
sift1m,50000,128,38,10,0.001000,bloom,64,64,64,1,0.9844,0.1000,0,1.567
sift1m,50000,128,38,10,0.001000,both,64,512,512,9,0.9824,0.4000,0,13.676
sift1m,50000,128,38,10,0.001000,none,128,128,128,128,0.0000,0.1000,0,3.257
sift1m,50000,128,38,10,0.001000,adaptive,128,1024,1024,1024,0.0000,0.9000,0,27.638
sift1m,50000,128,38,10,0.001000,bloom,128,128,128,1,0.9922,0.1000,0,3.397
sift1m,50000,128,38,10,0.001000,both,128,1024,1024,22,0.9785,0.9000,0,27.211
sift1m,50000,128,39,10,0.001000,none,8,8,8,8,0.0000,0.0000,0,0.325
sift1m,50000,128,39,10,0.001000,adaptive,8,64,64,64,0.0000,0.1000,0,1.867
sift1m,50000,128,39,10,0.001000,bloom,8,8,8,0,1.0000,0.0000,0,0.296
sift1m,50000,128,39,10,0.001000,both,8,64,64,1,0.9844,0.1000,0,1.824
sift1m,50000,128,39,10,0.001000,none,16,16,16,16,0.0000,0.0000,0,0.565
sift1m,50000,128,39,10,0.001000,adaptive,16,128,128,128,0.0000,0.1000,0,3.554
sift1m,50000,128,39,10,0.001000,bloom,16,16,16,0,1.0000,0.0000,0,0.561
sift1m,50000,128,39,10,0.001000,both,16,128,128,2,0.9844,0.1000,0,3.537
sift1m,50000,128,39,10,0.001000,none,32,32,32,32,0.0000,0.0000,0,1.028
sift1m,50000,128,39,10,0.001000,adaptive,32,256,256,256,0.0000,0.3000,0,7.009
sift1m,50000,128,39,10,0.001000,bloom,32,32,32,0,1.0000,0.0000,0,1.020
sift1m,50000,128,39,10,0.001000,both,32,256,256,6,0.9766,0.3000,0,6.967
sift1m,50000,128,39,10,0.001000,none,64,64,64,64,0.0000,0.1000,0,1.833
sift1m,50000,128,39,10,0.001000,adaptive,64,512,512,512,0.0000,0.4000,0,13.969
sift1m,50000,128,39,10,0.001000,bloom,64,64,64,1,0.9844,0.1000,0,1.828
sift1m,50000,128,39,10,0.001000,both,64,512,512,9,0.9824,0.4000,0,13.892
sift1m,50000,128,39,10,0.001000,none,128,128,128,128,0.0000,0.1000,0,3.529
sift1m,50000,128,39,10,0.001000,adaptive,128,1024,1024,1024,0.0000,0.7000,0,27.427
sift1m,50000,128,39,10,0.001000,bloom,128,128,128,2,0.9844,0.1000,0,3.505
sift1m,50000,128,39,10,0.001000,both,128,1024,1024,18,0.9824,0.7000,0,26.678
sift1m,50000,128,40,10,0.001000,none,8,8,8,8,0.0000,0.1000,0,0.365
sift1m,50000,128,40,10,0.001000,adaptive,8,64,64,64,0.0000,0.4000,0,1.780
sift1m,50000,128,40,10,0.001000,bloom,8,8,8,1,0.8750,0.1000,0,0.294
sift1m,50000,128,40,10,0.001000,both,8,64,64,6,0.9062,0.4000,0,1.716
sift1m,50000,128,40,10,0.001000,none,16,16,16,16,0.0000,0.1000,0,0.505
sift1m,50000,128,40,10,0.001000,adaptive,16,128,128,128,0.0000,0.4000,0,3.469
sift1m,50000,128,40,10,0.001000,bloom,16,16,16,2,0.8750,0.1000,0,0.498
sift1m,50000,128,40,10,0.001000,both,16,128,128,7,0.9453,0.4000,0,3.442
sift1m,50000,128,40,10,0.001000,none,32,32,32,32,0.0000,0.3000,0,0.901
sift1m,50000,128,40,10,0.001000,adaptive,32,256,256,256,0.0000,0.6000,0,6.885
sift1m,50000,128,40,10,0.001000,bloom,32,32,32,5,0.8438,0.3000,0,0.896
sift1m,50000,128,40,10,0.001000,both,32,256,256,10,0.9609,0.6000,0,6.941
sift1m,50000,128,40,10,0.001000,none,64,64,64,64,0.0000,0.4000,0,1.726
sift1m,50000,128,40,10,0.001000,adaptive,64,512,512,512,0.0000,0.7000,0,13.709
sift1m,50000,128,40,10,0.001000,bloom,64,64,64,6,0.9062,0.4000,0,1.743
sift1m,50000,128,40,10,0.001000,both,64,512,512,17,0.9668,0.7000,0,13.601
sift1m,50000,128,40,10,0.001000,none,128,128,128,128,0.0000,0.4000,0,3.425
sift1m,50000,128,40,10,0.001000,adaptive,128,1024,1024,1024,0.0000,0.9000,0,28.121
sift1m,50000,128,40,10,0.001000,bloom,128,128,128,7,0.9453,0.4000,0,3.788
sift1m,50000,128,40,10,0.001000,both,128,1024,1024,31,0.9697,0.9000,0,29.639
sift1m,50000,128,41,10,0.001000,none,8,8,8,8,0.0000,0.0000,0,0.334
sift1m,50000,128,41,10,0.001000,adaptive,8,64,64,64,0.0000,0.0000,0,1.729
sift1m,50000,128,41,10,0.001000,bloom,8,8,8,0,1.0000,0.0000,0,0.247
sift1m,50000,128,41,10,0.001000,both,8,64,64,0,1.0000,0.0000,0,1.801
sift1m,50000,128,41,10,0.001000,none,16,16,16,16,0.0000,0.0000,0,0.440
sift1m,50000,128,41,10,0.001000,adaptive,16,128,128,128,0.0000,0.0000,0,3.452
sift1m,50000,128,41,10,0.001000,bloom,16,16,16,0,1.0000,0.0000,0,0.470
sift1m,50000,128,41,10,0.001000,both,16,128,128,0,1.0000,0.0000,0,3.448
sift1m,50000,128,41,10,0.001000,none,32,32,32,32,0.0000,0.0000,0,0.863
sift1m,50000,128,41,10,0.001000,adaptive,32,256,256,256,0.0000,0.0000,0,7.079
sift1m,50000,128,41,10,0.001000,bloom,32,32,32,0,1.0000,0.0000,0,0.860
sift1m,50000,128,41,10,0.001000,both,32,256,256,0,1.0000,0.0000,0,7.020
sift1m,50000,128,41,10,0.001000,none,64,64,64,64,0.0000,0.0000,0,1.685
sift1m,50000,128,41,10,0.001000,adaptive,64,512,512,512,0.0000,0.4000,0,14.295
sift1m,50000,128,41,10,0.001000,bloom,64,64,64,0,1.0000,0.0000,0,1.723
sift1m,50000,128,41,10,0.001000,both,64,512,512,3,0.9941,0.4000,0,14.100
sift1m,50000,128,41,10,0.001000,none,128,128,128,128,0.0000,0.0000,0,3.393
sift1m,50000,128,41,10,0.001000,adaptive,128,1024,1024,1024,0.0000,0.6000,0,27.044
sift1m,50000,128,41,10,0.001000,bloom,128,128,128,0,1.0000,0.0000,0,3.203
sift1m,50000,128,41,10,0.001000,both,128,1024,1024,17,0.9834,0.6000,0,26.173
sift1m,50000,128,42,10,0.001000,none,8,8,8,8,0.0000,0.0000,0,0.354
sift1m,50000,128,42,10,0.001000,adaptive,8,64,64,64,0.0000,0.0000,0,1.724
sift1m,50000,128,42,10,0.001000,bloom,8,8,8,0,1.0000,0.0000,0,0.221
sift1m,50000,128,42,10,0.001000,both,8,64,64,0,1.0000,0.0000,0,1.696
sift1m,50000,128,42,10,0.001000,none,16,16,16,16,0.0000,0.0000,0,0.453
sift1m,50000,128,42,10,0.001000,adaptive,16,128,128,128,0.0000,0.2000,0,3.421
sift1m,50000,128,42,10,0.001000,bloom,16,16,16,0,1.0000,0.0000,0,0.428
sift1m,50000,128,42,10,0.001000,both,16,128,128,3,0.9766,0.2000,0,3.370
sift1m,50000,128,42,10,0.001000,none,32,32,32,32,0.0000,0.0000,0,0.880
sift1m,50000,128,42,10,0.001000,adaptive,32,256,256,256,0.0000,0.5000,0,6.754
sift1m,50000,128,42,10,0.001000,bloom,32,32,32,0,1.0000,0.0000,0,0.888
sift1m,50000,128,42,10,0.001000,both,32,256,256,8,0.9688,0.5000,0,6.707
sift1m,50000,128,42,10,0.001000,none,64,64,64,64,0.0000,0.0000,0,1.653
sift1m,50000,128,42,10,0.001000,adaptive,64,512,512,512,0.0000,0.8000,0,13.556
sift1m,50000,128,42,10,0.001000,bloom,64,64,64,0,1.0000,0.0000,0,1.693
sift1m,50000,128,42,10,0.001000,both,64,512,512,13,0.9746,0.8000,0,13.639
sift1m,50000,128,42,10,0.001000,none,128,128,128,128,0.0000,0.2000,0,3.392
sift1m,50000,128,42,10,0.001000,adaptive,128,1024,1024,1024,0.0000,0.9000,0,26.897
sift1m,50000,128,42,10,0.001000,bloom,128,128,128,3,0.9766,0.2000,0,3.508
sift1m,50000,128,42,10,0.001000,both,128,1024,1024,18,0.9824,0.9000,0,27.032
sift1m,50000,128,43,10,0.001000,none,8,8,8,8,0.0000,0.0000,0,0.343
sift1m,50000,128,43,10,0.001000,adaptive,8,64,64,64,0.0000,0.0000,0,1.806
sift1m,50000,128,43,10,0.001000,bloom,8,8,8,0,1.0000,0.0000,0,0.262
sift1m,50000,128,43,10,0.001000,both,8,64,64,0,1.0000,0.0000,0,1.808
sift1m,50000,128,43,10,0.001000,none,16,16,16,16,0.0000,0.0000,0,0.519
sift1m,50000,128,43,10,0.001000,adaptive,16,128,128,128,0.0000,0.1000,0,3.391
sift1m,50000,128,43,10,0.001000,bloom,16,16,16,0,1.0000,0.0000,0,0.472
sift1m,50000,128,43,10,0.001000,both,16,128,128,1,0.9922,0.1000,0,3.336
sift1m,50000,128,43,10,0.001000,none,32,32,32,32,0.0000,0.0000,0,0.879
sift1m,50000,128,43,10,0.001000,adaptive,32,256,256,256,0.0000,0.1000,0,6.859
sift1m,50000,128,43,10,0.001000,bloom,32,32,32,0,1.0000,0.0000,0,0.910
sift1m,50000,128,43,10,0.001000,both,32,256,256,1,0.9961,0.1000,0,6.729
sift1m,50000,128,43,10,0.001000,none,64,64,64,64,0.0000,0.0000,0,1.684
sift1m,50000,128,43,10,0.001000,adaptive,64,512,512,512,0.0000,0.5000,0,13.277
sift1m,50000,128,43,10,0.001000,bloom,64,64,64,0,1.0000,0.0000,0,1.742
sift1m,50000,128,43,10,0.001000,both,64,512,512,7,0.9863,0.5000,0,13.443
sift1m,50000,128,43,10,0.001000,none,128,128,128,128,0.0000,0.1000,0,3.328
sift1m,50000,128,43,10,0.001000,adaptive,128,1024,1024,1024,0.0000,0.8000,0,27.425
sift1m,50000,128,43,10,0.001000,bloom,128,128,128,1,0.9922,0.1000,0,3.499
sift1m,50000,128,43,10,0.001000,both,128,1024,1024,25,0.9756,0.8000,0,26.963
sift1m,50000,128,44,10,0.001000,none,8,8,8,8,0.0000,0.0000,0,0.366
sift1m,50000,128,44,10,0.001000,adaptive,8,64,64,64,0.0000,0.1000,0,1.717
sift1m,50000,128,44,10,0.001000,bloom,8,8,8,0,1.0000,0.0000,0,0.257
sift1m,50000,128,44,10,0.001000,both,8,64,64,1,0.9844,0.1000,0,1.654
sift1m,50000,128,44,10,0.001000,none,16,16,16,16,0.0000,0.0000,0,0.423
sift1m,50000,128,44,10,0.001000,adaptive,16,128,128,128,0.0000,0.4000,0,3.435
sift1m,50000,128,44,10,0.001000,bloom,16,16,16,0,1.0000,0.0000,0,0.429
sift1m,50000,128,44,10,0.001000,both,16,128,128,5,0.9609,0.4000,0,3.438
sift1m,50000,128,44,10,0.001000,none,32,32,32,32,0.0000,0.1000,0,0.830
sift1m,50000,128,44,10,0.001000,adaptive,32,256,256,256,0.0000,0.7000,0,6.986
sift1m,50000,128,44,10,0.001000,bloom,32,32,32,1,0.9688,0.1000,0,0.852
sift1m,50000,128,44,10,0.001000,both,32,256,256,15,0.9414,0.7000,0,6.769
sift1m,50000,128,44,10,0.001000,none,64,64,64,64,0.0000,0.1000,0,1.668
sift1m,50000,128,44,10,0.001000,adaptive,64,512,512,512,0.0000,0.9000,0,13.820
sift1m,50000,128,44,10,0.001000,bloom,64,64,64,1,0.9844,0.1000,0,1.673
sift1m,50000,128,44,10,0.001000,both,64,512,512,29,0.9434,0.9000,0,13.713
sift1m,50000,128,44,10,0.001000,none,128,128,128,128,0.0000,0.4000,0,3.442
sift1m,50000,128,44,10,0.001000,adaptive,128,1024,1024,1024,0.0000,1.0000,0,27.289
sift1m,50000,128,44,10,0.001000,bloom,128,128,128,5,0.9609,0.4000,0,3.473
sift1m,50000,128,44,10,0.001000,both,128,1024,1024,61,0.9404,1.0000,0,27.044
sift1m,50000,128,45,10,0.001000,none,8,8,8,8,0.0000,0.0000,0,0.332
sift1m,50000,128,45,10,0.001000,adaptive,8,64,64,64,0.0000,0.3000,0,1.810
sift1m,50000,128,45,10,0.001000,bloom,8,8,8,0,1.0000,0.0000,0,0.240
sift1m,50000,128,45,10,0.001000,both,8,64,64,4,0.9375,0.3000,0,1.796
sift1m,50000,128,45,10,0.001000,none,16,16,16,16,0.0000,0.0000,0,0.444
sift1m,50000,128,45,10,0.001000,adaptive,16,128,128,128,0.0000,0.6000,0,3.549
sift1m,50000,128,45,10,0.001000,bloom,16,16,16,0,1.0000,0.0000,0,0.442
sift1m,50000,128,45,10,0.001000,both,16,128,128,8,0.9375,0.6000,0,3.608
sift1m,50000,128,45,10,0.001000,none,32,32,32,32,0.0000,0.1000,0,0.889
sift1m,50000,128,45,10,0.001000,adaptive,32,256,256,256,0.0000,0.8000,0,7.041
sift1m,50000,128,45,10,0.001000,bloom,32,32,32,2,0.9375,0.1000,0,0.870
sift1m,50000,128,45,10,0.001000,both,32,256,256,17,0.9336,0.8000,0,6.936
sift1m,50000,128,45,10,0.001000,none,64,64,64,64,0.0000,0.3000,0,1.773
sift1m,50000,128,45,10,0.001000,adaptive,64,512,512,512,0.0000,0.8000,0,13.824
sift1m,50000,128,45,10,0.001000,bloom,64,64,64,4,0.9375,0.3000,0,1.762
sift1m,50000,128,45,10,0.001000,both,64,512,512,21,0.9590,0.8000,0,13.552
sift1m,50000,128,45,10,0.001000,none,128,128,128,128,0.0000,0.6000,0,3.479
sift1m,50000,128,45,10,0.001000,adaptive,128,1024,1024,1024,0.0000,1.0000,0,26.620
sift1m,50000,128,45,10,0.001000,bloom,128,128,128,8,0.9375,0.6000,0,3.532
sift1m,50000,128,45,10,0.001000,both,128,1024,1024,34,0.9668,1.0000,0,29.051
sift1m,50000,128,46,10,0.001000,none,8,8,8,8,0.0000,0.1000,0,0.334
sift1m,50000,128,46,10,0.001000,adaptive,8,64,64,64,0.0000,0.3000,0,1.946
sift1m,50000,128,46,10,0.001000,bloom,8,8,8,3,0.6250,0.1000,0,0.248
sift1m,50000,128,46,10,0.001000,both,8,64,64,8,0.8750,0.3000,0,1.888
sift1m,50000,128,46,10,0.001000,none,16,16,16,16,0.0000,0.1000,0,0.466
sift1m,50000,128,46,10,0.001000,adaptive,16,128,128,128,0.0000,0.4000,0,3.669
sift1m,50000,128,46,10,0.001000,bloom,16,16,16,3,0.8125,0.1000,0,0.476
sift1m,50000,128,46,10,0.001000,both,16,128,128,11,0.9141,0.4000,0,3.919
sift1m,50000,128,46,10,0.001000,none,32,32,32,32,0.0000,0.1000,0,1.013
sift1m,50000,128,46,10,0.001000,adaptive,32,256,256,256,0.0000,0.8000,0,7.479
sift1m,50000,128,46,10,0.001000,bloom,32,32,32,5,0.8438,0.1000,0,0.944
sift1m,50000,128,46,10,0.001000,both,32,256,256,17,0.9336,0.8000,0,7.299
sift1m,50000,128,46,10,0.001000,none,64,64,64,64,0.0000,0.3000,0,1.861
sift1m,50000,128,46,10,0.001000,adaptive,64,512,512,512,0.0000,0.9000,0,15.079
sift1m,50000,128,46,10,0.001000,bloom,64,64,64,8,0.8750,0.3000,0,1.891
sift1m,50000,128,46,10,0.001000,both,64,512,512,32,0.9375,0.9000,0,14.725
sift1m,50000,128,46,10,0.001000,none,128,128,128,128,0.0000,0.4000,0,3.660
sift1m,50000,128,46,10,0.001000,adaptive,128,1024,1024,1024,0.0000,1.0000,0,27.847
sift1m,50000,128,46,10,0.001000,bloom,128,128,128,11,0.9141,0.4000,0,3.485
sift1m,50000,128,46,10,0.001000,both,128,1024,1024,65,0.9365,1.0000,0,27.068
sift1m,50000,128,47,10,0.001000,none,8,8,8,8,0.0000,0.0000,0,0.379
sift1m,50000,128,47,10,0.001000,adaptive,8,64,64,64,0.0000,0.1000,0,1.840
sift1m,50000,128,47,10,0.001000,bloom,8,8,8,0,1.0000,0.0000,0,0.293
sift1m,50000,128,47,10,0.001000,both,8,64,64,1,0.9844,0.1000,0,1.807
sift1m,50000,128,47,10,0.001000,none,16,16,16,16,0.0000,0.0000,0,0.491
sift1m,50000,128,47,10,0.001000,adaptive,16,128,128,128,0.0000,0.2000,0,3.688
sift1m,50000,128,47,10,0.001000,bloom,16,16,16,0,1.0000,0.0000,0,0.558
sift1m,50000,128,47,10,0.001000,both,16,128,128,2,0.9844,0.2000,0,3.682
sift1m,50000,128,47,10,0.001000,none,32,32,32,32,0.0000,0.1000,0,0.922
sift1m,50000,128,47,10,0.001000,adaptive,32,256,256,256,0.0000,0.6000,0,7.212
sift1m,50000,128,47,10,0.001000,bloom,32,32,32,1,0.9688,0.1000,0,0.936
sift1m,50000,128,47,10,0.001000,both,32,256,256,10,0.9609,0.6000,0,7.190
sift1m,50000,128,47,10,0.001000,none,64,64,64,64,0.0000,0.1000,0,1.865
sift1m,50000,128,47,10,0.001000,adaptive,64,512,512,512,0.0000,0.9000,0,14.240
sift1m,50000,128,47,10,0.001000,bloom,64,64,64,1,0.9844,0.1000,0,1.872
sift1m,50000,128,47,10,0.001000,both,64,512,512,23,0.9551,0.9000,0,13.993
sift1m,50000,128,47,10,0.001000,none,128,128,128,128,0.0000,0.2000,0,3.654
sift1m,50000,128,47,10,0.001000,adaptive,128,1024,1024,1024,0.0000,1.0000,0,28.394
sift1m,50000,128,47,10,0.001000,bloom,128,128,128,2,0.9844,0.2000,0,3.658
sift1m,50000,128,47,10,0.001000,both,128,1024,1024,51,0.9502,1.0000,0,27.714
sift1m,50000,128,48,10,0.001000,none,8,8,8,8,0.0000,0.0000,0,0.386
sift1m,50000,128,48,10,0.001000,adaptive,8,64,64,64,0.0000,0.1000,0,1.834
sift1m,50000,128,48,10,0.001000,bloom,8,8,8,0,1.0000,0.0000,0,0.280
sift1m,50000,128,48,10,0.001000,both,8,64,64,2,0.9688,0.1000,0,1.782
sift1m,50000,128,48,10,0.001000,none,16,16,16,16,0.0000,0.0000,0,0.481
sift1m,50000,128,48,10,0.001000,adaptive,16,128,128,128,0.0000,0.1000,0,3.728
sift1m,50000,128,48,10,0.001000,bloom,16,16,16,0,1.0000,0.0000,0,0.471
sift1m,50000,128,48,10,0.001000,both,16,128,128,2,0.9844,0.1000,0,3.648
sift1m,50000,128,48,10,0.001000,none,32,32,32,32,0.0000,0.1000,0,0.953
sift1m,50000,128,48,10,0.001000,adaptive,32,256,256,256,0.0000,0.2000,0,7.037
sift1m,50000,128,48,10,0.001000,bloom,32,32,32,2,0.9375,0.1000,0,0.963
sift1m,50000,128,48,10,0.001000,both,32,256,256,4,0.9844,0.2000,0,6.965
sift1m,50000,128,48,10,0.001000,none,64,64,64,64,0.0000,0.1000,0,1.772
sift1m,50000,128,48,10,0.001000,adaptive,64,512,512,512,0.0000,0.2000,0,14.211
sift1m,50000,128,48,10,0.001000,bloom,64,64,64,2,0.9688,0.1000,0,1.786
sift1m,50000,128,48,10,0.001000,both,64,512,512,7,0.9863,0.2000,0,13.827
sift1m,50000,128,48,10,0.001000,none,128,128,128,128,0.0000,0.1000,0,3.652
sift1m,50000,128,48,10,0.001000,adaptive,128,1024,1024,1024,0.0000,0.7000,0,27.428
sift1m,50000,128,48,10,0.001000,bloom,128,128,128,2,0.9844,0.1000,0,3.655
sift1m,50000,128,48,10,0.001000,both,128,1024,1024,16,0.9844,0.7000,0,27.221
sift1m,50000,128,49,10,0.001000,none,8,8,8,8,0.0000,0.0000,0,0.322
sift1m,50000,128,49,10,0.001000,adaptive,8,64,64,64,0.0000,0.1000,0,1.628
sift1m,50000,128,49,10,0.001000,bloom,8,8,8,0,1.0000,0.0000,0,0.276
sift1m,50000,128,49,10,0.001000,both,8,64,64,1,0.9844,0.1000,0,1.620
sift1m,50000,128,49,10,0.001000,none,16,16,16,16,0.0000,0.0000,0,0.417
sift1m,50000,128,49,10,0.001000,adaptive,16,128,128,128,0.0000,0.2000,0,3.129
sift1m,50000,128,49,10,0.001000,bloom,16,16,16,0,1.0000,0.0000,0,0.420
sift1m,50000,128,49,10,0.001000,both,16,128,128,2,0.9844,0.2000,0,3.082
sift1m,50000,128,49,10,0.001000,none,32,32,32,32,0.0000,0.1000,0,0.827
sift1m,50000,128,49,10,0.001000,adaptive,32,256,256,256,0.0000,0.4000,0,6.416
sift1m,50000,128,49,10,0.001000,bloom,32,32,32,1,0.9688,0.1000,0,0.898
sift1m,50000,128,49,10,0.001000,both,32,256,256,4,0.9844,0.4000,0,6.431
sift1m,50000,128,49,10,0.001000,none,64,64,64,64,0.0000,0.1000,0,1.606
sift1m,50000,128,49,10,0.001000,adaptive,64,512,512,512,0.0000,0.5000,0,13.211
sift1m,50000,128,49,10,0.001000,bloom,64,64,64,1,0.9844,0.1000,0,1.620
sift1m,50000,128,49,10,0.001000,both,64,512,512,8,0.9844,0.5000,0,12.981
sift1m,50000,128,49,10,0.001000,none,128,128,128,128,0.0000,0.2000,0,3.129
sift1m,50000,128,49,10,0.001000,adaptive,128,1024,1024,1024,0.0000,0.7000,0,27.291
sift1m,50000,128,49,10,0.001000,bloom,128,128,128,2,0.9844,0.2000,0,3.496
sift1m,50000,128,49,10,0.001000,both,128,1024,1024,19,0.9814,0.7000,0,28.620
