dataset,n_records,dim,query_id,k,selectivity,cell,adaptive,bloom,synopsis,nprobe_used,heads_rng,heads_fetched,drop_ratio,recall_at_k,candidates_before_filter,candidates_after_filter,latency_ms,audit_ms,bad_drops
sift1m,10000,128,0,10,0.010000,000,0,0,0,512,512,512,0.0000,1.0000,16561,142,12.720,0.003,0
sift1m,10000,128,0,10,0.010000,100,1,0,0,512,512,512,0.0000,1.0000,16561,142,12.408,0.004,0
sift1m,10000,128,0,10,0.010000,010,0,1,0,512,512,145,0.7168,1.0000,5054,166,4.230,8.586,0
sift1m,10000,128,0,10,0.010000,001,0,0,1,512,512,136,0.7344,1.0000,4785,161,4.106,8.696,0
sift1m,10000,128,0,10,0.010000,110,1,1,0,512,512,145,0.7168,1.0000,5054,166,4.187,8.652,0
sift1m,10000,128,0,10,0.010000,101,1,0,1,512,512,136,0.7344,1.0000,4785,161,4.020,8.542,0
sift1m,10000,128,0,10,0.010000,011,0,1,1,512,512,138,0.7305,1.0000,4913,161,4.072,8.412,0
sift1m,10000,128,0,10,0.010000,111,1,1,1,512,512,138,0.7305,1.0000,4913,161,4.026,8.528,0
sift1m,10000,128,1,10,0.010000,000,0,0,0,512,512,512,0.0000,1.0000,16594,138,12.496,0.004,0
sift1m,10000,128,1,10,0.010000,100,1,0,0,512,512,512,0.0000,1.0000,16594,138,12.427,0.004,0
sift1m,10000,128,1,10,0.010000,010,0,1,0,512,512,145,0.7168,1.0000,5143,164,4.302,8.580,0
sift1m,10000,128,1,10,0.010000,001,0,0,1,512,512,133,0.7402,1.0000,4717,156,3.961,8.554,0
sift1m,10000,128,1,10,0.010000,110,1,1,0,512,512,145,0.7168,1.0000,5143,164,4.183,8.553,0
sift1m,10000,128,1,10,0.010000,101,1,0,1,512,512,133,0.7402,1.0000,4717,156,3.890,8.572,0
sift1m,10000,128,1,10,0.010000,011,0,1,1,512,512,138,0.7305,1.0000,4848,157,4.154,8.777,0
sift1m,10000,128,1,10,0.010000,111,1,1,1,512,512,138,0.7305,1.0000,4848,157,4.014,8.588,0
sift1m,10000,128,2,10,0.010000,000,0,0,0,512,512,512,0.0000,1.0000,16827,195,12.885,0.004,0
sift1m,10000,128,2,10,0.010000,100,1,0,0,512,512,512,0.0000,1.0000,16827,195,12.683,0.004,0
sift1m,10000,128,2,10,0.010000,010,0,1,0,512,512,171,0.6660,1.0000,6365,209,5.279,7.369,0
sift1m,10000,128,2,10,0.010000,001,0,0,1,512,512,169,0.6699,1.0000,6166,207,5.168,7.156,0
sift1m,10000,128,2,10,0.010000,110,1,1,0,512,512,171,0.6660,1.0000,6365,209,5.131,7.442,0
sift1m,10000,128,2,10,0.010000,101,1,0,1,512,512,169,0.6699,1.0000,6166,207,5.006,7.096,0
sift1m,10000,128,2,10,0.010000,011,0,1,1,512,512,169,0.6699,1.0000,6254,215,5.178,7.624,0
sift1m,10000,128,2,10,0.010000,111,1,1,1,512,512,169,0.6699,1.0000,6254,215,4.955,7.535,0
sift1m,10000,128,3,10,0.010000,000,0,0,0,512,512,512,0.0000,1.0000,16551,140,12.371,0.004,0
sift1m,10000,128,3,10,0.010000,100,1,0,0,512,512,512,0.0000,1.0000,16551,140,12.207,0.003,0
sift1m,10000,128,3,10,0.010000,010,0,1,0,512,512,142,0.7227,1.0000,4933,159,4.135,8.637,0
sift1m,10000,128,3,10,0.010000,001,0,0,1,512,512,137,0.7324,1.0000,4856,160,4.090,8.729,0
sift1m,10000,128,3,10,0.010000,110,1,1,0,512,512,142,0.7227,1.0000,4933,159,3.994,8.416,0
sift1m,10000,128,3,10,0.010000,101,1,0,1,512,512,137,0.7324,1.0000,4856,160,3.937,8.402,0
sift1m,10000,128,3,10,0.010000,011,0,1,1,512,512,136,0.7344,1.0000,4767,157,4.001,8.615,0
sift1m,10000,128,3,10,0.010000,111,1,1,1,512,512,136,0.7344,1.0000,4767,157,4.026,8.654,0
sift1m,10000,128,4,10,0.010000,000,0,0,0,512,512,512,0.0000,1.0000,16820,193,13.393,0.003,0
sift1m,10000,128,4,10,0.010000,100,1,0,0,512,512,512,0.0000,1.0000,16820,193,13.104,0.003,0
sift1m,10000,128,4,10,0.010000,010,0,1,0,512,512,170,0.6680,1.0000,6300,208,5.275,7.908,0
sift1m,10000,128,4,10,0.010000,001,0,0,1,512,512,168,0.6719,1.0000,6151,206,5.180,7.613,0
sift1m,10000,128,4,10,0.010000,110,1,1,0,512,512,170,0.6680,1.0000,6300,208,5.354,7.854,0
sift1m,10000,128,4,10,0.010000,101,1,0,1,512,512,168,0.6719,1.0000,6151,206,5.093,7.504,0
sift1m,10000,128,4,10,0.010000,011,0,1,1,512,512,168,0.6719,1.0000,6229,214,5.281,8.137,0
sift1m,10000,128,4,10,0.010000,111,1,1,1,512,512,168,0.6719,1.0000,6229,214,5.155,7.969,0
sift1m,10000,128,5,10,0.010000,000,0,0,0,512,512,512,0.0000,1.0000,16620,135,13.262,0.004,0
sift1m,10000,128,5,10,0.010000,100,1,0,0,512,512,512,0.0000,1.0000,16620,135,12.900,0.004,0
sift1m,10000,128,5,10,0.010000,010,0,1,0,512,512,144,0.7188,1.0000,5084,163,4.351,9.081,0
sift1m,10000,128,5,10,0.010000,001,0,0,1,512,512,139,0.7285,1.0000,4921,164,4.233,9.101,0
sift1m,10000,128,5,10,0.010000,110,1,1,0,512,512,144,0.7188,1.0000,5084,163,4.225,8.934,0
sift1m,10000,128,5,10,0.010000,101,1,0,1,512,512,139,0.7285,1.0000,4921,164,4.103,9.000,0
sift1m,10000,128,5,10,0.010000,011,0,1,1,512,512,138,0.7305,1.0000,4867,156,4.223,9.132,0
sift1m,10000,128,5,10,0.010000,111,1,1,1,512,512,138,0.7305,1.0000,4867,156,4.073,8.934,0
sift1m,10000,128,6,10,0.010000,000,0,0,0,512,512,512,0.0000,1.0000,16562,136,12.903,0.004,0
sift1m,10000,128,6,10,0.010000,100,1,0,0,512,512,512,0.0000,1.0000,16562,136,12.334,0.004,0
sift1m,10000,128,6,10,0.010000,010,0,1,0,512,512,138,0.7305,1.0000,4837,155,4.002,8.737,0
sift1m,10000,128,6,10,0.010000,001,0,0,1,512,512,134,0.7383,1.0000,4731,157,3.974,8.783,0
sift1m,10000,128,6,10,0.010000,110,1,1,0,512,512,138,0.7305,1.0000,4837,155,4.040,8.810,0
sift1m,10000,128,6,10,0.010000,101,1,0,1,512,512,134,0.7383,1.0000,4731,157,4.000,8.780,0
sift1m,10000,128,6,10,0.010000,011,0,1,1,512,512,132,0.7422,1.0000,4649,149,3.980,8.858,0
sift1m,10000,128,6,10,0.010000,111,1,1,1,512,512,132,0.7422,1.0000,4649,149,3.928,8.756,0
sift1m,10000,128,7,10,0.010000,000,0,0,0,512,512,512,0.0000,1.0000,16609,142,12.736,0.004,0
sift1m,10000,128,7,10,0.010000,100,1,0,0,512,512,512,0.0000,1.0000,16609,142,12.628,0.003,0
sift1m,10000,128,7,10,0.010000,010,0,1,0,512,512,146,0.7148,1.0000,5087,167,4.349,8.799,0
sift1m,10000,128,7,10,0.010000,001,0,0,1,512,512,139,0.7285,1.0000,4913,164,4.244,8.797,0
sift1m,10000,128,7,10,0.010000,110,1,1,0,512,512,146,0.7148,1.0000,5087,167,4.263,8.728,0
sift1m,10000,128,7,10,0.010000,101,1,0,1,512,512,139,0.7285,1.0000,4913,164,4.157,8.740,0
sift1m,10000,128,7,10,0.010000,011,0,1,1,512,512,139,0.7285,1.0000,4860,157,4.184,8.602,0
sift1m,10000,128,7,10,0.010000,111,1,1,1,512,512,139,0.7285,1.0000,4860,157,4.107,8.609,0
sift1m,10000,128,8,10,0.010000,000,0,0,0,512,512,512,0.0000,1.0000,16802,192,12.586,0.004,0
sift1m,10000,128,8,10,0.010000,100,1,0,0,512,512,512,0.0000,1.0000,16802,192,12.435,0.004,0
sift1m,10000,128,8,10,0.010000,010,0,1,0,512,512,170,0.6680,1.0000,6317,208,5.150,7.350,0
sift1m,10000,128,8,10,0.010000,001,0,0,1,512,512,168,0.6719,1.0000,6128,205,5.089,7.111,0
sift1m,10000,128,8,10,0.010000,110,1,1,0,512,512,170,0.6680,1.0000,6317,208,5.055,7.434,0
sift1m,10000,128,8,10,0.010000,101,1,0,1,512,512,168,0.6719,1.0000,6128,205,4.979,7.039,0
sift1m,10000,128,8,10,0.010000,011,0,1,1,512,512,169,0.6699,1.0000,6251,215,5.248,7.744,0
sift1m,10000,128,8,10,0.010000,111,1,1,1,512,512,169,0.6699,1.0000,6251,215,5.039,7.730,0
sift1m,10000,128,9,10,0.010000,000,0,0,0,512,512,512,0.0000,1.0000,16809,193,12.699,0.004,0
sift1m,10000,128,9,10,0.010000,100,1,0,0,512,512,512,0.0000,1.0000,16809,193,12.523,0.004,0
sift1m,10000,128,9,10,0.010000,010,0,1,0,512,512,175,0.6582,1.0000,6514,214,5.019,7.152,0
sift1m,10000,128,9,10,0.010000,001,0,0,1,512,512,168,0.6719,1.0000,6128,205,5.000,6.986,0
sift1m,10000,128,9,10,0.010000,110,1,1,0,512,512,175,0.6582,1.0000,6514,214,5.225,7.271,0
sift1m,10000,128,9,10,0.010000,101,1,0,1,512,512,168,0.6719,1.0000,6128,205,4.996,7.029,0
sift1m,10000,128,9,10,0.010000,011,0,1,1,512,512,168,0.6719,1.0000,6229,214,5.207,8.082,0
sift1m,10000,128,9,10,0.010000,111,1,1,1,512,512,168,0.6719,1.0000,6229,214,5.147,8.065,0
sift1m,10000,128,10,10,0.010000,000,0,0,0,512,512,512,0.0000,1.0000,16629,138,13.300,0.004,0
sift1m,10000,128,10,10,0.010000,100,1,0,0,512,512,512,0.0000,1.0000,16629,138,13.088,0.003,0
sift1m,10000,128,10,10,0.010000,010,0,1,0,512,512,141,0.7246,1.0000,4916,159,4.332,9.029,0
sift1m,10000,128,10,10,0.010000,001,0,0,1,512,512,139,0.7285,1.0000,4904,163,4.299,9.030,0
sift1m,10000,128,10,10,0.010000,110,1,1,0,512,512,141,0.7246,1.0000,4916,159,4.122,9.004,0
sift1m,10000,128,10,10,0.010000,101,1,0,1,512,512,139,0.7285,1.0000,4904,163,4.124,8.951,0
sift1m,10000,128,10,10,0.010000,011,0,1,1,512,512,139,0.7285,1.0000,4834,156,4.469,9.085,0
sift1m,10000,128,10,10,0.010000,111,1,1,1,512,512,139,0.7285,1.0000,4834,156,4.178,8.688,0
sift1m,10000,128,11,10,0.010000,000,0,0,0,512,512,512,0.0000,1.0000,16779,192,13.638,0.003,0
sift1m,10000,128,11,10,0.010000,100,1,0,0,512,512,512,0.0000,1.0000,16779,192,13.301,0.003,0
sift1m,10000,128,11,10,0.010000,010,0,1,0,512,512,171,0.6660,1.0000,6374,209,5.369,7.891,0
sift1m,10000,128,11,10,0.010000,001,0,0,1,512,512,169,0.6699,1.0000,6164,206,5.250,7.495,0
sift1m,10000,128,11,10,0.010000,110,1,1,0,512,512,171,0.6660,1.0000,6374,209,5.195,7.759,0
sift1m,10000,128,11,10,0.010000,101,1,0,1,512,512,169,0.6699,1.0000,6164,206,5.110,7.467,0
sift1m,10000,128,11,10,0.010000,011,0,1,1,512,512,167,0.6738,1.0000,6185,213,5.217,8.125,0
sift1m,10000,128,11,10,0.010000,111,1,1,1,512,512,167,0.6738,1.0000,6185,213,5.021,8.037,0
sift1m,10000,128,12,10,0.010000,000,0,0,0,512,512,512,0.0000,1.0000,16599,135,13.189,0.004,0
sift1m,10000,128,12,10,0.010000,100,1,0,0,512,512,512,0.0000,1.0000,16599,135,12.888,0.003,0
sift1m,10000,128,12,10,0.010000,010,0,1,0,512,512,144,0.7188,1.0000,5048,164,4.116,8.465,0
sift1m,10000,128,12,10,0.010000,001,0,0,1,512,512,136,0.7344,1.0000,4831,163,4.055,8.533,0
sift1m,10000,128,12,10,0.010000,110,1,1,0,512,512,144,0.7188,1.0000,5048,164,4.098,8.459,0
sift1m,10000,128,12,10,0.010000,101,1,0,1,512,512,136,0.7344,1.0000,4831,163,3.929,8.405,0
sift1m,10000,128,12,10,0.010000,011,0,1,1,512,512,133,0.7402,1.0000,4726,151,4.048,8.675,0
sift1m,10000,128,12,10,0.010000,111,1,1,1,512,512,133,0.7402,1.0000,4726,151,3.867,8.672,0
sift1m,10000,128,13,10,0.010000,000,0,0,0,512,512,512,0.0000,1.0000,16454,138,12.361,0.004,0
sift1m,10000,128,13,10,0.010000,100,1,0,0,512,512,512,0.0000,1.0000,16454,138,12.480,0.003,0
sift1m,10000,128,13,10,0.010000,010,0,1,0,512,512,137,0.7324,1.0000,4820,157,4.097,8.643,0
sift1m,10000,128,13,10,0.010000,001,0,0,1,512,512,141,0.7246,1.0000,4980,167,4.146,8.329,0
sift1m,10000,128,13,10,0.010000,110,1,1,0,512,512,137,0.7324,1.0000,4820,157,3.917,8.504,0
sift1m,10000,128,13,10,0.010000,101,1,0,1,512,512,141,0.7246,1.0000,4980,167,4.040,8.290,0
sift1m,10000,128,13,10,0.010000,011,0,1,1,512,512,137,0.7324,1.0000,4831,156,4.032,8.361,0
sift1m,10000,128,13,10,0.010000,111,1,1,1,512,512,137,0.7324,1.0000,4831,156,3.965,8.503,0
sift1m,10000,128,14,10,0.010000,000,0,0,0,512,512,512,0.0000,1.0000,16940,192,13.061,0.004,0
sift1m,10000,128,14,10,0.010000,100,1,0,0,512,512,512,0.0000,1.0000,16940,192,12.883,0.003,0
sift1m,10000,128,14,10,0.010000,010,0,1,0,512,512,175,0.6582,1.0000,6512,214,5.472,7.508,0
sift1m,10000,128,14,10,0.010000,001,0,0,1,512,512,165,0.6777,1.0000,6048,202,5.133,7.361,0
sift1m,10000,128,14,10,0.010000,110,1,1,0,512,512,175,0.6582,1.0000,6512,214,5.278,7.428,0
sift1m,10000,128,14,10,0.010000,101,1,0,1,512,512,165,0.6777,1.0000,6048,202,5.034,7.329,0
sift1m,10000,128,14,10,0.010000,011,0,1,1,512,512,170,0.6680,1.0000,6270,217,5.244,7.954,0
sift1m,10000,128,14,10,0.010000,111,1,1,1,512,512,170,0.6680,1.0000,6270,217,5.153,7.877,0
sift1m,10000,128,15,10,0.010000,000,0,0,0,512,512,512,0.0000,1.0000,16869,194,12.480,0.004,0
sift1m,10000,128,15,10,0.010000,100,1,0,0,512,512,512,0.0000,1.0000,16869,194,12.628,0.004,0
sift1m,10000,128,15,10,0.010000,010,0,1,0,512,512,170,0.6680,1.0000,6276,207,5.088,7.454,0
sift1m,10000,128,15,10,0.010000,001,0,0,1,512,512,166,0.6758,1.0000,6072,203,5.039,7.223,0
sift1m,10000,128,15,10,0.010000,110,1,1,0,512,512,170,0.6680,1.0000,6276,207,5.049,7.460,0
sift1m,10000,128,15,10,0.010000,101,1,0,1,512,512,166,0.6758,1.0000,6072,203,4.914,7.178,0
sift1m,10000,128,15,10,0.010000,011,0,1,1,512,512,167,0.6738,1.0000,6186,213,5.028,7.707,0
sift1m,10000,128,15,10,0.010000,111,1,1,1,512,512,167,0.6738,1.0000,6186,213,4.983,7.732,0
sift1m,10000,128,16,10,0.010000,000,0,0,0,512,512,512,0.0000,1.0000,16659,136,12.732,0.004,0
sift1m,10000,128,16,10,0.010000,100,1,0,0,512,512,512,0.0000,1.0000,16659,136,12.663,0.004,0
sift1m,10000,128,16,10,0.010000,010,0,1,0,512,512,139,0.7285,1.0000,4854,157,4.201,9.186,0
sift1m,10000,128,16,10,0.010000,001,0,0,1,512,512,139,0.7285,1.0000,4912,164,4.256,9.073,0
sift1m,10000,128,16,10,0.010000,110,1,1,0,512,512,139,0.7285,1.0000,4854,157,4.095,9.110,0
sift1m,10000,128,16,10,0.010000,101,1,0,1,512,512,139,0.7285,1.0000,4912,164,4.158,8.961,0
sift1m,10000,128,16,10,0.010000,011,0,1,1,512,512,136,0.7344,1.0000,4810,155,4.184,9.171,0
sift1m,10000,128,16,10,0.010000,111,1,1,1,512,512,136,0.7344,1.0000,4810,155,4.044,9.004,0
sift1m,10000,128,17,10,0.010000,000,0,0,0,512,512,512,0.0000,1.0000,16518,136,13.174,0.004,0
sift1m,10000,128,17,10,0.010000,100,1,0,0,512,512,512,0.0000,1.0000,16518,136,12.975,0.003,0
sift1m,10000,128,17,10,0.010000,010,0,1,0,512,512,145,0.7168,1.0000,5066,164,4.317,9.040,0
sift1m,10000,128,17,10,0.010000,001,0,0,1,512,512,138,0.7305,1.0000,4886,166,4.161,9.319,0
sift1m,10000,128,17,10,0.010000,110,1,1,0,512,512,145,0.7168,1.0000,5066,164,4.282,9.090,0
sift1m,10000,128,17,10,0.010000,101,1,0,1,512,512,138,0.7305,1.0000,4886,166,3.969,8.951,0
sift1m,10000,128,17,10,0.010000,011,0,1,1,512,512,136,0.7344,1.0000,4773,154,4.117,9.243,0
sift1m,10000,128,17,10,0.010000,111,1,1,1,512,512,136,0.7344,1.0000,4773,154,4.086,8.989,0
sift1m,10000,128,18,10,0.010000,000,0,0,0,512,512,512,0.0000,1.0000,16809,192,13.386,0.004,0
sift1m,10000,128,18,10,0.010000,100,1,0,0,512,512,512,0.0000,1.0000,16809,192,13.299,0.004,0
sift1m,10000,128,18,10,0.010000,010,0,1,0,512,512,172,0.6641,1.0000,6409,211,5.374,7.851,0
sift1m,10000,128,18,10,0.010000,001,0,0,1,512,512,168,0.6719,1.0000,6116,205,5.182,7.631,0
sift1m,10000,128,18,10,0.010000,110,1,1,0,512,512,172,0.6641,1.0000,6409,211,5.289,7.786,0
sift1m,10000,128,18,10,0.010000,101,1,0,1,512,512,168,0.6719,1.0000,6116,205,5.077,7.782,0
sift1m,10000,128,18,10,0.010000,011,0,1,1,512,512,169,0.6699,1.0000,6260,216,5.322,8.015,0
sift1m,10000,128,18,10,0.010000,111,1,1,1,512,512,169,0.6699,1.0000,6260,216,5.132,7.938,0
sift1m,10000,128,19,10,0.010000,000,0,0,0,512,512,512,0.0000,1.0000,16568,136,13.014,0.004,0
sift1m,10000,128,19,10,0.010000,100,1,0,0,512,512,512,0.0000,1.0000,16568,136,12.098,0.003,0
sift1m,10000,128,19,10,0.010000,010,0,1,0,512,512,142,0.7227,1.0000,4958,160,4.127,8.552,0
sift1m,10000,128,19,10,0.010000,001,0,0,1,512,512,136,0.7344,1.0000,4794,161,4.006,8.692,0
sift1m,10000,128,19,10,0.010000,110,1,1,0,512,512,142,0.7227,1.0000,4958,160,4.056,8.569,0
sift1m,10000,128,19,10,0.010000,101,1,0,1,512,512,136,0.7344,1.0000,4794,161,3.922,8.561,0
sift1m,10000,128,19,10,0.010000,011,0,1,1,512,512,136,0.7344,1.0000,4806,153,4.058,8.580,0
sift1m,10000,128,19,10,0.010000,111,1,1,1,512,512,136,0.7344,1.0000,4806,153,3.952,8.610,0
sift1m,10000,128,20,10,0.010000,000,0,0,0,512,512,512,0.0000,1.0000,16935,194,12.929,0.003,0
sift1m,10000,128,20,10,0.010000,100,1,0,0,512,512,512,0.0000,1.0000,16935,194,12.736,0.003,0
sift1m,10000,128,20,10,0.010000,010,0,1,0,512,512,170,0.6680,1.0000,6280,208,5.176,7.258,0
sift1m,10000,128,20,10,0.010000,001,0,0,1,512,512,167,0.6738,1.0000,6110,205,5.020,7.277,0
sift1m,10000,128,20,10,0.010000,110,1,1,0,512,512,170,0.6680,1.0000,6280,208,5.277,7.676,0
sift1m,10000,128,20,10,0.010000,101,1,0,1,512,512,167,0.6738,1.0000,6110,205,5.195,7.349,0
sift1m,10000,128,20,10,0.010000,011,0,1,1,512,512,166,0.6758,1.0000,6131,212,5.175,7.963,0
sift1m,10000,128,20,10,0.010000,111,1,1,1,512,512,166,0.6758,1.0000,6131,212,5.127,7.854,0
sift1m,10000,128,21,10,0.010000,000,0,0,0,512,512,512,0.0000,1.0000,16809,193,13.063,0.005,0
sift1m,10000,128,21,10,0.010000,100,1,0,0,512,512,512,0.0000,1.0000,16809,193,12.879,0.004,0
sift1m,10000,128,21,10,0.010000,010,0,1,0,512,512,171,0.6660,1.0000,6321,209,5.304,7.540,0
sift1m,10000,128,21,10,0.010000,001,0,0,1,512,512,170,0.6680,1.0000,6234,208,5.381,7.216,0
sift1m,10000,128,21,10,0.010000,110,1,1,0,512,512,171,0.6660,1.0000,6321,209,4.872,7.322,0
sift1m,10000,128,21,10,0.010000,101,1,0,1,512,512,170,0.6680,1.0000,6234,208,5.064,7.089,0
sift1m,10000,128,21,10,0.010000,011,0,1,1,512,512,168,0.6719,1.0000,6229,214,5.123,7.722,0
sift1m,10000,128,21,10,0.010000,111,1,1,1,512,512,168,0.6719,1.0000,6229,214,5.063,7.780,0
sift1m,10000,128,22,10,0.010000,000,0,0,0,512,512,512,0.0000,1.0000,16748,192,12.548,0.004,0
sift1m,10000,128,22,10,0.010000,100,1,0,0,512,512,512,0.0000,1.0000,16748,192,12.470,0.003,0
sift1m,10000,128,22,10,0.010000,010,0,1,0,512,512,174,0.6602,1.0000,6483,213,5.254,7.276,0
sift1m,10000,128,22,10,0.010000,001,0,0,1,512,512,169,0.6699,1.0000,6160,206,5.046,7.086,0
sift1m,10000,128,22,10,0.010000,110,1,1,0,512,512,174,0.6602,1.0000,6483,213,5.203,7.336,0
sift1m,10000,128,22,10,0.010000,101,1,0,1,512,512,169,0.6699,1.0000,6160,206,4.932,7.086,0
sift1m,10000,128,22,10,0.010000,011,0,1,1,512,512,169,0.6699,1.0000,6252,215,5.090,7.582,0
sift1m,10000,128,22,10,0.010000,111,1,1,1,512,512,169,0.6699,1.0000,6252,215,4.965,7.548,0
sift1m,10000,128,23,10,0.010000,000,0,0,0,512,512,512,0.0000,1.0000,16855,192,13.213,0.004,0
sift1m,10000,128,23,10,0.010000,100,1,0,0,512,512,512,0.0000,1.0000,16855,192,13.285,0.004,0
sift1m,10000,128,23,10,0.010000,010,0,1,0,512,512,171,0.6660,1.0000,6374,209,5.251,7.874,0
sift1m,10000,128,23,10,0.010000,001,0,0,1,512,512,167,0.6738,1.0000,6113,204,5.158,7.651,0
sift1m,10000,128,23,10,0.010000,110,1,1,0,512,512,171,0.6660,1.0000,6374,209,5.165,7.873,0
sift1m,10000,128,23,10,0.010000,101,1,0,1,512,512,167,0.6738,1.0000,6113,204,5.011,7.640,0
sift1m,10000,128,23,10,0.010000,011,0,1,1,512,512,168,0.6719,1.0000,6229,214,5.262,8.143,0
sift1m,10000,128,23,10,0.010000,111,1,1,1,512,512,168,0.6719,1.0000,6229,214,6.531,8.489,0
sift1m,10000,128,24,10,0.010000,000,0,0,0,512,512,512,0.0000,1.0000,16724,192,14.765,0.006,0
sift1m,10000,128,24,10,0.010000,100,1,0,0,512,512,512,0.0000,1.0000,16724,192,14.220,0.005,0
sift1m,10000,128,24,10,0.010000,010,0,1,0,512,512,171,0.6660,1.0000,6347,209,5.755,7.962,0
sift1m,10000,128,24,10,0.010000,001,0,0,1,512,512,169,0.6699,1.0000,6188,207,5.264,7.700,0
sift1m,10000,128,24,10,0.010000,110,1,1,0,512,512,171,0.6660,1.0000,6347,209,5.511,8.386,0
sift1m,10000,128,24,10,0.010000,101,1,0,1,512,512,169,0.6699,1.0000,6188,207,5.133,7.583,0
sift1m,10000,128,24,10,0.010000,011,0,1,1,512,512,168,0.6719,1.0000,6229,214,5.271,7.931,0
sift1m,10000,128,24,10,0.010000,111,1,1,1,512,512,168,0.6719,1.0000,6229,214,5.091,7.960,0
sift1m,10000,128,25,10,0.010000,000,0,0,0,512,512,512,0.0000,1.0000,16837,191,13.414,0.004,0
sift1m,10000,128,25,10,0.010000,100,1,0,0,512,512,512,0.0000,1.0000,16837,191,13.263,0.003,0
sift1m,10000,128,25,10,0.010000,010,0,1,0,512,512,175,0.6582,1.0000,6482,214,5.383,7.731,0
sift1m,10000,128,25,10,0.010000,001,0,0,1,512,512,166,0.6758,1.0000,6077,203,5.066,7.725,0
sift1m,10000,128,25,10,0.010000,110,1,1,0,512,512,175,0.6582,1.0000,6482,214,5.125,7.712,0
sift1m,10000,128,25,10,0.010000,101,1,0,1,512,512,166,0.6758,1.0000,6077,203,5.000,7.660,0
sift1m,10000,128,25,10,0.010000,011,0,1,1,512,512,165,0.6777,1.0000,6140,213,5.157,8.160,0
sift1m,10000,128,25,10,0.010000,111,1,1,1,512,512,165,0.6777,1.0000,6140,213,5.000,8.040,0
sift1m,10000,128,26,10,0.010000,000,0,0,0,512,512,512,0.0000,1.0000,16756,192,13.432,0.004,0
sift1m,10000,128,26,10,0.010000,100,1,0,0,512,512,512,0.0000,1.0000,16756,192,13.143,0.003,0
sift1m,10000,128,26,10,0.010000,010,0,1,0,512,512,173,0.6621,1.0000,6434,211,4.988,7.141,0
sift1m,10000,128,26,10,0.010000,001,0,0,1,512,512,166,0.6758,1.0000,6070,203,4.994,7.046,0
sift1m,10000,128,26,10,0.010000,110,1,1,0,512,512,173,0.6621,1.0000,6434,211,5.119,7.170,0
sift1m,10000,128,26,10,0.010000,101,1,0,1,512,512,166,0.6758,1.0000,6070,203,4.933,7.032,0
sift1m,10000,128,26,10,0.010000,011,0,1,1,512,512,168,0.6719,1.0000,6230,214,5.040,7.627,0
sift1m,10000,128,26,10,0.010000,111,1,1,1,512,512,168,0.6719,1.0000,6230,214,4.985,7.578,0
sift1m,10000,128,27,10,0.010000,000,0,0,0,512,512,512,0.0000,1.0000,16802,193,12.628,0.004,0
sift1m,10000,128,27,10,0.010000,100,1,0,0,512,512,512,0.0000,1.0000,16802,193,12.661,0.003,0
sift1m,10000,128,27,10,0.010000,010,0,1,0,512,512,170,0.6680,1.0000,6300,208,5.060,7.420,0
sift1m,10000,128,27,10,0.010000,001,0,0,1,512,512,167,0.6738,1.0000,6113,204,4.991,6.971,0
sift1m,10000,128,27,10,0.010000,110,1,1,0,512,512,170,0.6680,1.0000,6300,208,4.995,7.403,0
sift1m,10000,128,27,10,0.010000,101,1,0,1,512,512,167,0.6738,1.0000,6113,204,4.986,7.146,0
sift1m,10000,128,27,10,0.010000,011,0,1,1,512,512,168,0.6719,1.0000,6229,214,5.162,7.796,0
sift1m,10000,128,27,10,0.010000,111,1,1,1,512,512,168,0.6719,1.0000,6229,214,5.044,7.801,0
sift1m,10000,128,28,10,0.010000,000,0,0,0,512,512,512,0.0000,1.0000,16769,193,12.879,0.004,0
sift1m,10000,128,28,10,0.010000,100,1,0,0,512,512,512,0.0000,1.0000,16769,193,12.705,0.004,0
sift1m,10000,128,28,10,0.010000,010,0,1,0,512,512,173,0.6621,1.0000,6420,212,5.298,7.404,0
sift1m,10000,128,28,10,0.010000,001,0,0,1,512,512,169,0.6699,1.0000,6168,206,5.204,7.252,0
sift1m,10000,128,28,10,0.010000,110,1,1,0,512,512,173,0.6621,1.0000,6420,212,5.309,7.431,0
sift1m,10000,128,28,10,0.010000,101,1,0,1,512,512,169,0.6699,1.0000,6168,206,5.107,7.177,0
sift1m,10000,128,28,10,0.010000,011,0,1,1,512,512,168,0.6719,1.0000,6207,214,5.140,7.803,0
sift1m,10000,128,28,10,0.010000,111,1,1,1,512,512,168,0.6719,1.0000,6207,214,5.043,7.501,0
sift1m,10000,128,29,10,0.010000,000,0,0,0,512,512,512,0.0000,1.0000,16867,196,12.627,0.004,0
sift1m,10000,128,29,10,0.010000,100,1,0,0,512,512,512,0.0000,1.0000,16867,196,12.620,0.004,0
sift1m,10000,128,29,10,0.010000,010,0,1,0,512,512,170,0.6680,1.0000,6300,208,5.175,7.494,0
sift1m,10000,128,29,10,0.010000,001,0,0,1,512,512,169,0.6699,1.0000,6166,207,5.007,7.042,0
sift1m,10000,128,29,10,0.010000,110,1,1,0,512,512,170,0.6680,1.0000,6300,208,5.092,7.514,0
sift1m,10000,128,29,10,0.010000,101,1,0,1,512,512,169,0.6699,1.0000,6166,207,5.019,7.123,0
sift1m,10000,128,29,10,0.010000,011,0,1,1,512,512,169,0.6699,1.0000,6251,215,5.114,7.701,0
sift1m,10000,128,29,10,0.010000,111,1,1,1,512,512,169,0.6699,1.0000,6251,215,4.993,7.641,0
sift1m,10000,128,30,10,0.010000,000,0,0,0,512,512,512,0.0000,1.0000,16766,194,12.839,0.004,0
sift1m,10000,128,30,10,0.010000,100,1,0,0,512,512,512,0.0000,1.0000,16766,194,12.561,0.004,0
sift1m,10000,128,30,10,0.010000,010,0,1,0,512,512,174,0.6602,1.0000,6473,213,5.362,7.415,0
sift1m,10000,128,30,10,0.010000,001,0,0,1,512,512,166,0.6758,1.0000,6070,203,5.024,7.170,0
sift1m,10000,128,30,10,0.010000,110,1,1,0,512,512,174,0.6602,1.0000,6473,213,5.284,7.397,0
sift1m,10000,128,30,10,0.010000,101,1,0,1,512,512,166,0.6758,1.0000,6070,203,5.005,7.457,0
sift1m,10000,128,30,10,0.010000,011,0,1,1,512,512,167,0.6738,1.0000,6185,213,5.165,8.078,0
sift1m,10000,128,30,10,0.010000,111,1,1,1,512,512,167,0.6738,1.0000,6185,213,5.092,8.072,0
sift1m,10000,128,31,10,0.010000,000,0,0,0,512,512,512,0.0000,1.0000,16791,193,13.437,0.004,0
sift1m,10000,128,31,10,0.010000,100,1,0,0,512,512,512,0.0000,1.0000,16791,193,13.185,0.004,0
sift1m,10000,128,31,10,0.010000,010,0,1,0,512,512,173,0.6621,1.0000,6444,211,5.352,7.753,0
sift1m,10000,128,31,10,0.010000,001,0,0,1,512,512,168,0.6719,1.0000,6121,205,5.104,7.573,0
sift1m,10000,128,31,10,0.010000,110,1,1,0,512,512,173,0.6621,1.0000,6444,211,5.265,7.732,0
sift1m,10000,128,31,10,0.010000,101,1,0,1,512,512,168,0.6719,1.0000,6121,205,5.119,7.418,0
sift1m,10000,128,31,10,0.010000,011,0,1,1,512,512,167,0.6738,1.0000,6185,213,5.045,7.995,0
sift1m,10000,128,31,10,0.010000,111,1,1,1,512,512,167,0.6738,1.0000,6185,213,4.975,7.998,0
sift1m,10000,128,32,10,0.010000,000,0,0,0,512,512,512,0.0000,1.0000,16790,193,13.398,0.004,0
sift1m,10000,128,32,10,0.010000,100,1,0,0,512,512,512,0.0000,1.0000,16790,193,13.156,0.003,0
sift1m,10000,128,32,10,0.010000,010,0,1,0,512,512,170,0.6680,1.0000,6317,208,5.313,7.914,0
sift1m,10000,128,32,10,0.010000,001,0,0,1,512,512,168,0.6719,1.0000,6151,206,5.329,7.645,0
sift1m,10000,128,32,10,0.010000,110,1,1,0,512,512,170,0.6680,1.0000,6317,208,5.221,8.155,0
sift1m,10000,128,32,10,0.010000,101,1,0,1,512,512,168,0.6719,1.0000,6151,206,5.142,7.660,0
sift1m,10000,128,32,10,0.010000,011,0,1,1,512,512,168,0.6719,1.0000,6229,214,5.392,7.764,0
sift1m,10000,128,32,10,0.010000,111,1,1,1,512,512,168,0.6719,1.0000,6229,214,4.865,7.451,0
sift1m,10000,128,33,10,0.010000,000,0,0,0,512,512,512,0.0000,1.0000,16565,140,12.395,0.004,0
sift1m,10000,128,33,10,0.010000,100,1,0,0,512,512,512,0.0000,1.0000,16565,140,12.170,0.003,0
sift1m,10000,128,33,10,0.010000,010,0,1,0,512,512,142,0.7227,1.0000,5033,161,4.280,8.579,0
sift1m,10000,128,33,10,0.010000,001,0,0,1,512,512,136,0.7344,1.0000,4826,158,4.078,8.507,0
sift1m,10000,128,33,10,0.010000,110,1,1,0,512,512,142,0.7227,1.0000,5033,161,4.069,8.462,0
sift1m,10000,128,33,10,0.010000,101,1,0,1,512,512,136,0.7344,1.0000,4826,158,3.905,8.489,0
sift1m,10000,128,33,10,0.010000,011,0,1,1,512,512,137,0.7324,1.0000,4865,151,4.137,8.635,0
sift1m,10000,128,33,10,0.010000,111,1,1,1,512,512,137,0.7324,1.0000,4865,151,3.968,8.474,0
sift1m,10000,128,34,10,0.010000,000,0,0,0,512,512,512,0.0000,1.0000,16780,193,12.862,0.004,0
sift1m,10000,128,34,10,0.010000,100,1,0,0,512,512,512,0.0000,1.0000,16780,193,12.528,0.003,0
sift1m,10000,128,34,10,0.010000,010,0,1,0,512,512,173,0.6621,1.0000,6431,211,5.310,7.186,0
sift1m,10000,128,34,10,0.010000,001,0,0,1,512,512,169,0.6699,1.0000,6182,206,5.203,7.190,0
sift1m,10000,128,34,10,0.010000,110,1,1,0,512,512,173,0.6621,1.0000,6431,211,5.267,7.403,0
sift1m,10000,128,34,10,0.010000,101,1,0,1,512,512,169,0.6699,1.0000,6182,206,5.155,7.230,0
sift1m,10000,128,34,10,0.010000,011,0,1,1,512,512,168,0.6719,1.0000,6230,214,5.307,7.881,0
sift1m,10000,128,34,10,0.010000,111,1,1,1,512,512,168,0.6719,1.0000,6230,214,5.238,7.863,0
sift1m,10000,128,35,10,0.010000,000,0,0,0,512,512,512,0.0000,1.0000,16536,141,12.892,0.004,0
sift1m,10000,128,35,10,0.010000,100,1,0,0,512,512,512,0.0000,1.0000,16536,141,12.608,0.003,0
sift1m,10000,128,35,10,0.010000,010,0,1,0,512,512,144,0.7188,1.0000,5069,163,4.384,8.762,0
sift1m,10000,128,35,10,0.010000,001,0,0,1,512,512,134,0.7383,1.0000,4736,155,4.220,8.977,0
sift1m,10000,128,35,10,0.010000,110,1,1,0,512,512,144,0.7188,1.0000,5069,163,4.298,8.756,0
sift1m,10000,128,35,10,0.010000,101,1,0,1,512,512,134,0.7383,1.0000,4736,155,4.090,8.857,0
sift1m,10000,128,35,10,0.010000,011,0,1,1,512,512,137,0.7324,1.0000,4791,155,4.232,8.889,0
sift1m,10000,128,35,10,0.010000,111,1,1,1,512,512,137,0.7324,1.0000,4791,155,4.068,8.827,0
sift1m,10000,128,36,10,0.010000,000,0,0,0,512,512,512,0.0000,1.0000,16630,137,12.922,0.003,0
sift1m,10000,128,36,10,0.010000,100,1,0,0,512,512,512,0.0000,1.0000,16630,137,12.950,0.004,0
sift1m,10000,128,36,10,0.010000,010,0,1,0,512,512,142,0.7227,1.0000,5004,160,4.335,9.135,0
sift1m,10000,128,36,10,0.010000,001,0,0,1,512,512,135,0.7363,1.0000,4798,160,4.190,8.946,0
sift1m,10000,128,36,10,0.010000,110,1,1,0,512,512,142,0.7227,1.0000,5004,160,4.193,8.956,0
sift1m,10000,128,36,10,0.010000,101,1,0,1,512,512,135,0.7363,1.0000,4798,160,4.052,8.860,0
sift1m,10000,128,36,10,0.010000,011,0,1,1,512,512,133,0.7402,1.0000,4679,151,4.071,9.114,0
sift1m,10000,128,36,10,0.010000,111,1,1,1,512,512,133,0.7402,1.0000,4679,151,3.907,8.998,0
sift1m,10000,128,37,10,0.010000,000,0,0,0,512,512,512,0.0000,1.0000,16592,146,12.245,0.003,0
sift1m,10000,128,37,10,0.010000,100,1,0,0,512,512,512,0.0000,1.0000,16592,146,12.102,0.003,0
sift1m,10000,128,37,10,0.010000,010,0,1,0,512,512,144,0.7188,1.0000,5084,162,4.207,8.264,0
sift1m,10000,128,37,10,0.010000,001,0,0,1,512,512,140,0.7266,1.0000,4940,163,4.087,8.504,0
sift1m,10000,128,37,10,0.010000,110,1,1,0,512,512,144,0.7188,1.0000,5084,162,4.147,8.339,0
sift1m,10000,128,37,10,0.010000,101,1,0,1,512,512,140,0.7266,1.0000,4940,163,4.029,8.522,0
sift1m,10000,128,37,10,0.010000,011,0,1,1,512,512,141,0.7246,1.0000,4971,165,4.172,8.581,0
sift1m,10000,128,37,10,0.010000,111,1,1,1,512,512,141,0.7246,1.0000,4971,165,4.037,8.594,0
sift1m,10000,128,38,10,0.010000,000,0,0,0,512,512,512,0.0000,1.0000,16837,193,12.962,0.004,0
sift1m,10000,128,38,10,0.010000,100,1,0,0,512,512,512,0.0000,1.0000,16837,193,12.875,0.003,0
sift1m,10000,128,38,10,0.010000,010,0,1,0,512,512,172,0.6641,1.0000,6386,210,5.306,7.950,0
sift1m,10000,128,38,10,0.010000,001,0,0,1,512,512,170,0.6680,1.0000,6206,207,5.269,7.631,0
sift1m,10000,128,38,10,0.010000,110,1,1,0,512,512,172,0.6641,1.0000,6386,210,5.235,7.817,0
sift1m,10000,128,38,10,0.010000,101,1,0,1,512,512,170,0.6680,1.0000,6206,207,5.117,7.582,0
sift1m,10000,128,38,10,0.010000,011,0,1,1,512,512,168,0.6719,1.0000,6230,214,5.266,8.184,0
sift1m,10000,128,38,10,0.010000,111,1,1,1,512,512,168,0.6719,1.0000,6230,214,5.083,8.323,0
sift1m,10000,128,39,10,0.010000,000,0,0,0,512,512,512,0.0000,1.0000,16978,192,13.544,0.004,0
sift1m,10000,128,39,10,0.010000,100,1,0,0,512,512,512,0.0000,1.0000,16978,192,13.458,0.004,0
sift1m,10000,128,39,10,0.010000,010,0,1,0,512,512,173,0.6621,1.0000,6456,211,5.387,8.157,0
sift1m,10000,128,39,10,0.010000,001,0,0,1,512,512,170,0.6680,1.0000,6179,207,5.250,7.561,0
sift1m,10000,128,39,10,0.010000,110,1,1,0,512,512,173,0.6621,1.0000,6456,211,5.339,8.175,0
sift1m,10000,128,39,10,0.010000,101,1,0,1,512,512,170,0.6680,1.0000,6179,207,4.970,6.828,0
sift1m,10000,128,39,10,0.010000,011,0,1,1,512,512,169,0.6699,1.0000,6269,216,5.194,7.798,0
sift1m,10000,128,39,10,0.010000,111,1,1,1,512,512,169,0.6699,1.0000,6269,216,5.034,7.772,0
sift1m,10000,128,40,10,0.010000,000,0,0,0,512,512,512,0.0000,1.0000,16795,194,12.926,0.004,0
sift1m,10000,128,40,10,0.010000,100,1,0,0,512,512,512,0.0000,1.0000,16795,194,12.681,0.003,0
sift1m,10000,128,40,10,0.010000,010,0,1,0,512,512,173,0.6621,1.0000,6420,212,5.354,7.403,0
sift1m,10000,128,40,10,0.010000,001,0,0,1,512,512,167,0.6738,1.0000,6113,204,5.100,7.083,0
sift1m,10000,128,40,10,0.010000,110,1,1,0,512,512,173,0.6621,1.0000,6420,212,5.184,7.468,0
sift1m,10000,128,40,10,0.010000,101,1,0,1,512,512,167,0.6738,1.0000,6113,204,4.997,7.031,0
sift1m,10000,128,40,10,0.010000,011,0,1,1,512,512,167,0.6738,1.0000,6185,213,5.134,7.672,0
sift1m,10000,128,40,10,0.010000,111,1,1,1,512,512,167,0.6738,1.0000,6185,213,4.950,7.581,0
sift1m,10000,128,41,10,0.010000,000,0,0,0,512,512,512,0.0000,1.0000,16588,136,12.498,0.004,0
sift1m,10000,128,41,10,0.010000,100,1,0,0,512,512,512,0.0000,1.0000,16588,136,12.258,0.003,0
sift1m,10000,128,41,10,0.010000,010,0,1,0,512,512,144,0.7188,1.0000,5063,164,4.259,8.393,0
sift1m,10000,128,41,10,0.010000,001,0,0,1,512,512,136,0.7344,1.0000,4840,162,4.057,8.627,0
sift1m,10000,128,41,10,0.010000,110,1,1,0,512,512,144,0.7188,1.0000,5063,164,4.164,8.566,0
sift1m,10000,128,41,10,0.010000,101,1,0,1,512,512,136,0.7344,1.0000,4840,162,4.078,8.754,0
sift1m,10000,128,41,10,0.010000,011,0,1,1,512,512,136,0.7344,1.0000,4788,154,4.188,8.876,0
sift1m,10000,128,41,10,0.010000,111,1,1,1,512,512,136,0.7344,1.0000,4788,154,4.089,8.851,0
sift1m,10000,128,42,10,0.010000,000,0,0,0,512,512,512,0.0000,1.0000,16767,193,13.143,0.004,0
sift1m,10000,128,42,10,0.010000,100,1,0,0,512,512,512,0.0000,1.0000,16767,193,12.913,0.003,0
sift1m,10000,128,42,10,0.010000,010,0,1,0,512,512,173,0.6621,1.0000,6422,212,5.491,7.637,0
sift1m,10000,128,42,10,0.010000,001,0,0,1,512,512,169,0.6699,1.0000,6153,206,5.293,7.380,0
sift1m,10000,128,42,10,0.010000,110,1,1,0,512,512,173,0.6621,1.0000,6422,212,5.107,7.589,0
sift1m,10000,128,42,10,0.010000,101,1,0,1,512,512,169,0.6699,1.0000,6153,206,5.138,7.549,0
sift1m,10000,128,42,10,0.010000,011,0,1,1,512,512,168,0.6719,1.0000,6229,214,5.261,8.082,0
sift1m,10000,128,42,10,0.010000,111,1,1,1,512,512,168,0.6719,1.0000,6229,214,5.111,8.024,0
sift1m,10000,128,43,10,0.010000,000,0,0,0,512,512,512,0.0000,1.0000,16766,193,13.272,0.004,0
sift1m,10000,128,43,10,0.010000,100,1,0,0,512,512,512,0.0000,1.0000,16766,193,13.259,0.004,0
sift1m,10000,128,43,10,0.010000,010,0,1,0,512,512,173,0.6621,1.0000,6444,211,5.392,8.046,0
sift1m,10000,128,43,10,0.010000,001,0,0,1,512,512,169,0.6699,1.0000,6170,206,5.261,7.800,0
sift1m,10000,128,43,10,0.010000,110,1,1,0,512,512,173,0.6621,1.0000,6444,211,5.493,7.912,0
sift1m,10000,128,43,10,0.010000,101,1,0,1,512,512,169,0.6699,1.0000,6170,206,4.917,6.937,0
sift1m,10000,128,43,10,0.010000,011,0,1,1,512,512,168,0.6719,1.0000,6207,214,5.153,7.728,0
sift1m,10000,128,43,10,0.010000,111,1,1,1,512,512,168,0.6719,1.0000,6207,214,4.982,7.627,0
sift1m,10000,128,44,10,0.010000,000,0,0,0,512,512,512,0.0000,1.0000,16581,140,12.504,0.004,0
sift1m,10000,128,44,10,0.010000,100,1,0,0,512,512,512,0.0000,1.0000,16581,140,12.259,0.004,0
sift1m,10000,128,44,10,0.010000,010,0,1,0,512,512,144,0.7188,1.0000,5042,164,4.260,8.560,0
sift1m,10000,128,44,10,0.010000,001,0,0,1,512,512,136,0.7344,1.0000,4839,157,4.123,8.721,0
sift1m,10000,128,44,10,0.010000,110,1,1,0,512,512,144,0.7188,1.0000,5042,164,4.107,8.536,0
sift1m,10000,128,44,10,0.010000,101,1,0,1,512,512,136,0.7344,1.0000,4839,157,3.965,8.623,0
sift1m,10000,128,44,10,0.010000,011,0,1,1,512,512,137,0.7324,1.0000,4848,156,4.123,8.612,0
sift1m,10000,128,44,10,0.010000,111,1,1,1,512,512,137,0.7324,1.0000,4848,156,4.035,8.533,0
sift1m,10000,128,45,10,0.010000,000,0,0,0,512,512,512,0.0000,1.0000,16814,192,12.785,0.004,0
sift1m,10000,128,45,10,0.010000,100,1,0,0,512,512,512,0.0000,1.0000,16814,192,13.111,0.003,0
sift1m,10000,128,45,10,0.010000,010,0,1,0,512,512,170,0.6680,1.0000,6318,208,5.350,8.049,0
sift1m,10000,128,45,10,0.010000,001,0,0,1,512,512,167,0.6738,1.0000,6113,204,5.339,7.967,0
sift1m,10000,128,45,10,0.010000,110,1,1,0,512,512,170,0.6680,1.0000,6318,208,5.216,7.968,0
sift1m,10000,128,45,10,0.010000,101,1,0,1,512,512,167,0.6738,1.0000,6113,204,5.107,7.623,0
sift1m,10000,128,45,10,0.010000,011,0,1,1,512,512,167,0.6738,1.0000,6185,213,5.209,8.281,0
sift1m,10000,128,45,10,0.010000,111,1,1,1,512,512,167,0.6738,1.0000,6185,213,5.112,8.122,0
sift1m,10000,128,46,10,0.010000,000,0,0,0,512,512,512,0.0000,1.0000,16581,143,13.386,0.004,0
sift1m,10000,128,46,10,0.010000,100,1,0,0,512,512,512,0.0000,1.0000,16581,143,13.131,0.003,0
sift1m,10000,128,46,10,0.010000,010,0,1,0,512,512,149,0.7090,1.0000,5231,171,4.489,9.207,0
sift1m,10000,128,46,10,0.010000,001,0,0,1,512,512,147,0.7129,1.0000,5211,172,4.551,9.225,0
sift1m,10000,128,46,10,0.010000,110,1,1,0,512,512,149,0.7090,1.0000,5231,171,4.460,8.968,0
sift1m,10000,128,46,10,0.010000,101,1,0,1,512,512,147,0.7129,1.0000,5211,172,4.052,8.372,0
sift1m,10000,128,46,10,0.010000,011,0,1,1,512,512,144,0.7188,1.0000,5102,164,4.322,8.450,0
sift1m,10000,128,46,10,0.010000,111,1,1,1,512,512,144,0.7188,1.0000,5102,164,4.102,8.364,0
sift1m,10000,128,47,10,0.010000,000,0,0,0,512,512,512,0.0000,1.0000,16614,140,12.493,0.005,0
sift1m,10000,128,47,10,0.010000,100,1,0,0,512,512,512,0.0000,1.0000,16614,140,12.387,0.004,0
sift1m,10000,128,47,10,0.010000,010,0,1,0,512,512,145,0.7168,1.0000,5090,165,4.199,8.492,0
sift1m,10000,128,47,10,0.010000,001,0,0,1,512,512,136,0.7344,1.0000,4787,161,4.021,8.524,0
sift1m,10000,128,47,10,0.010000,110,1,1,0,512,512,145,0.7168,1.0000,5090,165,4.142,8.424,0
sift1m,10000,128,47,10,0.010000,101,1,0,1,512,512,136,0.7344,1.0000,4787,161,3.918,8.474,0
sift1m,10000,128,47,10,0.010000,011,0,1,1,512,512,137,0.7324,1.0000,4869,155,4.062,8.216,0
sift1m,10000,128,47,10,0.010000,111,1,1,1,512,512,137,0.7324,1.0000,4869,155,3.954,8.557,0
sift1m,10000,128,48,10,0.010000,000,0,0,0,512,512,512,0.0000,1.0000,16767,189,12.915,0.004,0
sift1m,10000,128,48,10,0.010000,100,1,0,0,512,512,512,0.0000,1.0000,16767,189,12.842,0.003,0
sift1m,10000,128,48,10,0.010000,010,0,1,0,512,512,175,0.6582,1.0000,6487,213,5.532,7.673,0
sift1m,10000,128,48,10,0.010000,001,0,0,1,512,512,166,0.6758,1.0000,6078,203,5.271,7.578,0
sift1m,10000,128,48,10,0.010000,110,1,1,0,512,512,175,0.6582,1.0000,6487,213,5.393,7.546,0
sift1m,10000,128,48,10,0.010000,101,1,0,1,512,512,166,0.6758,1.0000,6078,203,5.158,7.498,0
sift1m,10000,128,48,10,0.010000,011,0,1,1,512,512,166,0.6758,1.0000,6172,212,5.321,8.005,0
sift1m,10000,128,48,10,0.010000,111,1,1,1,512,512,166,0.6758,1.0000,6172,212,5.102,8.113,0
sift1m,10000,128,49,10,0.010000,000,0,0,0,512,512,512,0.0000,1.0000,16754,192,13.098,0.004,0
sift1m,10000,128,49,10,0.010000,100,1,0,0,512,512,512,0.0000,1.0000,16754,192,13.063,0.004,0
sift1m,10000,128,49,10,0.010000,010,0,1,0,512,512,172,0.6641,1.0000,6408,210,5.388,7.929,0
sift1m,10000,128,49,10,0.010000,001,0,0,1,512,512,166,0.6758,1.0000,6070,203,5.204,7.637,0
sift1m,10000,128,49,10,0.010000,110,1,1,0,512,512,172,0.6641,1.0000,6408,210,5.208,7.807,0
sift1m,10000,128,49,10,0.010000,101,1,0,1,512,512,166,0.6758,1.0000,6070,203,5.019,7.945,0
sift1m,10000,128,49,10,0.010000,011,0,1,1,512,512,167,0.6738,1.0000,6185,213,5.251,8.226,0
sift1m,10000,128,49,10,0.010000,111,1,1,1,512,512,167,0.6738,1.0000,6185,213,5.109,8.075,0
