dataset,n_records,dim,query_id,k,selectivity,strategy,base_nprobe,nprobe_used,returned_count,recall_at_k,latency_ms,t_centers_ms,t_fetch_pl_ms,t_bf_pl_ms,t_merge_ms,centers,candidates_before_filter,candidates_after_filter,filter_shape,max_factor,epsilon
sift1m,10000,128,0,10,0.010000,metadata_stats,8,8,10,0.100000,0.832,0.433,0.364,0.004,0.017,8,332,18,bernoulli,8.0000,0.001000
sift1m,10000,128,0,10,0.010000,metadata_stats,32,32,10,0.300000,1.730,0.407,1.264,0.012,0.004,32,1172,66,bernoulli,8.0000,0.001000
sift1m,10000,128,0,10,0.100000,metadata_stats,8,8,10,0.100000,1.602,1.183,0.388,0.008,0.002,8,339,72,bernoulli,8.0000,0.001000
sift1m,10000,128,0,10,0.100000,metadata_stats,32,32,10,0.400000,2.857,1.218,1.554,0.030,0.005,32,1390,261,bernoulli,8.0000,0.001000
sift1m,10000,128,0,10,0.500000,metadata_stats,8,8,10,0.100000,0.555,0.114,0.410,0.011,0.002,8,378,243,bernoulli,8.0000,0.001000
sift1m,10000,128,0,10,0.500000,metadata_stats,32,32,10,0.300000,1.863,0.118,1.635,0.040,0.004,32,1493,907,bernoulli,8.0000,0.001000
sift1m,10000,128,1,10,0.010000,metadata_stats,8,8,10,0.200000,0.795,0.419,0.356,0.004,0.002,8,324,25,bernoulli,8.0000,0.001000
sift1m,10000,128,1,10,0.010000,metadata_stats,32,32,10,0.600000,1.788,0.398,1.325,0.012,0.004,32,1230,73,bernoulli,8.0000,0.001000
sift1m,10000,128,1,10,0.100000,metadata_stats,8,8,10,0.300000,1.693,1.199,0.459,0.009,0.006,8,345,69,bernoulli,8.0000,0.001000
sift1m,10000,128,1,10,0.100000,metadata_stats,32,32,10,0.500000,2.595,1.149,1.370,0.028,0.004,32,1338,251,bernoulli,8.0000,0.001000
sift1m,10000,128,1,10,0.500000,metadata_stats,8,8,10,0.000000,0.537,0.107,0.400,0.011,0.002,8,388,258,bernoulli,8.0000,0.001000
sift1m,10000,128,1,10,0.500000,metadata_stats,32,32,10,0.100000,1.772,0.096,1.571,0.040,0.004,32,1517,936,bernoulli,8.0000,0.001000
sift1m,10000,128,2,10,0.010000,metadata_stats,8,8,10,0.200000,0.724,0.407,0.299,0.003,0.001,8,292,19,bernoulli,8.0000,0.001000
sift1m,10000,128,2,10,0.010000,metadata_stats,32,32,10,0.500000,1.726,0.395,1.263,0.011,0.003,32,1250,67,bernoulli,8.0000,0.001000
sift1m,10000,128,2,10,0.100000,metadata_stats,8,8,10,0.100000,1.552,1.144,0.380,0.009,0.004,8,329,79,bernoulli,8.0000,0.001000
sift1m,10000,128,2,10,0.100000,metadata_stats,32,32,10,0.200000,2.898,1.298,1.509,0.030,0.007,32,1340,277,bernoulli,8.0000,0.001000
sift1m,10000,128,2,10,0.500000,metadata_stats,8,8,10,0.200000,0.595,0.120,0.443,0.012,0.002,8,376,238,bernoulli,8.0000,0.001000
sift1m,10000,128,2,10,0.500000,metadata_stats,32,32,10,0.400000,1.920,0.116,1.687,0.042,0.009,32,1491,899,bernoulli,8.0000,0.001000
sift1m,10000,128,3,10,0.010000,metadata_stats,8,8,10,0.300000,0.775,0.416,0.341,0.003,0.005,8,290,22,bernoulli,8.0000,0.001000
sift1m,10000,128,3,10,0.010000,metadata_stats,32,32,10,0.600000,1.854,0.420,1.378,0.012,0.004,32,1213,70,bernoulli,8.0000,0.001000
sift1m,10000,128,3,10,0.100000,metadata_stats,8,8,10,0.000000,1.608,1.211,0.373,0.009,0.002,8,343,79,bernoulli,8.0000,0.001000
sift1m,10000,128,3,10,0.100000,metadata_stats,32,32,10,0.200000,2.684,1.176,1.429,0.031,0.004,32,1360,274,bernoulli,8.0000,0.001000
sift1m,10000,128,3,10,0.500000,metadata_stats,8,8,10,0.000000,0.557,0.110,0.417,0.012,0.001,8,381,244,bernoulli,8.0000,0.001000
sift1m,10000,128,3,10,0.500000,metadata_stats,32,32,10,0.000000,2.012,0.099,1.754,0.079,0.006,32,1496,911,bernoulli,8.0000,0.001000
sift1m,10000,128,4,10,0.010000,metadata_stats,8,8,10,0.100000,0.818,0.413,0.389,0.003,0.002,8,332,19,bernoulli,8.0000,0.001000
sift1m,10000,128,4,10,0.010000,metadata_stats,32,32,10,0.300000,1.839,0.374,1.413,0.012,0.003,32,1334,67,bernoulli,8.0000,0.001000
sift1m,10000,128,4,10,0.100000,metadata_stats,8,8,10,0.000000,1.749,1.226,0.488,0.009,0.004,8,371,74,bernoulli,8.0000,0.001000
sift1m,10000,128,4,10,0.100000,metadata_stats,32,32,10,0.200000,2.913,1.196,1.629,0.030,0.007,32,1433,255,bernoulli,8.0000,0.001000
sift1m,10000,128,4,10,0.500000,metadata_stats,8,8,10,0.000000,0.625,0.124,0.454,0.012,0.003,8,390,247,bernoulli,8.0000,0.001000
sift1m,10000,128,4,10,0.500000,metadata_stats,32,32,10,0.000000,1.914,0.111,1.686,0.041,0.004,32,1503,920,bernoulli,8.0000,0.001000
sift1m,10000,128,5,10,0.010000,metadata_stats,8,8,10,0.500000,0.776,0.407,0.347,0.004,0.003,8,314,25,bernoulli,8.0000,0.001000
sift1m,10000,128,5,10,0.010000,metadata_stats,32,32,10,0.600000,1.806,0.402,1.332,0.012,0.004,32,1282,75,bernoulli,8.0000,0.001000
sift1m,10000,128,5,10,0.100000,metadata_stats,8,8,10,0.000000,1.536,1.129,0.383,0.008,0.002,8,361,76,bernoulli,8.0000,0.001000
sift1m,10000,128,5,10,0.100000,metadata_stats,32,32,10,0.200000,2.655,1.117,1.457,0.030,0.004,32,1417,263,bernoulli,8.0000,0.001000
sift1m,10000,128,5,10,0.500000,metadata_stats,8,8,10,0.000000,0.666,0.118,0.510,0.012,0.004,8,384,247,bernoulli,8.0000,0.001000
sift1m,10000,128,5,10,0.500000,metadata_stats,32,32,10,0.100000,1.974,0.137,1.719,0.039,0.005,32,1484,920,bernoulli,8.0000,0.001000
sift1m,10000,128,6,10,0.010000,metadata_stats,8,8,10,0.200000,0.726,0.393,0.316,0.003,0.002,8,306,23,bernoulli,8.0000,0.001000
sift1m,10000,128,6,10,0.010000,metadata_stats,32,32,10,0.400000,1.836,0.383,1.390,0.012,0.004,32,1300,71,bernoulli,8.0000,0.001000
sift1m,10000,128,6,10,0.100000,metadata_stats,8,8,10,0.000000,1.684,1.209,0.446,0.009,0.004,8,353,74,bernoulli,8.0000,0.001000
sift1m,10000,128,6,10,0.100000,metadata_stats,32,32,10,0.100000,2.786,1.164,1.537,0.030,0.005,32,1332,262,bernoulli,8.0000,0.001000
sift1m,10000,128,6,10,0.500000,metadata_stats,8,8,10,0.000000,0.591,0.146,0.412,0.012,0.003,8,370,244,bernoulli,8.0000,0.001000
sift1m,10000,128,6,10,0.500000,metadata_stats,32,32,10,0.600000,2.086,0.126,1.837,0.044,0.006,32,1510,917,bernoulli,8.0000,0.001000
sift1m,10000,128,7,10,0.010000,metadata_stats,8,8,10,0.300000,0.785,0.426,0.341,0.003,0.002,8,314,24,bernoulli,8.0000,0.001000
sift1m,10000,128,7,10,0.010000,metadata_stats,32,32,10,0.500000,1.867,0.393,1.405,0.012,0.005,32,1242,72,bernoulli,8.0000,0.001000
sift1m,10000,128,7,10,0.100000,metadata_stats,8,8,10,0.000000,1.695,1.228,0.440,0.009,0.003,8,371,72,bernoulli,8.0000,0.001000
sift1m,10000,128,7,10,0.100000,metadata_stats,32,32,10,0.000000,2.940,1.209,1.642,0.031,0.006,32,1450,245,bernoulli,8.0000,0.001000
sift1m,10000,128,7,10,0.500000,metadata_stats,8,8,10,0.000000,0.567,0.115,0.422,0.011,0.002,8,376,241,bernoulli,8.0000,0.001000
sift1m,10000,128,7,10,0.500000,metadata_stats,32,32,10,0.000000,1.924,0.105,1.703,0.041,0.005,32,1492,903,bernoulli,8.0000,0.001000
sift1m,10000,128,8,10,0.010000,metadata_stats,8,8,10,0.500000,0.861,0.438,0.405,0.004,0.003,8,309,21,bernoulli,8.0000,0.001000
sift1m,10000,128,8,10,0.010000,metadata_stats,32,32,10,0.800000,1.827,0.417,1.358,0.011,0.005,32,1183,69,bernoulli,8.0000,0.001000
sift1m,10000,128,8,10,0.100000,metadata_stats,8,8,10,0.000000,1.539,1.153,0.362,0.009,0.002,8,325,79,bernoulli,8.0000,0.001000
sift1m,10000,128,8,10,0.100000,metadata_stats,32,32,10,0.400000,2.776,1.319,1.376,0.029,0.005,32,1328,271,bernoulli,8.0000,0.001000
sift1m,10000,128,8,10,0.500000,metadata_stats,8,8,10,0.000000,0.545,0.112,0.404,0.010,0.001,8,378,240,bernoulli,8.0000,0.001000
sift1m,10000,128,8,10,0.500000,metadata_stats,32,32,10,0.000000,1.769,0.098,1.568,0.040,0.003,32,1504,900,bernoulli,8.0000,0.001000
sift1m,10000,128,9,10,0.010000,metadata_stats,8,8,10,0.000000,0.697,0.387,0.294,0.003,0.002,8,280,18,bernoulli,8.0000,0.001000
sift1m,10000,128,9,10,0.010000,metadata_stats,32,32,10,0.300000,1.636,0.375,1.203,0.011,0.003,32,1177,66,bernoulli,8.0000,0.001000
sift1m,10000,128,9,10,0.100000,metadata_stats,8,8,10,0.300000,1.525,1.134,0.368,0.008,0.001,8,358,78,bernoulli,8.0000,0.001000
sift1m,10000,128,9,10,0.100000,metadata_stats,32,32,10,0.300000,2.967,1.207,1.665,0.036,0.005,32,1367,276,bernoulli,8.0000,0.001000
sift1m,10000,128,9,10,0.500000,metadata_stats,8,8,10,0.000000,0.535,0.109,0.396,0.011,0.002,8,385,245,bernoulli,8.0000,0.001000
sift1m,10000,128,9,10,0.500000,metadata_stats,32,32,10,0.100000,1.753,0.098,1.552,0.039,0.004,32,1482,918,bernoulli,8.0000,0.001000
sift1m,10000,128,10,10,0.010000,metadata_stats,8,8,10,0.300000,0.718,0.398,0.302,0.003,0.002,8,292,22,bernoulli,8.0000,0.001000
sift1m,10000,128,10,10,0.010000,metadata_stats,32,32,10,0.500000,1.638,0.380,1.191,0.011,0.003,32,1217,70,bernoulli,8.0000,0.001000
sift1m,10000,128,10,10,0.100000,metadata_stats,8,8,10,0.300000,1.543,1.108,0.406,0.010,0.004,8,333,78,bernoulli,8.0000,0.001000
sift1m,10000,128,10,10,0.100000,metadata_stats,32,32,10,0.300000,2.718,1.246,1.391,0.030,0.005,32,1327,278,bernoulli,8.0000,0.001000
sift1m,10000,128,10,10,0.500000,metadata_stats,8,8,10,0.000000,0.524,0.102,0.393,0.011,0.001,8,378,240,bernoulli,8.0000,0.001000
sift1m,10000,128,10,10,0.500000,metadata_stats,32,32,10,0.100000,1.761,0.097,1.560,0.040,0.004,32,1487,900,bernoulli,8.0000,0.001000
sift1m,10000,128,11,10,0.010000,metadata_stats,8,8,10,0.200000,0.685,0.405,0.262,0.004,0.002,8,275,26,bernoulli,8.0000,0.001000
sift1m,10000,128,11,10,0.010000,metadata_stats,32,32,10,0.500000,1.653,0.394,1.197,0.012,0.004,32,1213,75,bernoulli,8.0000,0.001000
sift1m,10000,128,11,10,0.100000,metadata_stats,8,8,10,0.200000,1.647,1.110,0.505,0.009,0.005,8,355,75,bernoulli,8.0000,0.001000
sift1m,10000,128,11,10,0.100000,metadata_stats,32,32,10,0.200000,2.822,1.170,1.561,0.030,0.009,32,1362,267,bernoulli,8.0000,0.001000
sift1m,10000,128,11,10,0.500000,metadata_stats,8,8,10,0.000000,0.543,0.101,0.410,0.011,0.003,8,386,252,bernoulli,8.0000,0.001000
sift1m,10000,128,11,10,0.500000,metadata_stats,32,32,10,0.000000,1.737,0.098,1.533,0.041,0.004,32,1510,919,bernoulli,8.0000,0.001000
sift1m,10000,128,12,10,0.010000,metadata_stats,8,8,10,0.100000,0.692,0.409,0.265,0.003,0.002,8,263,22,bernoulli,8.0000,0.001000
sift1m,10000,128,12,10,0.010000,metadata_stats,32,32,10,0.400000,1.652,0.401,1.171,0.011,0.004,32,1107,70,bernoulli,8.0000,0.001000
sift1m,10000,128,12,10,0.100000,metadata_stats,8,8,10,0.200000,1.634,1.250,0.360,0.009,0.002,8,343,78,bernoulli,8.0000,0.001000
sift1m,10000,128,12,10,0.100000,metadata_stats,32,32,10,0.200000,2.634,1.150,1.404,0.031,0.004,32,1366,277,bernoulli,8.0000,0.001000
sift1m,10000,128,12,10,0.500000,metadata_stats,8,8,10,0.100000,0.517,0.100,0.389,0.011,0.001,8,369,243,bernoulli,8.0000,0.001000
sift1m,10000,128,12,10,0.500000,metadata_stats,32,32,10,0.100000,1.744,0.096,1.544,0.040,0.004,32,1462,915,bernoulli,8.0000,0.001000
sift1m,10000,128,13,10,0.010000,metadata_stats,8,8,10,0.200000,0.766,0.417,0.333,0.004,0.002,8,317,23,bernoulli,8.0000,0.001000
sift1m,10000,128,13,10,0.010000,metadata_stats,32,32,10,0.300000,1.705,0.402,1.255,0.012,0.003,32,1232,71,bernoulli,8.0000,0.001000
sift1m,10000,128,13,10,0.100000,metadata_stats,8,8,10,0.000000,1.700,1.223,0.445,0.010,0.003,8,334,78,bernoulli,8.0000,0.001000
sift1m,10000,128,13,10,0.100000,metadata_stats,32,32,10,0.300000,2.787,1.203,1.498,0.031,0.004,32,1386,267,bernoulli,8.0000,0.001000
sift1m,10000,128,13,10,0.500000,metadata_stats,8,8,10,0.100000,0.517,0.097,0.391,0.011,0.001,8,382,242,bernoulli,8.0000,0.001000
sift1m,10000,128,13,10,0.500000,metadata_stats,32,32,10,0.100000,1.712,0.093,1.517,0.038,0.003,32,1493,911,bernoulli,8.0000,0.001000
sift1m,10000,128,14,10,0.010000,metadata_stats,8,8,10,0.400000,0.741,0.390,0.334,0.003,0.001,8,317,22,bernoulli,8.0000,0.001000
sift1m,10000,128,14,10,0.010000,metadata_stats,32,32,10,0.700000,1.765,0.392,1.313,0.012,0.004,32,1257,70,bernoulli,8.0000,0.001000
sift1m,10000,128,14,10,0.100000,metadata_stats,8,8,10,0.000000,1.664,1.193,0.435,0.010,0.008,8,353,87,bernoulli,8.0000,0.001000
sift1m,10000,128,14,10,0.100000,metadata_stats,32,32,10,0.000000,2.713,1.099,1.526,0.031,0.004,32,1399,282,bernoulli,8.0000,0.001000
sift1m,10000,128,14,10,0.500000,metadata_stats,8,8,10,0.200000,0.576,0.116,0.428,0.012,0.002,8,385,239,bernoulli,8.0000,0.001000
sift1m,10000,128,14,10,0.500000,metadata_stats,32,32,10,0.300000,1.771,0.104,1.562,0.040,0.003,32,1491,896,bernoulli,8.0000,0.001000
sift1m,10000,128,15,10,0.010000,metadata_stats,8,8,10,0.400000,0.765,0.400,0.350,0.003,0.002,8,322,21,bernoulli,8.0000,0.001000
sift1m,10000,128,15,10,0.010000,metadata_stats,32,32,10,0.600000,1.625,0.376,1.196,0.014,0.003,32,1174,69,bernoulli,8.0000,0.001000
sift1m,10000,128,15,10,0.100000,metadata_stats,8,8,10,0.200000,1.699,1.309,0.367,0.009,0.002,8,342,83,bernoulli,8.0000,0.001000
sift1m,10000,128,15,10,0.100000,metadata_stats,32,32,10,0.300000,2.656,1.160,1.417,0.031,0.004,32,1367,277,bernoulli,8.0000,0.001000
sift1m,10000,128,15,10,0.500000,metadata_stats,8,8,10,0.000000,0.517,0.101,0.387,0.011,0.001,8,379,246,bernoulli,8.0000,0.001000
sift1m,10000,128,15,10,0.500000,metadata_stats,32,32,10,0.000000,1.706,0.095,1.509,0.040,0.003,32,1499,918,bernoulli,8.0000,0.001000
sift1m,10000,128,16,10,0.010000,metadata_stats,8,8,10,0.200000,0.785,0.389,0.379,0.003,0.002,8,344,21,bernoulli,8.0000,0.001000
sift1m,10000,128,16,10,0.010000,metadata_stats,32,32,10,0.500000,1.688,0.371,1.263,0.011,0.003,32,1235,69,bernoulli,8.0000,0.001000
sift1m,10000,128,16,10,0.100000,metadata_stats,8,8,10,0.000000,1.825,1.350,0.444,0.010,0.005,8,358,82,bernoulli,8.0000,0.001000
sift1m,10000,128,16,10,0.100000,metadata_stats,32,32,10,0.100000,2.724,1.183,1.452,0.032,0.004,32,1387,280,bernoulli,8.0000,0.001000
sift1m,10000,128,16,10,0.500000,metadata_stats,8,8,10,0.200000,0.533,0.105,0.399,0.011,0.001,8,384,248,bernoulli,8.0000,0.001000
sift1m,10000,128,16,10,0.500000,metadata_stats,32,32,10,0.400000,1.748,0.097,1.548,0.040,0.003,32,1482,918,bernoulli,8.0000,0.001000
sift1m,10000,128,17,10,0.010000,metadata_stats,8,8,10,0.000000,0.762,0.436,0.308,0.003,0.002,8,302,21,bernoulli,8.0000,0.001000
sift1m,10000,128,17,10,0.010000,metadata_stats,32,32,10,0.400000,1.631,0.397,1.175,0.011,0.004,32,1177,69,bernoulli,8.0000,0.001000
sift1m,10000,128,17,10,0.100000,metadata_stats,8,8,10,0.100000,1.712,1.236,0.448,0.009,0.003,8,355,77,bernoulli,8.0000,0.001000
sift1m,10000,128,17,10,0.100000,metadata_stats,32,32,10,0.200000,2.874,1.147,1.624,0.033,0.006,32,1439,272,bernoulli,8.0000,0.001000
sift1m,10000,128,17,10,0.500000,metadata_stats,8,8,10,0.000000,0.531,0.101,0.400,0.012,0.002,8,376,246,bernoulli,8.0000,0.001000
sift1m,10000,128,17,10,0.500000,metadata_stats,32,32,10,0.000000,1.726,0.101,1.521,0.042,0.004,32,1496,924,bernoulli,8.0000,0.001000
sift1m,10000,128,18,10,0.010000,metadata_stats,8,8,10,0.300000,0.666,0.391,0.260,0.003,0.001,8,265,17,bernoulli,8.0000,0.001000
sift1m,10000,128,18,10,0.010000,metadata_stats,32,32,10,0.600000,1.667,0.384,1.227,0.011,0.003,32,1186,65,bernoulli,8.0000,0.001000
sift1m,10000,128,18,10,0.100000,metadata_stats,8,8,10,0.100000,1.677,1.196,0.449,0.009,0.004,8,343,74,bernoulli,8.0000,0.001000
sift1m,10000,128,18,10,0.100000,metadata_stats,32,32,10,0.100000,2.626,1.143,1.404,0.028,0.004,32,1343,252,bernoulli,8.0000,0.001000
sift1m,10000,128,18,10,0.500000,metadata_stats,8,8,10,0.000000,0.533,0.109,0.395,0.011,0.001,8,380,238,bernoulli,8.0000,0.001000
sift1m,10000,128,18,10,0.500000,metadata_stats,32,32,10,0.200000,1.731,0.099,1.527,0.041,0.003,32,1493,908,bernoulli,8.0000,0.001000
sift1m,10000,128,19,10,0.010000,metadata_stats,8,8,10,0.400000,0.729,0.377,0.335,0.003,0.002,8,326,22,bernoulli,8.0000,0.001000
sift1m,10000,128,19,10,0.010000,metadata_stats,32,32,10,0.500000,1.668,0.371,1.242,0.012,0.003,32,1224,70,bernoulli,8.0000,0.001000
sift1m,10000,128,19,10,0.100000,metadata_stats,8,8,10,0.200000,1.774,1.231,0.506,0.011,0.005,8,371,87,bernoulli,8.0000,0.001000
sift1m,10000,128,19,10,0.100000,metadata_stats,32,32,10,0.300000,2.769,1.221,1.452,0.031,0.007,32,1420,292,bernoulli,8.0000,0.001000
sift1m,10000,128,19,10,0.500000,metadata_stats,8,8,10,0.100000,0.514,0.101,0.385,0.011,0.001,8,368,242,bernoulli,8.0000,0.001000
sift1m,10000,128,19,10,0.500000,metadata_stats,32,32,10,0.200000,1.747,0.097,1.548,0.039,0.003,32,1502,900,bernoulli,8.0000,0.001000
sift1m,10000,128,20,10,0.010000,metadata_stats,8,8,10,0.200000,0.682,0.395,0.271,0.003,0.001,8,273,19,bernoulli,8.0000,0.001000
sift1m,10000,128,20,10,0.010000,metadata_stats,32,32,10,0.300000,1.829,0.386,1.365,0.013,0.009,32,1235,67,bernoulli,8.0000,0.001000
sift1m,10000,128,20,10,0.100000,metadata_stats,8,8,10,0.100000,1.502,1.109,0.362,0.008,0.002,8,325,77,bernoulli,8.0000,0.001000
sift1m,10000,128,20,10,0.100000,metadata_stats,32,32,10,0.700000,2.526,1.100,1.351,0.029,0.004,32,1299,264,bernoulli,8.0000,0.001000
sift1m,10000,128,20,10,0.500000,metadata_stats,8,8,10,0.000000,0.526,0.100,0.398,0.011,0.001,8,382,249,bernoulli,8.0000,0.001000
sift1m,10000,128,20,10,0.500000,metadata_stats,32,32,10,0.000000,1.740,0.099,1.538,0.040,0.003,32,1492,930,bernoulli,8.0000,0.001000
sift1m,10000,128,21,10,0.010000,metadata_stats,8,8,10,0.100000,0.707,0.403,0.285,0.004,0.002,8,279,26,bernoulli,8.0000,0.001000
sift1m,10000,128,21,10,0.010000,metadata_stats,32,32,10,0.500000,1.931,0.480,1.374,0.013,0.004,32,1198,78,bernoulli,8.0000,0.001000
sift1m,10000,128,21,10,0.100000,metadata_stats,8,8,10,0.300000,1.523,1.137,0.363,0.009,0.001,8,351,83,bernoulli,8.0000,0.001000
sift1m,10000,128,21,10,0.100000,metadata_stats,32,32,10,0.400000,2.600,1.135,1.387,0.029,0.003,32,1343,270,bernoulli,8.0000,0.001000
sift1m,10000,128,21,10,0.500000,metadata_stats,8,8,10,0.000000,0.518,0.099,0.391,0.011,0.001,8,378,239,bernoulli,8.0000,0.001000
sift1m,10000,128,21,10,0.500000,metadata_stats,32,32,10,0.300000,1.706,0.096,1.508,0.040,0.003,32,1468,887,bernoulli,8.0000,0.001000
sift1m,10000,128,22,10,0.010000,metadata_stats,8,8,10,0.300000,0.771,0.395,0.358,0.003,0.002,8,344,21,bernoulli,8.0000,0.001000
sift1m,10000,128,22,10,0.010000,metadata_stats,32,32,10,0.500000,1.949,0.385,1.482,0.016,0.009,32,1324,69,bernoulli,8.0000,0.001000
sift1m,10000,128,22,10,0.100000,metadata_stats,8,8,10,0.000000,1.647,1.240,0.381,0.009,0.003,8,347,78,bernoulli,8.0000,0.001000
sift1m,10000,128,22,10,0.100000,metadata_stats,32,32,10,0.000000,2.676,1.154,1.431,0.030,0.005,32,1314,267,bernoulli,8.0000,0.001000
sift1m,10000,128,22,10,0.500000,metadata_stats,8,8,10,0.000000,0.529,0.101,0.397,0.011,0.002,8,373,242,bernoulli,8.0000,0.001000
sift1m,10000,128,22,10,0.500000,metadata_stats,32,32,10,0.100000,1.680,0.095,1.483,0.040,0.003,32,1486,911,bernoulli,8.0000,0.001000
sift1m,10000,128,23,10,0.010000,metadata_stats,8,8,10,0.300000,0.773,0.401,0.353,0.003,0.002,8,348,22,bernoulli,8.0000,0.001000
sift1m,10000,128,23,10,0.010000,metadata_stats,32,32,10,0.500000,1.985,0.391,1.517,0.013,0.009,32,1270,70,bernoulli,8.0000,0.001000
sift1m,10000,128,23,10,0.100000,metadata_stats,8,8,10,0.000000,1.594,1.155,0.415,0.009,0.002,8,346,78,bernoulli,8.0000,0.001000
sift1m,10000,128,23,10,0.100000,metadata_stats,32,32,10,0.200000,2.740,1.326,1.333,0.029,0.005,32,1332,263,bernoulli,8.0000,0.001000
sift1m,10000,128,23,10,0.500000,metadata_stats,8,8,10,0.000000,0.578,0.140,0.407,0.012,0.002,8,375,243,bernoulli,8.0000,0.001000
sift1m,10000,128,23,10,0.500000,metadata_stats,32,32,10,0.000000,1.759,0.113,1.543,0.040,0.003,32,1477,915,bernoulli,8.0000,0.001000
sift1m,10000,128,24,10,0.010000,metadata_stats,8,8,10,0.400000,0.833,0.398,0.410,0.004,0.004,8,334,20,bernoulli,8.0000,0.001000
sift1m,10000,128,24,10,0.010000,metadata_stats,32,32,10,0.700000,1.914,0.445,1.400,0.012,0.008,32,1201,68,bernoulli,8.0000,0.001000
sift1m,10000,128,24,10,0.100000,metadata_stats,8,8,10,0.000000,1.509,1.107,0.379,0.008,0.002,8,357,75,bernoulli,8.0000,0.001000
sift1m,10000,128,24,10,0.100000,metadata_stats,32,32,10,0.200000,2.568,1.102,1.386,0.028,0.006,32,1373,260,bernoulli,8.0000,0.001000
sift1m,10000,128,24,10,0.500000,metadata_stats,8,8,10,0.000000,0.520,0.097,0.394,0.011,0.001,8,391,256,bernoulli,8.0000,0.001000
sift1m,10000,128,24,10,0.500000,metadata_stats,32,32,10,0.300000,1.749,0.112,1.535,0.039,0.003,32,1512,924,bernoulli,8.0000,0.001000
sift1m,10000,128,25,10,0.010000,metadata_stats,8,8,10,0.100000,0.936,0.400,0.512,0.005,0.003,8,363,26,bernoulli,8.0000,0.001000
sift1m,10000,128,25,10,0.010000,metadata_stats,32,32,10,0.400000,1.818,0.392,1.364,0.012,0.003,32,1318,76,bernoulli,8.0000,0.001000
sift1m,10000,128,25,10,0.100000,metadata_stats,8,8,10,0.200000,1.519,1.134,0.363,0.008,0.001,8,355,75,bernoulli,8.0000,0.001000
sift1m,10000,128,25,10,0.100000,metadata_stats,32,32,10,0.200000,2.582,1.131,1.375,0.028,0.003,32,1366,252,bernoulli,8.0000,0.001000
sift1m,10000,128,25,10,0.500000,metadata_stats,8,8,10,0.000000,0.512,0.100,0.384,0.011,0.001,8,376,246,bernoulli,8.0000,0.001000
sift1m,10000,128,25,10,0.500000,metadata_stats,32,32,10,0.000000,1.743,0.097,1.542,0.040,0.003,32,1492,912,bernoulli,8.0000,0.001000
sift1m,10000,128,26,10,0.010000,metadata_stats,8,8,10,0.100000,0.927,0.458,0.447,0.004,0.004,8,323,20,bernoulli,8.0000,0.001000
sift1m,10000,128,26,10,0.010000,metadata_stats,32,32,10,0.400000,1.628,0.464,1.115,0.012,0.004,32,1132,68,bernoulli,8.0000,0.001000
sift1m,10000,128,26,10,0.100000,metadata_stats,8,8,10,0.200000,1.566,1.194,0.350,0.009,0.001,8,342,75,bernoulli,8.0000,0.001000
sift1m,10000,128,26,10,0.100000,metadata_stats,32,32,10,0.300000,2.597,1.160,1.360,0.030,0.003,32,1332,262,bernoulli,8.0000,0.001000
sift1m,10000,128,26,10,0.500000,metadata_stats,8,8,10,0.300000,0.507,0.102,0.377,0.011,0.001,8,365,242,bernoulli,8.0000,0.001000
sift1m,10000,128,26,10,0.500000,metadata_stats,32,32,10,0.300000,1.791,0.102,1.583,0.040,0.004,32,1491,896,bernoulli,8.0000,0.001000
sift1m,10000,128,27,10,0.010000,metadata_stats,8,8,10,0.300000,0.871,0.466,0.376,0.004,0.004,8,291,22,bernoulli,8.0000,0.001000
sift1m,10000,128,27,10,0.010000,metadata_stats,32,32,10,0.400000,1.848,0.425,1.347,0.011,0.004,32,1261,70,bernoulli,8.0000,0.001000
sift1m,10000,128,27,10,0.100000,metadata_stats,8,8,10,0.000000,1.564,1.137,0.402,0.009,0.002,8,362,76,bernoulli,8.0000,0.001000
sift1m,10000,128,27,10,0.100000,metadata_stats,32,32,10,0.100000,2.635,1.159,1.394,0.029,0.004,32,1387,268,bernoulli,8.0000,0.001000
sift1m,10000,128,27,10,0.500000,metadata_stats,8,8,10,0.000000,0.540,0.102,0.406,0.011,0.002,8,390,244,bernoulli,8.0000,0.001000
sift1m,10000,128,27,10,0.500000,metadata_stats,32,32,10,0.400000,1.749,0.120,1.525,0.039,0.003,32,1496,903,bernoulli,8.0000,0.001000
sift1m,10000,128,28,10,0.010000,metadata_stats,8,8,10,0.400000,0.864,0.427,0.413,0.004,0.004,8,348,25,bernoulli,8.0000,0.001000
sift1m,10000,128,28,10,0.010000,metadata_stats,32,32,10,0.500000,1.888,0.421,1.396,0.013,0.005,32,1269,73,bernoulli,8.0000,0.001000
sift1m,10000,128,28,10,0.100000,metadata_stats,8,8,10,0.300000,1.637,1.167,0.442,0.009,0.002,8,363,80,bernoulli,8.0000,0.001000
sift1m,10000,128,28,10,0.100000,metadata_stats,32,32,10,0.300000,2.601,1.099,1.423,0.030,0.004,32,1401,271,bernoulli,8.0000,0.001000
sift1m,10000,128,28,10,0.500000,metadata_stats,8,8,10,0.000000,0.531,0.113,0.391,0.011,0.001,8,382,258,bernoulli,8.0000,0.001000
sift1m,10000,128,28,10,0.500000,metadata_stats,32,32,10,0.600000,1.844,0.096,1.625,0.042,0.008,32,1511,946,bernoulli,8.0000,0.001000
sift1m,10000,128,29,10,0.010000,metadata_stats,8,8,10,0.100000,0.763,0.439,0.307,0.003,0.002,8,271,19,bernoulli,8.0000,0.001000
sift1m,10000,128,29,10,0.010000,metadata_stats,32,32,10,0.600000,1.736,0.455,1.221,0.012,0.005,32,1215,67,bernoulli,8.0000,0.001000
sift1m,10000,128,29,10,0.100000,metadata_stats,8,8,10,0.100000,1.543,1.152,0.365,0.008,0.001,8,353,75,bernoulli,8.0000,0.001000
sift1m,10000,128,29,10,0.100000,metadata_stats,32,32,10,0.700000,2.696,1.162,1.452,0.030,0.003,32,1384,272,bernoulli,8.0000,0.001000
sift1m,10000,128,29,10,0.500000,metadata_stats,8,8,10,0.100000,0.528,0.102,0.397,0.011,0.001,8,380,243,bernoulli,8.0000,0.001000
sift1m,10000,128,29,10,0.500000,metadata_stats,32,32,10,0.200000,1.912,0.099,1.702,0.041,0.004,32,1525,911,bernoulli,8.0000,0.001000
sift1m,10000,128,30,10,0.010000,metadata_stats,8,8,10,0.000000,0.777,0.409,0.347,0.003,0.002,8,336,18,bernoulli,8.0000,0.001000
sift1m,10000,128,30,10,0.010000,metadata_stats,32,32,10,0.700000,1.754,0.395,1.289,0.011,0.003,32,1261,66,bernoulli,8.0000,0.001000
sift1m,10000,128,30,10,0.100000,metadata_stats,8,8,10,0.000000,1.621,1.101,0.489,0.010,0.004,8,357,77,bernoulli,8.0000,0.001000
sift1m,10000,128,30,10,0.100000,metadata_stats,32,32,10,0.000000,2.763,1.172,1.507,0.029,0.005,32,1376,258,bernoulli,8.0000,0.001000
sift1m,10000,128,30,10,0.500000,metadata_stats,8,8,10,0.100000,0.606,0.102,0.469,0.012,0.003,8,382,236,bernoulli,8.0000,0.001000
sift1m,10000,128,30,10,0.500000,metadata_stats,32,32,10,0.400000,1.963,0.139,1.706,0.043,0.005,32,1508,899,bernoulli,8.0000,0.001000
sift1m,10000,128,31,10,0.010000,metadata_stats,8,8,10,0.100000,0.734,0.410,0.303,0.003,0.006,8,296,21,bernoulli,8.0000,0.001000
sift1m,10000,128,31,10,0.010000,metadata_stats,32,32,10,0.400000,1.707,0.378,1.269,0.011,0.003,32,1262,69,bernoulli,8.0000,0.001000
sift1m,10000,128,31,10,0.100000,metadata_stats,8,8,10,0.000000,1.512,1.153,0.338,0.008,0.001,8,321,77,bernoulli,8.0000,0.001000
sift1m,10000,128,31,10,0.100000,metadata_stats,32,32,10,0.000000,2.709,1.153,1.476,0.030,0.003,32,1404,275,bernoulli,8.0000,0.001000
sift1m,10000,128,31,10,0.500000,metadata_stats,8,8,10,0.000000,0.536,0.104,0.402,0.011,0.002,8,367,236,bernoulli,8.0000,0.001000
sift1m,10000,128,31,10,0.500000,metadata_stats,32,32,10,0.300000,1.877,0.101,1.651,0.041,0.007,32,1471,885,bernoulli,8.0000,0.001000
sift1m,10000,128,32,10,0.010000,metadata_stats,8,8,10,0.100000,0.791,0.427,0.344,0.003,0.003,8,314,21,bernoulli,8.0000,0.001000
sift1m,10000,128,32,10,0.010000,metadata_stats,32,32,10,0.200000,1.830,0.394,1.376,0.012,0.005,32,1216,67,bernoulli,8.0000,0.001000
sift1m,10000,128,32,10,0.100000,metadata_stats,8,8,10,0.100000,1.750,1.345,0.379,0.009,0.002,8,352,80,bernoulli,8.0000,0.001000
sift1m,10000,128,32,10,0.100000,metadata_stats,32,32,10,0.100000,2.559,1.104,1.378,0.030,0.003,32,1367,272,bernoulli,8.0000,0.001000
sift1m,10000,128,32,10,0.500000,metadata_stats,8,8,10,0.300000,0.556,0.098,0.427,0.011,0.002,8,381,249,bernoulli,8.0000,0.001000
sift1m,10000,128,32,10,0.500000,metadata_stats,32,32,10,0.400000,1.737,0.100,1.534,0.040,0.003,32,1507,913,bernoulli,8.0000,0.001000
sift1m,10000,128,33,10,0.010000,metadata_stats,8,8,10,0.000000,0.734,0.388,0.330,0.003,0.002,8,322,21,bernoulli,8.0000,0.001000
sift1m,10000,128,33,10,0.010000,metadata_stats,32,32,10,0.400000,1.728,0.376,1.298,0.012,0.003,32,1283,69,bernoulli,8.0000,0.001000
sift1m,10000,128,33,10,0.100000,metadata_stats,8,8,10,0.000000,1.568,1.160,0.383,0.010,0.002,8,374,86,bernoulli,8.0000,0.001000
sift1m,10000,128,33,10,0.100000,metadata_stats,32,32,10,0.200000,2.645,1.156,1.408,0.033,0.003,32,1372,295,bernoulli,8.0000,0.001000
sift1m,10000,128,33,10,0.500000,metadata_stats,8,8,10,0.100000,0.599,0.105,0.464,0.011,0.001,8,380,244,bernoulli,8.0000,0.001000
sift1m,10000,128,33,10,0.500000,metadata_stats,32,32,10,0.100000,1.803,0.100,1.596,0.041,0.003,32,1494,896,bernoulli,8.0000,0.001000
sift1m,10000,128,34,10,0.010000,metadata_stats,8,8,10,0.100000,0.963,0.525,0.418,0.004,0.003,8,324,18,bernoulli,8.0000,0.001000
sift1m,10000,128,34,10,0.010000,metadata_stats,32,32,10,0.500000,2.107,0.488,1.557,0.014,0.006,32,1204,66,bernoulli,8.0000,0.001000
sift1m,10000,128,34,10,0.100000,metadata_stats,8,8,10,0.300000,1.781,1.288,0.466,0.009,0.003,8,351,78,bernoulli,8.0000,0.001000
sift1m,10000,128,34,10,0.100000,metadata_stats,32,32,10,0.400000,3.950,1.837,1.991,0.034,0.008,32,1355,269,bernoulli,8.0000,0.001000
sift1m,10000,128,34,10,0.500000,metadata_stats,8,8,10,0.000000,0.646,0.145,0.467,0.012,0.003,8,382,242,bernoulli,8.0000,0.001000
sift1m,10000,128,34,10,0.500000,metadata_stats,32,32,10,0.100000,2.530,0.125,2.177,0.048,0.009,32,1508,913,bernoulli,8.0000,0.001000
sift1m,10000,128,35,10,0.010000,metadata_stats,8,8,10,0.400000,0.912,0.469,0.417,0.004,0.003,8,358,23,bernoulli,8.0000,0.001000
sift1m,10000,128,35,10,0.010000,metadata_stats,32,32,10,0.800000,2.075,0.434,1.557,0.013,0.005,32,1358,71,bernoulli,8.0000,0.001000
sift1m,10000,128,35,10,0.100000,metadata_stats,8,8,10,0.100000,1.694,1.258,0.409,0.010,0.002,8,344,78,bernoulli,8.0000,0.001000
sift1m,10000,128,35,10,0.100000,metadata_stats,32,32,10,0.400000,2.811,1.239,1.485,0.032,0.005,32,1293,276,bernoulli,8.0000,0.001000
sift1m,10000,128,35,10,0.500000,metadata_stats,8,8,10,0.100000,0.542,0.115,0.398,0.011,0.002,8,357,236,bernoulli,8.0000,0.001000
sift1m,10000,128,35,10,0.500000,metadata_stats,32,32,10,0.500000,1.839,0.115,1.617,0.041,0.004,32,1464,875,bernoulli,8.0000,0.001000
sift1m,10000,128,36,10,0.010000,metadata_stats,8,8,10,0.100000,0.832,0.445,0.367,0.003,0.002,8,309,19,bernoulli,8.0000,0.001000
sift1m,10000,128,36,10,0.010000,metadata_stats,32,32,10,0.300000,2.070,0.437,1.557,0.013,0.006,32,1169,67,bernoulli,8.0000,0.001000
sift1m,10000,128,36,10,0.100000,metadata_stats,8,8,10,0.000000,1.709,1.270,0.411,0.009,0.003,8,345,81,bernoulli,8.0000,0.001000
sift1m,10000,128,36,10,0.100000,metadata_stats,32,32,10,0.400000,2.935,1.202,1.639,0.034,0.007,32,1416,279,bernoulli,8.0000,0.001000
sift1m,10000,128,36,10,0.500000,metadata_stats,8,8,10,0.100000,0.551,0.108,0.412,0.012,0.003,8,377,249,bernoulli,8.0000,0.001000
sift1m,10000,128,36,10,0.500000,metadata_stats,32,32,10,0.300000,1.750,0.100,1.545,0.039,0.003,32,1507,908,bernoulli,8.0000,0.001000
sift1m,10000,128,37,10,0.010000,metadata_stats,8,8,10,0.000000,0.805,0.409,0.377,0.004,0.002,8,337,25,bernoulli,8.0000,0.001000
sift1m,10000,128,37,10,0.010000,metadata_stats,32,32,10,0.500000,1.960,0.495,1.400,0.013,0.006,32,1225,72,bernoulli,8.0000,0.001000
sift1m,10000,128,37,10,0.100000,metadata_stats,8,8,10,0.100000,1.563,1.167,0.371,0.008,0.002,8,344,76,bernoulli,8.0000,0.001000
sift1m,10000,128,37,10,0.100000,metadata_stats,32,32,10,0.100000,2.586,1.110,1.397,0.029,0.004,32,1372,265,bernoulli,8.0000,0.001000
sift1m,10000,128,37,10,0.500000,metadata_stats,8,8,10,0.000000,0.542,0.105,0.408,0.011,0.001,8,387,242,bernoulli,8.0000,0.001000
sift1m,10000,128,37,10,0.500000,metadata_stats,32,32,10,0.200000,1.752,0.097,1.553,0.040,0.003,32,1497,899,bernoulli,8.0000,0.001000
sift1m,10000,128,38,10,0.010000,metadata_stats,8,8,10,0.000000,0.652,0.378,0.216,0.003,0.043,8,235,16,bernoulli,8.0000,0.001000
sift1m,10000,128,38,10,0.010000,metadata_stats,32,32,10,0.800000,1.772,0.427,1.284,0.011,0.004,32,1131,64,bernoulli,8.0000,0.001000
sift1m,10000,128,38,10,0.100000,metadata_stats,8,8,10,0.000000,1.633,1.199,0.408,0.009,0.002,8,370,78,bernoulli,8.0000,0.001000
sift1m,10000,128,38,10,0.100000,metadata_stats,32,32,10,0.100000,2.666,1.153,1.434,0.030,0.004,32,1389,273,bernoulli,8.0000,0.001000
sift1m,10000,128,38,10,0.500000,metadata_stats,8,8,10,0.000000,0.536,0.101,0.406,0.012,0.001,8,389,248,bernoulli,8.0000,0.001000
sift1m,10000,128,38,10,0.500000,metadata_stats,32,32,10,0.000000,1.752,0.097,1.552,0.040,0.003,32,1512,907,bernoulli,8.0000,0.001000
sift1m,10000,128,39,10,0.010000,metadata_stats,8,8,10,0.100000,0.856,0.401,0.426,0.004,0.005,8,303,24,bernoulli,8.0000,0.001000
sift1m,10000,128,39,10,0.010000,metadata_stats,32,32,10,0.200000,1.881,0.474,1.345,0.012,0.005,32,1234,72,bernoulli,8.0000,0.001000
sift1m,10000,128,39,10,0.100000,metadata_stats,8,8,10,0.000000,1.631,1.221,0.385,0.010,0.002,8,352,84,bernoulli,8.0000,0.001000
sift1m,10000,128,39,10,0.100000,metadata_stats,32,32,10,0.300000,2.684,1.165,1.438,0.032,0.004,32,1383,286,bernoulli,8.0000,0.001000
sift1m,10000,128,39,10,0.500000,metadata_stats,8,8,10,0.000000,0.531,0.102,0.399,0.012,0.001,8,379,255,bernoulli,8.0000,0.001000
sift1m,10000,128,39,10,0.500000,metadata_stats,32,32,10,0.000000,1.776,0.101,1.567,0.042,0.004,32,1495,933,bernoulli,8.0000,0.001000
sift1m,10000,128,40,10,0.010000,metadata_stats,8,8,10,0.300000,0.764,0.415,0.326,0.003,0.002,8,308,22,bernoulli,8.0000,0.001000
sift1m,10000,128,40,10,0.010000,metadata_stats,32,32,10,0.700000,1.680,0.401,1.204,0.011,0.003,32,1192,70,bernoulli,8.0000,0.001000
sift1m,10000,128,40,10,0.100000,metadata_stats,8,8,10,0.100000,1.519,1.136,0.360,0.009,0.001,8,345,78,bernoulli,8.0000,0.001000
sift1m,10000,128,40,10,0.100000,metadata_stats,32,32,10,0.100000,2.578,1.135,1.365,0.030,0.003,32,1317,277,bernoulli,8.0000,0.001000
sift1m,10000,128,40,10,0.500000,metadata_stats,8,8,10,0.200000,0.536,0.103,0.402,0.011,0.001,8,387,239,bernoulli,8.0000,0.001000
sift1m,10000,128,40,10,0.500000,metadata_stats,32,32,10,0.300000,1.782,0.099,1.577,0.041,0.003,32,1523,912,bernoulli,8.0000,0.001000
sift1m,10000,128,41,10,0.010000,metadata_stats,8,8,10,0.200000,0.904,0.443,0.437,0.004,0.003,8,331,24,bernoulli,8.0000,0.001000
sift1m,10000,128,41,10,0.010000,metadata_stats,32,32,10,0.600000,1.860,0.390,1.397,0.012,0.005,32,1307,72,bernoulli,8.0000,0.001000
sift1m,10000,128,41,10,0.100000,metadata_stats,8,8,10,0.100000,1.627,1.208,0.393,0.009,0.002,8,342,80,bernoulli,8.0000,0.001000
sift1m,10000,128,41,10,0.100000,metadata_stats,32,32,10,0.100000,2.895,1.310,1.496,0.030,0.006,32,1377,274,bernoulli,8.0000,0.001000
sift1m,10000,128,41,10,0.500000,metadata_stats,8,8,10,0.200000,0.549,0.127,0.392,0.011,0.001,8,368,254,bernoulli,8.0000,0.001000
sift1m,10000,128,41,10,0.500000,metadata_stats,32,32,10,0.300000,1.903,0.098,1.675,0.041,0.011,32,1487,946,bernoulli,8.0000,0.001000
sift1m,10000,128,42,10,0.010000,metadata_stats,8,8,10,0.500000,0.832,0.449,0.362,0.003,0.002,8,322,27,bernoulli,8.0000,0.001000
sift1m,10000,128,42,10,0.010000,metadata_stats,32,32,10,0.700000,1.712,0.388,1.265,0.012,0.004,32,1230,76,bernoulli,8.0000,0.001000
sift1m,10000,128,42,10,0.100000,metadata_stats,8,8,10,0.000000,1.516,1.122,0.371,0.008,0.002,8,346,75,bernoulli,8.0000,0.001000
sift1m,10000,128,42,10,0.100000,metadata_stats,32,32,10,0.100000,2.696,1.121,1.494,0.030,0.004,32,1382,264,bernoulli,8.0000,0.001000
sift1m,10000,128,42,10,0.500000,metadata_stats,8,8,10,0.000000,0.623,0.129,0.461,0.012,0.003,8,381,246,bernoulli,8.0000,0.001000
sift1m,10000,128,42,10,0.500000,metadata_stats,32,32,10,0.500000,2.135,0.127,1.882,0.043,0.006,32,1523,905,bernoulli,8.0000,0.001000
sift1m,10000,128,43,10,0.010000,metadata_stats,8,8,10,0.000000,0.797,0.420,0.358,0.003,0.002,8,328,24,bernoulli,8.0000,0.001000
sift1m,10000,128,43,10,0.010000,metadata_stats,32,32,10,0.800000,1.646,0.397,1.192,0.012,0.004,32,1182,72,bernoulli,8.0000,0.001000
sift1m,10000,128,43,10,0.100000,metadata_stats,8,8,10,0.200000,1.597,1.179,0.395,0.009,0.001,8,354,77,bernoulli,8.0000,0.001000
sift1m,10000,128,43,10,0.100000,metadata_stats,32,32,10,0.300000,2.785,1.191,1.511,0.032,0.004,32,1434,277,bernoulli,8.0000,0.001000
sift1m,10000,128,43,10,0.500000,metadata_stats,8,8,10,0.000000,0.603,0.101,0.465,0.012,0.004,8,377,241,bernoulli,8.0000,0.001000
sift1m,10000,128,43,10,0.500000,metadata_stats,32,32,10,0.000000,1.862,0.118,1.632,0.042,0.004,32,1504,903,bernoulli,8.0000,0.001000
sift1m,10000,128,44,10,0.010000,metadata_stats,8,8,10,0.000000,0.765,0.406,0.341,0.003,0.002,8,334,19,bernoulli,8.0000,0.001000
sift1m,10000,128,44,10,0.010000,metadata_stats,32,32,10,0.100000,1.647,0.401,1.185,0.011,0.003,32,1192,67,bernoulli,8.0000,0.001000
sift1m,10000,128,44,10,0.100000,metadata_stats,8,8,10,0.000000,1.495,1.096,0.377,0.008,0.001,8,361,76,bernoulli,8.0000,0.001000
sift1m,10000,128,44,10,0.100000,metadata_stats,32,32,10,0.100000,2.562,1.097,1.388,0.029,0.004,32,1375,261,bernoulli,8.0000,0.001000
sift1m,10000,128,44,10,0.500000,metadata_stats,8,8,10,0.200000,0.668,0.101,0.525,0.012,0.009,8,377,250,bernoulli,8.0000,0.001000
sift1m,10000,128,44,10,0.500000,metadata_stats,32,32,10,0.200000,1.941,0.124,1.695,0.043,0.008,32,1498,932,bernoulli,8.0000,0.001000
sift1m,10000,128,45,10,0.010000,metadata_stats,8,8,10,0.300000,0.718,0.423,0.278,0.003,0.002,8,259,24,bernoulli,8.0000,0.001000
sift1m,10000,128,45,10,0.010000,metadata_stats,32,32,10,0.800000,1.666,0.398,1.202,0.011,0.004,32,1145,73,bernoulli,8.0000,0.001000
sift1m,10000,128,45,10,0.100000,metadata_stats,8,8,10,0.000000,1.578,1.142,0.412,0.008,0.002,8,350,70,bernoulli,8.0000,0.001000
sift1m,10000,128,45,10,0.100000,metadata_stats,32,32,10,0.200000,2.796,1.235,1.480,0.029,0.006,32,1323,250,bernoulli,8.0000,0.001000
sift1m,10000,128,45,10,0.500000,metadata_stats,8,8,10,0.100000,0.547,0.112,0.405,0.011,0.002,8,383,247,bernoulli,8.0000,0.001000
sift1m,10000,128,45,10,0.500000,metadata_stats,32,32,10,0.100000,1.846,0.098,1.639,0.042,0.005,32,1481,923,bernoulli,8.0000,0.001000
sift1m,10000,128,46,10,0.010000,metadata_stats,8,8,10,0.200000,0.745,0.397,0.328,0.007,0.002,8,306,17,bernoulli,8.0000,0.001000
sift1m,10000,128,46,10,0.010000,metadata_stats,32,32,10,0.600000,1.774,0.381,1.332,0.014,0.003,32,1173,63,bernoulli,8.0000,0.001000
sift1m,10000,128,46,10,0.100000,metadata_stats,8,8,10,0.000000,1.583,1.179,0.379,0.008,0.003,8,352,78,bernoulli,8.0000,0.001000
sift1m,10000,128,46,10,0.100000,metadata_stats,32,32,10,0.000000,2.528,1.103,1.348,0.029,0.003,32,1339,271,bernoulli,8.0000,0.001000
sift1m,10000,128,46,10,0.500000,metadata_stats,8,8,10,0.000000,0.503,0.103,0.372,0.011,0.001,8,363,237,bernoulli,8.0000,0.001000
sift1m,10000,128,46,10,0.500000,metadata_stats,32,32,10,0.000000,1.792,0.094,1.588,0.040,0.007,32,1489,900,bernoulli,8.0000,0.001000
sift1m,10000,128,47,10,0.010000,metadata_stats,8,8,10,0.300000,0.878,0.432,0.426,0.004,0.002,8,334,22,bernoulli,8.0000,0.001000
sift1m,10000,128,47,10,0.010000,metadata_stats,32,32,10,0.800000,1.804,0.475,1.267,0.012,0.005,32,1188,70,bernoulli,8.0000,0.001000
sift1m,10000,128,47,10,0.100000,metadata_stats,8,8,10,0.300000,1.497,1.122,0.348,0.013,0.002,8,342,83,bernoulli,8.0000,0.001000
sift1m,10000,128,47,10,0.100000,metadata_stats,32,32,10,0.400000,2.608,1.127,1.401,0.031,0.004,32,1348,285,bernoulli,8.0000,0.001000
sift1m,10000,128,47,10,0.500000,metadata_stats,8,8,10,0.000000,0.535,0.100,0.403,0.012,0.001,8,393,250,bernoulli,8.0000,0.001000
sift1m,10000,128,47,10,0.500000,metadata_stats,32,32,10,0.100000,1.878,0.100,1.665,0.041,0.004,32,1486,923,bernoulli,8.0000,0.001000
sift1m,10000,128,48,10,0.010000,metadata_stats,8,8,10,0.200000,0.772,0.411,0.341,0.004,0.002,8,333,22,bernoulli,8.0000,0.001000
sift1m,10000,128,48,10,0.010000,metadata_stats,32,32,10,0.300000,1.756,0.399,1.291,0.012,0.003,32,1271,70,bernoulli,8.0000,0.001000
sift1m,10000,128,48,10,0.100000,metadata_stats,8,8,10,0.000000,1.538,1.131,0.383,0.009,0.001,8,370,84,bernoulli,8.0000,0.001000
sift1m,10000,128,48,10,0.100000,metadata_stats,32,32,10,0.000000,2.647,1.131,1.425,0.043,0.003,32,1389,284,bernoulli,8.0000,0.001000
sift1m,10000,128,48,10,0.500000,metadata_stats,8,8,10,0.200000,0.629,0.121,0.474,0.012,0.002,8,361,247,bernoulli,8.0000,0.001000
sift1m,10000,128,48,10,0.500000,metadata_stats,32,32,10,0.300000,1.949,0.102,1.716,0.042,0.007,32,1485,921,bernoulli,8.0000,0.001000
sift1m,10000,128,49,10,0.010000,metadata_stats,8,8,10,0.500000,0.821,0.482,0.321,0.004,0.003,8,286,26,bernoulli,8.0000,0.001000
sift1m,10000,128,49,10,0.010000,metadata_stats,32,32,10,0.700000,1.728,0.470,1.203,0.012,0.004,32,1205,76,bernoulli,8.0000,0.001000
sift1m,10000,128,49,10,0.100000,metadata_stats,8,8,10,0.000000,1.535,1.130,0.382,0.009,0.002,8,361,82,bernoulli,8.0000,0.001000
sift1m,10000,128,49,10,0.100000,metadata_stats,32,32,10,0.000000,2.606,1.125,1.401,0.030,0.004,32,1353,268,bernoulli,8.0000,0.001000
sift1m,10000,128,49,10,0.500000,metadata_stats,8,8,10,0.000000,0.519,0.100,0.389,0.011,0.001,8,378,248,bernoulli,8.0000,0.001000
sift1m,10000,128,49,10,0.500000,metadata_stats,32,32,10,0.500000,1.879,0.098,1.656,0.046,0.008,32,1514,906,bernoulli,8.0000,0.001000
