dataset,n_records,dim,query_id,k,selectivity,strategy,base_nprobe,nprobe_used,returned_count,recall_at_k,latency_ms,centers,candidates_before_filter,candidates_after_filter
sift1m,10000,128,0,10,0.001000,adaptive,8,64,2,0.285714,2.672,64,2128,3
sift1m,10000,128,0,10,0.001000,adaptive,16,128,3,0.428571,4.741,128,4172,5
sift1m,10000,128,0,10,0.001000,adaptive,32,256,3,0.428571,8.783,256,8417,7
sift1m,10000,128,0,10,0.001000,adaptive,64,512,4,0.571429,18.457,512,16522,14
sift1m,10000,128,0,10,0.010000,adaptive,8,64,10,0.600000,2.393,64,2128,19
sift1m,10000,128,0,10,0.010000,adaptive,16,128,10,1.000000,5.261,128,4172,42
sift1m,10000,128,0,10,0.010000,adaptive,32,256,10,1.000000,9.526,256,8417,79
sift1m,10000,128,0,10,0.010000,adaptive,64,512,10,1.000000,18.212,512,16522,168
sift1m,10000,128,0,10,0.050000,adaptive,8,64,10,1.000000,2.425,64,2128,118
sift1m,10000,128,0,10,0.050000,adaptive,16,128,10,1.000000,4.329,128,4172,224
sift1m,10000,128,0,10,0.050000,adaptive,32,256,10,1.000000,9.191,256,8417,463
sift1m,10000,128,0,10,0.050000,adaptive,64,512,10,1.000000,18.147,512,16522,902
sift1m,10000,128,0,10,0.100000,adaptive,8,64,10,1.000000,2.522,64,2128,216
sift1m,10000,128,0,10,0.100000,adaptive,16,128,10,1.000000,4.545,128,4172,452
sift1m,10000,128,0,10,0.100000,adaptive,32,256,10,1.000000,9.079,256,8417,857
sift1m,10000,128,0,10,0.100000,adaptive,64,512,10,1.000000,17.458,512,16522,1672
sift1m,10000,128,0,10,0.500000,adaptive,8,16,10,0.900000,0.681,16,545,270
sift1m,10000,128,0,10,0.500000,adaptive,16,32,10,0.900000,1.121,32,1031,506
sift1m,10000,128,0,10,0.500000,adaptive,32,64,10,1.000000,2.384,64,2128,1041
sift1m,10000,128,0,10,0.500000,adaptive,64,128,10,1.000000,4.914,128,4172,2112
sift1m,10000,128,0,10,1.000000,adaptive,8,8,10,0.900000,0.415,8,285,285
sift1m,10000,128,0,10,1.000000,adaptive,16,16,10,0.900000,0.750,16,545,545
sift1m,10000,128,0,10,1.000000,adaptive,32,32,10,0.900000,1.346,32,1031,1031
sift1m,10000,128,0,10,1.000000,adaptive,64,64,10,1.000000,2.493,64,2128,2128
sift1m,10000,128,1,10,0.001000,adaptive,8,64,1,0.111111,2.337,64,2176,2
sift1m,10000,128,1,10,0.001000,adaptive,16,128,2,0.222222,4.609,128,4280,4
sift1m,10000,128,1,10,0.001000,adaptive,32,256,3,0.333333,8.787,256,8478,7
sift1m,10000,128,1,10,0.001000,adaptive,64,512,4,0.444444,17.789,512,16495,14
sift1m,10000,128,1,10,0.010000,adaptive,8,64,10,0.900000,2.492,64,2176,25
sift1m,10000,128,1,10,0.010000,adaptive,16,128,10,1.000000,4.532,128,4280,45
sift1m,10000,128,1,10,0.010000,adaptive,32,256,10,1.000000,9.184,256,8478,79
sift1m,10000,128,1,10,0.010000,adaptive,64,512,10,1.000000,17.490,512,16495,142
sift1m,10000,128,1,10,0.050000,adaptive,8,64,10,1.000000,2.465,64,2176,113
sift1m,10000,128,1,10,0.050000,adaptive,16,128,10,1.000000,4.533,128,4280,207
sift1m,10000,128,1,10,0.050000,adaptive,32,256,10,1.000000,9.341,256,8478,420
sift1m,10000,128,1,10,0.050000,adaptive,64,512,10,1.000000,18.027,512,16495,832
sift1m,10000,128,1,10,0.100000,adaptive,8,64,10,1.000000,2.510,64,2176,190
sift1m,10000,128,1,10,0.100000,adaptive,16,128,10,1.000000,4.548,128,4280,387
sift1m,10000,128,1,10,0.100000,adaptive,32,256,10,1.000000,9.255,256,8478,828
sift1m,10000,128,1,10,0.100000,adaptive,64,512,10,1.000000,17.572,512,16495,1633
sift1m,10000,128,1,10,0.500000,adaptive,8,16,10,1.000000,0.723,16,566,260
sift1m,10000,128,1,10,0.500000,adaptive,16,32,10,1.000000,1.225,32,1111,519
sift1m,10000,128,1,10,0.500000,adaptive,32,64,10,1.000000,2.420,64,2176,1062
sift1m,10000,128,1,10,0.500000,adaptive,64,128,10,1.000000,4.657,128,4280,2091
sift1m,10000,128,1,10,1.000000,adaptive,8,8,10,0.900000,0.657,8,303,303
sift1m,10000,128,1,10,1.000000,adaptive,16,16,10,1.000000,0.751,16,566,566
sift1m,10000,128,1,10,1.000000,adaptive,32,32,10,1.000000,1.365,32,1111,1111
sift1m,10000,128,1,10,1.000000,adaptive,64,64,10,1.000000,2.636,64,2176,2176
sift1m,10000,128,2,10,0.001000,adaptive,8,64,1,0.166667,3.080,64,2183,1
sift1m,10000,128,2,10,0.001000,adaptive,16,128,1,0.166667,5.372,128,4401,2
sift1m,10000,128,2,10,0.001000,adaptive,32,256,2,0.333333,9.951,256,8873,4
sift1m,10000,128,2,10,0.001000,adaptive,64,512,5,0.833333,18.916,512,17141,14
sift1m,10000,128,2,10,0.010000,adaptive,8,64,10,1.000000,2.478,64,2183,32
sift1m,10000,128,2,10,0.010000,adaptive,16,128,10,1.000000,4.840,128,4401,63
sift1m,10000,128,2,10,0.010000,adaptive,32,256,10,1.000000,9.782,256,8873,103
sift1m,10000,128,2,10,0.010000,adaptive,64,512,10,1.000000,18.475,512,17141,187
sift1m,10000,128,2,10,0.050000,adaptive,8,64,10,1.000000,2.552,64,2183,122
sift1m,10000,128,2,10,0.050000,adaptive,16,128,10,1.000000,5.010,128,4401,225
sift1m,10000,128,2,10,0.050000,adaptive,32,256,10,1.000000,9.592,256,8873,426
sift1m,10000,128,2,10,0.050000,adaptive,64,512,10,1.000000,18.356,512,17141,804
sift1m,10000,128,2,10,0.100000,adaptive,8,64,10,1.000000,2.404,64,2183,207
sift1m,10000,128,2,10,0.100000,adaptive,16,128,10,1.000000,4.668,128,4401,415
sift1m,10000,128,2,10,0.100000,adaptive,32,256,10,1.000000,9.496,256,8873,806
sift1m,10000,128,2,10,0.100000,adaptive,64,512,10,1.000000,18.480,512,17141,1663
sift1m,10000,128,2,10,0.500000,adaptive,8,16,10,1.000000,0.752,16,573,289
sift1m,10000,128,2,10,0.500000,adaptive,16,32,10,1.000000,1.250,32,1066,542
sift1m,10000,128,2,10,0.500000,adaptive,32,64,10,1.000000,2.355,64,2183,1136
sift1m,10000,128,2,10,0.500000,adaptive,64,128,10,1.000000,4.805,128,4401,2257
sift1m,10000,128,2,10,1.000000,adaptive,8,8,10,0.900000,0.396,8,286,286
sift1m,10000,128,2,10,1.000000,adaptive,16,16,10,1.000000,0.670,16,573,573
sift1m,10000,128,2,10,1.000000,adaptive,32,32,10,1.000000,1.142,32,1066,1066
sift1m,10000,128,2,10,1.000000,adaptive,64,64,10,1.000000,2.300,64,2183,2183
sift1m,10000,128,3,10,0.001000,adaptive,8,64,1,0.125000,2.346,64,2208,1
sift1m,10000,128,3,10,0.001000,adaptive,16,128,1,0.125000,4.567,128,4174,1
sift1m,10000,128,3,10,0.001000,adaptive,32,256,2,0.250000,9.295,256,8399,4
sift1m,10000,128,3,10,0.001000,adaptive,64,512,5,0.625000,18.018,512,16454,13
sift1m,10000,128,3,10,0.010000,adaptive,8,64,10,0.800000,2.460,64,2208,23
sift1m,10000,128,3,10,0.010000,adaptive,16,128,10,1.000000,4.420,128,4174,37
sift1m,10000,128,3,10,0.010000,adaptive,32,256,10,1.000000,9.202,256,8399,80
sift1m,10000,128,3,10,0.010000,adaptive,64,512,10,1.000000,17.431,512,16454,147
sift1m,10000,128,3,10,0.050000,adaptive,8,64,10,1.000000,2.560,64,2208,119
sift1m,10000,128,3,10,0.050000,adaptive,16,128,10,1.000000,4.445,128,4174,221
sift1m,10000,128,3,10,0.050000,adaptive,32,256,10,1.000000,8.759,256,8399,419
sift1m,10000,128,3,10,0.050000,adaptive,64,512,10,1.000000,17.369,512,16454,816
sift1m,10000,128,3,10,0.100000,adaptive,8,64,10,1.000000,2.385,64,2208,222
sift1m,10000,128,3,10,0.100000,adaptive,16,128,10,1.000000,4.442,128,4174,441
sift1m,10000,128,3,10,0.100000,adaptive,32,256,10,1.000000,9.021,256,8399,903
sift1m,10000,128,3,10,0.100000,adaptive,64,512,10,1.000000,18.333,512,16454,1737
sift1m,10000,128,3,10,0.500000,adaptive,8,16,10,1.000000,0.777,16,595,278
sift1m,10000,128,3,10,0.500000,adaptive,16,32,10,1.000000,1.330,32,1146,550
sift1m,10000,128,3,10,0.500000,adaptive,32,64,10,1.000000,2.596,64,2208,1080
sift1m,10000,128,3,10,0.500000,adaptive,64,128,10,1.000000,4.637,128,4174,2061
sift1m,10000,128,3,10,1.000000,adaptive,8,8,10,1.000000,0.418,8,314,314
sift1m,10000,128,3,10,1.000000,adaptive,16,16,10,1.000000,0.663,16,595,595
sift1m,10000,128,3,10,1.000000,adaptive,32,32,10,1.000000,1.225,32,1146,1146
sift1m,10000,128,3,10,1.000000,adaptive,64,64,10,1.000000,2.399,64,2208,2208
sift1m,10000,128,4,10,0.001000,adaptive,8,64,1,0.100000,2.346,64,2218,2
sift1m,10000,128,4,10,0.001000,adaptive,16,128,1,0.100000,4.689,128,4536,4
sift1m,10000,128,4,10,0.001000,adaptive,32,256,4,0.400000,9.781,256,8957,9
sift1m,10000,128,4,10,0.001000,adaptive,64,512,7,0.700000,18.984,512,17111,20
sift1m,10000,128,4,10,0.010000,adaptive,8,64,10,1.000000,2.674,64,2218,16
sift1m,10000,128,4,10,0.010000,adaptive,16,128,10,1.000000,4.732,128,4536,38
sift1m,10000,128,4,10,0.010000,adaptive,32,256,10,1.000000,9.911,256,8957,68
sift1m,10000,128,4,10,0.010000,adaptive,64,512,10,1.000000,18.509,512,17111,140
sift1m,10000,128,4,10,0.050000,adaptive,8,64,10,1.000000,2.558,64,2218,131
sift1m,10000,128,4,10,0.050000,adaptive,16,128,10,1.000000,4.977,128,4536,261
sift1m,10000,128,4,10,0.050000,adaptive,32,256,10,1.000000,9.693,256,8957,440
sift1m,10000,128,4,10,0.050000,adaptive,64,512,10,1.000000,18.772,512,17111,853
sift1m,10000,128,4,10,0.100000,adaptive,8,64,10,1.000000,2.690,64,2218,204
sift1m,10000,128,4,10,0.100000,adaptive,16,128,10,1.000000,5.009,128,4536,450
sift1m,10000,128,4,10,0.100000,adaptive,32,256,10,1.000000,9.752,256,8957,897
sift1m,10000,128,4,10,0.100000,adaptive,64,512,10,1.000000,19.038,512,17111,1676
sift1m,10000,128,4,10,0.500000,adaptive,8,16,10,1.000000,0.723,16,568,269
sift1m,10000,128,4,10,0.500000,adaptive,16,32,10,1.000000,1.241,32,1125,553
sift1m,10000,128,4,10,0.500000,adaptive,32,64,10,1.000000,2.529,64,2218,1131
sift1m,10000,128,4,10,0.500000,adaptive,64,128,10,1.000000,4.828,128,4536,2250
sift1m,10000,128,4,10,1.000000,adaptive,8,8,10,1.000000,0.368,8,285,285
sift1m,10000,128,4,10,1.000000,adaptive,16,16,10,1.000000,0.674,16,568,568
sift1m,10000,128,4,10,1.000000,adaptive,32,32,10,1.000000,1.234,32,1125,1125
sift1m,10000,128,4,10,1.000000,adaptive,64,64,10,1.000000,2.557,64,2218,2218
sift1m,10000,128,5,10,0.001000,adaptive,8,64,2,0.285714,2.475,64,2165,3
sift1m,10000,128,5,10,0.001000,adaptive,16,128,2,0.285714,4.368,128,4255,5
sift1m,10000,128,5,10,0.001000,adaptive,32,256,3,0.428571,9.083,256,8541,10
sift1m,10000,128,5,10,0.001000,adaptive,64,512,3,0.428571,20.014,512,16555,14
sift1m,10000,128,5,10,0.010000,adaptive,8,64,10,0.700000,2.480,64,2165,32
sift1m,10000,128,5,10,0.010000,adaptive,16,128,10,1.000000,5.176,128,4255,58
sift1m,10000,128,5,10,0.010000,adaptive,32,256,10,1.000000,9.362,256,8541,107
sift1m,10000,128,5,10,0.010000,adaptive,64,512,10,1.000000,17.812,512,16555,166
sift1m,10000,128,5,10,0.050000,adaptive,8,64,10,1.000000,2.528,64,2165,114
sift1m,10000,128,5,10,0.050000,adaptive,16,128,10,1.000000,4.377,128,4255,233
sift1m,10000,128,5,10,0.050000,adaptive,32,256,10,1.000000,9.431,256,8541,440
sift1m,10000,128,5,10,0.050000,adaptive,64,512,10,1.000000,17.322,512,16555,850
sift1m,10000,128,5,10,0.100000,adaptive,8,64,10,1.000000,2.538,64,2165,199
sift1m,10000,128,5,10,0.100000,adaptive,16,128,10,1.000000,4.829,128,4255,389
sift1m,10000,128,5,10,0.100000,adaptive,32,256,10,1.000000,9.321,256,8541,796
sift1m,10000,128,5,10,0.100000,adaptive,64,512,10,1.000000,17.802,512,16555,1564
sift1m,10000,128,5,10,0.500000,adaptive,8,16,10,1.000000,0.782,16,527,252
sift1m,10000,128,5,10,0.500000,adaptive,16,32,10,1.000000,1.269,32,1073,501
sift1m,10000,128,5,10,0.500000,adaptive,32,64,10,1.000000,2.426,64,2165,1037
sift1m,10000,128,5,10,0.500000,adaptive,64,128,10,1.000000,4.613,128,4255,2047
sift1m,10000,128,5,10,1.000000,adaptive,8,8,10,0.600000,0.310,8,251,251
sift1m,10000,128,5,10,1.000000,adaptive,16,16,10,0.800000,0.787,16,527,527
sift1m,10000,128,5,10,1.000000,adaptive,32,32,10,1.000000,1.180,32,1073,1073
sift1m,10000,128,5,10,1.000000,adaptive,64,64,10,1.000000,2.367,64,2165,2165
sift1m,10000,128,6,10,0.001000,adaptive,8,64,0,0.000000,2.342,64,2082,0
sift1m,10000,128,6,10,0.001000,adaptive,16,128,2,0.200000,4.667,128,4247,2
sift1m,10000,128,6,10,0.001000,adaptive,32,256,2,0.200000,9.053,256,8487,5
sift1m,10000,128,6,10,0.001000,adaptive,64,512,5,0.500000,17.669,512,16553,15
sift1m,10000,128,6,10,0.010000,adaptive,8,64,10,0.800000,2.409,64,2082,22
sift1m,10000,128,6,10,0.010000,adaptive,16,128,10,0.900000,4.736,128,4247,39
sift1m,10000,128,6,10,0.010000,adaptive,32,256,10,1.000000,9.255,256,8487,79
sift1m,10000,128,6,10,0.010000,adaptive,64,512,10,1.000000,17.777,512,16553,161
sift1m,10000,128,6,10,0.050000,adaptive,8,64,10,1.000000,2.324,64,2082,145
sift1m,10000,128,6,10,0.050000,adaptive,16,128,10,1.000000,4.520,128,4247,290
sift1m,10000,128,6,10,0.050000,adaptive,32,256,10,1.000000,9.029,256,8487,541
sift1m,10000,128,6,10,0.050000,adaptive,64,512,10,1.000000,17.587,512,16553,1003
sift1m,10000,128,6,10,0.100000,adaptive,8,64,10,1.000000,2.389,64,2082,208
sift1m,10000,128,6,10,0.100000,adaptive,16,128,10,1.000000,4.688,128,4247,424
sift1m,10000,128,6,10,0.100000,adaptive,32,256,10,1.000000,8.940,256,8487,823
sift1m,10000,128,6,10,0.100000,adaptive,64,512,10,1.000000,17.423,512,16553,1611
sift1m,10000,128,6,10,0.500000,adaptive,8,16,10,1.000000,0.720,16,554,266
sift1m,10000,128,6,10,0.500000,adaptive,16,32,10,1.000000,1.281,32,1022,500
sift1m,10000,128,6,10,0.500000,adaptive,32,64,10,1.000000,2.274,64,2082,1019
sift1m,10000,128,6,10,0.500000,adaptive,64,128,10,1.000000,4.439,128,4247,2086
sift1m,10000,128,6,10,1.000000,adaptive,8,8,10,1.000000,0.352,8,275,275
sift1m,10000,128,6,10,1.000000,adaptive,16,16,10,1.000000,0.634,16,554,554
sift1m,10000,128,6,10,1.000000,adaptive,32,32,10,1.000000,1.180,32,1022,1022
sift1m,10000,128,6,10,1.000000,adaptive,64,64,10,1.000000,2.351,64,2082,2082
sift1m,10000,128,7,10,0.001000,adaptive,8,64,3,0.300000,2.306,64,2176,9
sift1m,10000,128,7,10,0.001000,adaptive,16,128,4,0.400000,4.340,128,4264,13
sift1m,10000,128,7,10,0.001000,adaptive,32,256,4,0.400000,8.738,256,8504,19
sift1m,10000,128,7,10,0.001000,adaptive,64,512,8,0.800000,17.132,512,16541,24
sift1m,10000,128,7,10,0.010000,adaptive,8,64,8,0.700000,2.300,64,2176,20
sift1m,10000,128,7,10,0.010000,adaptive,16,128,10,0.900000,4.416,128,4264,43
sift1m,10000,128,7,10,0.010000,adaptive,32,256,10,1.000000,9.115,256,8504,67
sift1m,10000,128,7,10,0.010000,adaptive,64,512,10,1.000000,17.709,512,16541,156
sift1m,10000,128,7,10,0.050000,adaptive,8,64,10,1.000000,2.347,64,2176,113
sift1m,10000,128,7,10,0.050000,adaptive,16,128,10,1.000000,4.797,128,4264,215
sift1m,10000,128,7,10,0.050000,adaptive,32,256,10,1.000000,8.896,256,8504,417
sift1m,10000,128,7,10,0.050000,adaptive,64,512,10,1.000000,17.460,512,16541,764
sift1m,10000,128,7,10,0.100000,adaptive,8,64,10,1.000000,2.266,64,2176,196
sift1m,10000,128,7,10,0.100000,adaptive,16,128,10,1.000000,4.400,128,4264,385
sift1m,10000,128,7,10,0.100000,adaptive,32,256,10,1.000000,8.957,256,8504,775
sift1m,10000,128,7,10,0.100000,adaptive,64,512,10,1.000000,18.154,512,16541,1602
sift1m,10000,128,7,10,0.500000,adaptive,8,16,10,1.000000,0.767,16,597,302
sift1m,10000,128,7,10,0.500000,adaptive,16,32,10,1.000000,1.143,32,1024,525
sift1m,10000,128,7,10,0.500000,adaptive,32,64,10,1.000000,2.323,64,2176,1089
sift1m,10000,128,7,10,0.500000,adaptive,64,128,10,1.000000,4.639,128,4264,2123
sift1m,10000,128,7,10,1.000000,adaptive,8,8,10,1.000000,0.473,8,337,337
sift1m,10000,128,7,10,1.000000,adaptive,16,16,10,1.000000,0.724,16,597,597
sift1m,10000,128,7,10,1.000000,adaptive,32,32,10,1.000000,1.235,32,1024,1024
sift1m,10000,128,7,10,1.000000,adaptive,64,64,10,1.000000,2.344,64,2176,2176
sift1m,10000,128,8,10,0.001000,adaptive,8,64,1,0.100000,2.469,64,2332,1
sift1m,10000,128,8,10,0.001000,adaptive,16,128,1,0.100000,4.737,128,4531,2
sift1m,10000,128,8,10,0.001000,adaptive,32,256,3,0.300000,9.910,256,9028,7
sift1m,10000,128,8,10,0.001000,adaptive,64,512,7,0.700000,18.421,512,17084,17
sift1m,10000,128,8,10,0.010000,adaptive,8,64,10,0.800000,2.630,64,2332,30
sift1m,10000,128,8,10,0.010000,adaptive,16,128,10,1.000000,4.893,128,4531,61
sift1m,10000,128,8,10,0.010000,adaptive,32,256,10,1.000000,9.734,256,9028,126
sift1m,10000,128,8,10,0.010000,adaptive,64,512,10,1.000000,17.865,512,17084,221
sift1m,10000,128,8,10,0.050000,adaptive,8,64,10,1.000000,2.702,64,2332,114
sift1m,10000,128,8,10,0.050000,adaptive,16,128,10,1.000000,4.831,128,4531,215
sift1m,10000,128,8,10,0.050000,adaptive,32,256,10,1.000000,9.423,256,9028,412
sift1m,10000,128,8,10,0.050000,adaptive,64,512,10,1.000000,18.480,512,17084,807
sift1m,10000,128,8,10,0.100000,adaptive,8,64,10,1.000000,2.757,64,2332,255
sift1m,10000,128,8,10,0.100000,adaptive,16,128,10,1.000000,4.986,128,4531,470
sift1m,10000,128,8,10,0.100000,adaptive,32,256,10,1.000000,10.113,256,9028,920
sift1m,10000,128,8,10,0.100000,adaptive,64,512,10,1.000000,18.211,512,17084,1745
sift1m,10000,128,8,10,0.500000,adaptive,8,16,10,0.900000,0.842,16,611,296
sift1m,10000,128,8,10,0.500000,adaptive,16,32,10,1.000000,1.248,32,1117,561
sift1m,10000,128,8,10,0.500000,adaptive,32,64,10,1.000000,2.489,64,2332,1144
sift1m,10000,128,8,10,0.500000,adaptive,64,128,10,1.000000,5.046,128,4531,2256
sift1m,10000,128,8,10,1.000000,adaptive,8,8,10,0.700000,0.452,8,324,324
sift1m,10000,128,8,10,1.000000,adaptive,16,16,10,0.900000,0.719,16,611,611
sift1m,10000,128,8,10,1.000000,adaptive,32,32,10,1.000000,1.265,32,1117,1117
sift1m,10000,128,8,10,1.000000,adaptive,64,64,10,1.000000,2.495,64,2332,2332
sift1m,10000,128,9,10,0.001000,adaptive,8,64,1,0.111111,2.766,64,2340,2
sift1m,10000,128,9,10,0.001000,adaptive,16,128,1,0.111111,5.029,128,4568,2
sift1m,10000,128,9,10,0.001000,adaptive,32,256,2,0.222222,9.563,256,8868,4
sift1m,10000,128,9,10,0.001000,adaptive,64,512,5,0.555556,18.152,512,17095,12
sift1m,10000,128,9,10,0.010000,adaptive,8,64,10,0.700000,2.470,64,2340,23
sift1m,10000,128,9,10,0.010000,adaptive,16,128,10,1.000000,4.722,128,4568,43
sift1m,10000,128,9,10,0.010000,adaptive,32,256,10,1.000000,9.893,256,8868,84
sift1m,10000,128,9,10,0.010000,adaptive,64,512,10,1.000000,18.613,512,17095,148
sift1m,10000,128,9,10,0.050000,adaptive,8,64,10,0.900000,2.634,64,2340,127
sift1m,10000,128,9,10,0.050000,adaptive,16,128,10,1.000000,4.861,128,4568,242
sift1m,10000,128,9,10,0.050000,adaptive,32,256,10,1.000000,9.465,256,8868,479
sift1m,10000,128,9,10,0.050000,adaptive,64,512,10,1.000000,18.162,512,17095,931
sift1m,10000,128,9,10,0.100000,adaptive,8,64,10,1.000000,2.724,64,2340,246
sift1m,10000,128,9,10,0.100000,adaptive,16,128,10,1.000000,5.038,128,4568,462
sift1m,10000,128,9,10,0.100000,adaptive,32,256,10,1.000000,9.847,256,8868,917
sift1m,10000,128,9,10,0.100000,adaptive,64,512,10,1.000000,18.275,512,17095,1733
sift1m,10000,128,9,10,0.500000,adaptive,8,16,10,0.800000,0.846,16,580,265
sift1m,10000,128,9,10,0.500000,adaptive,16,32,10,1.000000,1.408,32,1165,551
sift1m,10000,128,9,10,0.500000,adaptive,32,64,10,1.000000,2.680,64,2340,1129
sift1m,10000,128,9,10,0.500000,adaptive,64,128,10,1.000000,5.157,128,4568,2287
sift1m,10000,128,9,10,1.000000,adaptive,8,8,10,1.000000,0.399,8,305,305
sift1m,10000,128,9,10,1.000000,adaptive,16,16,10,1.000000,0.684,16,580,580
sift1m,10000,128,9,10,1.000000,adaptive,32,32,10,1.000000,1.262,32,1165,1165
sift1m,10000,128,9,10,1.000000,adaptive,64,64,10,1.000000,2.551,64,2340,2340
sift1m,10000,128,10,10,0.001000,adaptive,8,64,2,0.200000,2.435,64,2195,3
sift1m,10000,128,10,10,0.001000,adaptive,16,128,4,0.400000,4.899,128,4413,7
sift1m,10000,128,10,10,0.001000,adaptive,32,256,6,0.600000,9.245,256,8767,15
sift1m,10000,128,10,10,0.001000,adaptive,64,512,7,0.700000,17.575,512,16526,22
sift1m,10000,128,10,10,0.010000,adaptive,8,64,10,0.800000,2.463,64,2195,17
sift1m,10000,128,10,10,0.010000,adaptive,16,128,10,0.800000,5.115,128,4413,38
sift1m,10000,128,10,10,0.010000,adaptive,32,256,10,1.000000,9.375,256,8767,87
sift1m,10000,128,10,10,0.010000,adaptive,64,512,10,1.000000,17.806,512,16526,152
sift1m,10000,128,10,10,0.050000,adaptive,8,64,10,0.800000,2.332,64,2195,97
sift1m,10000,128,10,10,0.050000,adaptive,16,128,10,0.900000,4.722,128,4413,196
sift1m,10000,128,10,10,0.050000,adaptive,32,256,10,1.000000,9.353,256,8767,394
sift1m,10000,128,10,10,0.050000,adaptive,64,512,10,1.000000,17.427,512,16526,720
sift1m,10000,128,10,10,0.100000,adaptive,8,64,10,0.900000,2.504,64,2195,234
sift1m,10000,128,10,10,0.100000,adaptive,16,128,10,1.000000,5.059,128,4413,454
sift1m,10000,128,10,10,0.100000,adaptive,32,256,10,1.000000,9.367,256,8767,854
sift1m,10000,128,10,10,0.100000,adaptive,64,512,10,1.000000,17.274,512,16526,1630
sift1m,10000,128,10,10,0.500000,adaptive,8,16,10,0.900000,0.692,16,553,271
sift1m,10000,128,10,10,0.500000,adaptive,16,32,10,0.900000,1.222,32,1070,534
sift1m,10000,128,10,10,0.500000,adaptive,32,64,10,1.000000,2.288,64,2195,1076
sift1m,10000,128,10,10,0.500000,adaptive,64,128,10,1.000000,4.808,128,4413,2182
sift1m,10000,128,10,10,1.000000,adaptive,8,8,10,1.000000,0.350,8,274,274
sift1m,10000,128,10,10,1.000000,adaptive,16,16,10,1.000000,0.632,16,553,553
sift1m,10000,128,10,10,1.000000,adaptive,32,32,10,1.000000,1.142,32,1070,1070
sift1m,10000,128,10,10,1.000000,adaptive,64,64,10,1.000000,2.398,64,2195,2195
sift1m,10000,128,11,10,0.001000,adaptive,8,64,1,0.142857,2.551,64,2376,1
sift1m,10000,128,11,10,0.001000,adaptive,16,128,2,0.285714,5.000,128,4570,4
sift1m,10000,128,11,10,0.001000,adaptive,32,256,4,0.571429,9.882,256,8962,11
sift1m,10000,128,11,10,0.001000,adaptive,64,512,4,0.571429,18.040,512,17131,14
sift1m,10000,128,11,10,0.010000,adaptive,8,64,10,0.800000,2.650,64,2376,22
sift1m,10000,128,11,10,0.010000,adaptive,16,128,10,0.900000,4.993,128,4570,44
sift1m,10000,128,11,10,0.010000,adaptive,32,256,10,1.000000,9.664,256,8962,104
sift1m,10000,128,11,10,0.010000,adaptive,64,512,10,1.000000,19.265,512,17131,199
sift1m,10000,128,11,10,0.050000,adaptive,8,64,10,1.000000,2.712,64,2376,112
sift1m,10000,128,11,10,0.050000,adaptive,16,128,10,1.000000,4.975,128,4570,224
sift1m,10000,128,11,10,0.050000,adaptive,32,256,10,1.000000,9.675,256,8962,453
sift1m,10000,128,11,10,0.050000,adaptive,64,512,10,1.000000,19.931,512,17131,865
sift1m,10000,128,11,10,0.100000,adaptive,8,64,10,1.000000,2.827,64,2376,220
sift1m,10000,128,11,10,0.100000,adaptive,16,128,10,1.000000,5.071,128,4570,411
sift1m,10000,128,11,10,0.100000,adaptive,32,256,10,1.000000,10.012,256,8962,787
sift1m,10000,128,11,10,0.100000,adaptive,64,512,10,1.000000,19.033,512,17131,1579
sift1m,10000,128,11,10,0.500000,adaptive,8,16,10,1.000000,0.680,16,563,279
sift1m,10000,128,11,10,0.500000,adaptive,16,32,10,1.000000,1.316,32,1153,611
sift1m,10000,128,11,10,0.500000,adaptive,32,64,10,1.000000,2.842,64,2376,1252
sift1m,10000,128,11,10,0.500000,adaptive,64,128,10,1.000000,5.035,128,4570,2325
sift1m,10000,128,11,10,1.000000,adaptive,8,8,10,1.000000,0.383,8,295,295
sift1m,10000,128,11,10,1.000000,adaptive,16,16,10,1.000000,0.640,16,563,563
sift1m,10000,128,11,10,1.000000,adaptive,32,32,10,1.000000,1.291,32,1153,1153
sift1m,10000,128,11,10,1.000000,adaptive,64,64,10,1.000000,2.818,64,2376,2376
sift1m,10000,128,12,10,0.001000,adaptive,8,64,2,0.200000,2.496,64,2228,3
sift1m,10000,128,12,10,0.001000,adaptive,16,128,3,0.300000,4.537,128,4414,7
sift1m,10000,128,12,10,0.001000,adaptive,32,256,4,0.400000,9.026,256,8522,13
sift1m,10000,128,12,10,0.001000,adaptive,64,512,8,0.700000,17.508,512,16538,26
sift1m,10000,128,12,10,0.010000,adaptive,8,64,10,0.900000,2.558,64,2228,25
sift1m,10000,128,12,10,0.010000,adaptive,16,128,10,1.000000,4.643,128,4414,45
sift1m,10000,128,12,10,0.010000,adaptive,32,256,10,1.000000,9.174,256,8522,87
sift1m,10000,128,12,10,0.010000,adaptive,64,512,10,1.000000,17.889,512,16538,157
sift1m,10000,128,12,10,0.050000,adaptive,8,64,10,1.000000,2.350,64,2228,107
sift1m,10000,128,12,10,0.050000,adaptive,16,128,10,1.000000,4.750,128,4414,199
sift1m,10000,128,12,10,0.050000,adaptive,32,256,10,1.000000,9.374,256,8522,395
sift1m,10000,128,12,10,0.050000,adaptive,64,512,10,1.000000,18.682,512,16538,736
sift1m,10000,128,12,10,0.100000,adaptive,8,64,10,1.000000,2.614,64,2228,213
sift1m,10000,128,12,10,0.100000,adaptive,16,128,10,1.000000,4.573,128,4414,423
sift1m,10000,128,12,10,0.100000,adaptive,32,256,10,1.000000,9.207,256,8522,803
sift1m,10000,128,12,10,0.100000,adaptive,64,512,10,1.000000,17.707,512,16538,1565
sift1m,10000,128,12,10,0.500000,adaptive,8,16,10,1.000000,0.683,16,577,302
sift1m,10000,128,12,10,0.500000,adaptive,16,32,10,1.000000,1.265,32,1102,564
sift1m,10000,128,12,10,0.500000,adaptive,32,64,10,1.000000,2.409,64,2228,1140
sift1m,10000,128,12,10,0.500000,adaptive,64,128,10,1.000000,4.868,128,4414,2239
sift1m,10000,128,12,10,1.000000,adaptive,8,8,10,1.000000,0.398,8,298,298
sift1m,10000,128,12,10,1.000000,adaptive,16,16,10,1.000000,0.638,16,577,577
sift1m,10000,128,12,10,1.000000,adaptive,32,32,10,1.000000,1.178,32,1102,1102
sift1m,10000,128,12,10,1.000000,adaptive,64,64,10,1.000000,2.404,64,2228,2228
sift1m,10000,128,13,10,0.001000,adaptive,8,64,1,0.100000,2.301,64,2177,1
sift1m,10000,128,13,10,0.001000,adaptive,16,128,1,0.100000,4.326,128,4312,2
sift1m,10000,128,13,10,0.001000,adaptive,32,256,4,0.400000,8.884,256,8478,10
sift1m,10000,128,13,10,0.001000,adaptive,64,512,5,0.500000,17.949,512,16552,17
sift1m,10000,128,13,10,0.010000,adaptive,8,64,10,0.800000,2.247,64,2177,25
sift1m,10000,128,13,10,0.010000,adaptive,16,128,10,0.900000,4.290,128,4312,54
sift1m,10000,128,13,10,0.010000,adaptive,32,256,10,1.000000,9.170,256,8478,103
sift1m,10000,128,13,10,0.010000,adaptive,64,512,10,1.000000,17.363,512,16552,176
sift1m,10000,128,13,10,0.050000,adaptive,8,64,10,1.000000,2.285,64,2177,93
sift1m,10000,128,13,10,0.050000,adaptive,16,128,10,1.000000,4.374,128,4312,200
sift1m,10000,128,13,10,0.050000,adaptive,32,256,10,1.000000,8.706,256,8478,420
sift1m,10000,128,13,10,0.050000,adaptive,64,512,10,1.000000,17.318,512,16552,873
sift1m,10000,128,13,10,0.100000,adaptive,8,64,10,1.000000,2.250,64,2177,225
sift1m,10000,128,13,10,0.100000,adaptive,16,128,10,1.000000,4.338,128,4312,428
sift1m,10000,128,13,10,0.100000,adaptive,32,256,10,1.000000,9.312,256,8478,827
sift1m,10000,128,13,10,0.100000,adaptive,64,512,10,1.000000,17.819,512,16552,1653
sift1m,10000,128,13,10,0.500000,adaptive,8,16,10,1.000000,0.768,16,581,294
sift1m,10000,128,13,10,0.500000,adaptive,16,32,10,1.000000,1.279,32,1119,601
sift1m,10000,128,13,10,0.500000,adaptive,32,64,10,1.000000,2.621,64,2177,1139
sift1m,10000,128,13,10,0.500000,adaptive,64,128,10,1.000000,4.718,128,4312,2235
sift1m,10000,128,13,10,1.000000,adaptive,8,8,10,0.800000,0.431,8,298,298
sift1m,10000,128,13,10,1.000000,adaptive,16,16,10,1.000000,0.691,16,581,581
sift1m,10000,128,13,10,1.000000,adaptive,32,32,10,1.000000,1.278,32,1119,1119
sift1m,10000,128,13,10,1.000000,adaptive,64,64,10,1.000000,2.399,64,2177,2177
sift1m,10000,128,14,10,0.001000,adaptive,8,64,1,0.100000,2.412,64,2235,2
sift1m,10000,128,14,10,0.001000,adaptive,16,128,2,0.200000,4.787,128,4452,4
sift1m,10000,128,14,10,0.001000,adaptive,32,256,3,0.300000,9.346,256,8808,6
sift1m,10000,128,14,10,0.001000,adaptive,64,512,7,0.700000,18.431,512,17249,12
sift1m,10000,128,14,10,0.010000,adaptive,8,64,10,0.900000,2.480,64,2235,26
sift1m,10000,128,14,10,0.010000,adaptive,16,128,10,0.900000,5.033,128,4452,49
sift1m,10000,128,14,10,0.010000,adaptive,32,256,10,1.000000,9.997,256,8808,99
sift1m,10000,128,14,10,0.010000,adaptive,64,512,10,1.000000,18.790,512,17249,172
sift1m,10000,128,14,10,0.050000,adaptive,8,64,10,1.000000,2.554,64,2235,123
sift1m,10000,128,14,10,0.050000,adaptive,16,128,10,1.000000,4.812,128,4452,242
sift1m,10000,128,14,10,0.050000,adaptive,32,256,10,1.000000,9.967,256,8808,453
sift1m,10000,128,14,10,0.050000,adaptive,64,512,10,1.000000,18.469,512,17249,882
sift1m,10000,128,14,10,0.100000,adaptive,8,64,10,1.000000,2.582,64,2235,190
sift1m,10000,128,14,10,0.100000,adaptive,16,128,10,1.000000,4.832,128,4452,383
sift1m,10000,128,14,10,0.100000,adaptive,32,256,10,1.000000,9.451,256,8808,753
sift1m,10000,128,14,10,0.100000,adaptive,64,512,10,1.000000,18.811,512,17249,1498
sift1m,10000,128,14,10,0.500000,adaptive,8,16,10,0.800000,0.674,16,565,264
sift1m,10000,128,14,10,0.500000,adaptive,16,32,10,1.000000,1.236,32,1128,534
sift1m,10000,128,14,10,0.500000,adaptive,32,64,10,1.000000,2.915,64,2235,1101
sift1m,10000,128,14,10,0.500000,adaptive,64,128,10,1.000000,5.357,128,4452,2159
sift1m,10000,128,14,10,1.000000,adaptive,8,8,10,0.900000,0.452,8,320,320
sift1m,10000,128,14,10,1.000000,adaptive,16,16,10,0.900000,0.628,16,565,565
sift1m,10000,128,14,10,1.000000,adaptive,32,32,10,1.000000,1.433,32,1128,1128
sift1m,10000,128,14,10,1.000000,adaptive,64,64,10,1.000000,2.376,64,2235,2235
sift1m,10000,128,15,10,0.001000,adaptive,8,64,2,0.200000,2.449,64,2305,2
sift1m,10000,128,15,10,0.001000,adaptive,16,128,2,0.200000,5.080,128,4615,2
sift1m,10000,128,15,10,0.001000,adaptive,32,256,6,0.600000,9.835,256,8931,7
sift1m,10000,128,15,10,0.001000,adaptive,64,512,10,1.000000,18.210,512,17137,25
sift1m,10000,128,15,10,0.010000,adaptive,8,64,10,1.000000,2.773,64,2305,24
sift1m,10000,128,15,10,0.010000,adaptive,16,128,10,1.000000,4.902,128,4615,43
sift1m,10000,128,15,10,0.010000,adaptive,32,256,10,1.000000,10.227,256,8931,78
sift1m,10000,128,15,10,0.010000,adaptive,64,512,10,1.000000,18.094,512,17137,151
sift1m,10000,128,15,10,0.050000,adaptive,8,64,10,1.000000,2.508,64,2305,124
sift1m,10000,128,15,10,0.050000,adaptive,16,128,10,1.000000,5.342,128,4615,228
sift1m,10000,128,15,10,0.050000,adaptive,32,256,10,1.000000,9.875,256,8931,439
sift1m,10000,128,15,10,0.050000,adaptive,64,512,10,1.000000,19.290,512,17137,822
sift1m,10000,128,15,10,0.100000,adaptive,8,64,10,1.000000,2.857,64,2305,231
sift1m,10000,128,15,10,0.100000,adaptive,16,128,10,1.000000,5.710,128,4615,446
sift1m,10000,128,15,10,0.100000,adaptive,32,256,10,1.000000,10.125,256,8931,902
sift1m,10000,128,15,10,0.100000,adaptive,64,512,10,1.000000,19.602,512,17137,1769
sift1m,10000,128,15,10,0.500000,adaptive,8,16,10,0.900000,0.690,16,504,243
sift1m,10000,128,15,10,0.500000,adaptive,16,32,10,1.000000,1.349,32,1105,545
sift1m,10000,128,15,10,0.500000,adaptive,32,64,10,1.000000,2.754,64,2305,1139
sift1m,10000,128,15,10,0.500000,adaptive,64,128,10,1.000000,5.555,128,4615,2261
sift1m,10000,128,15,10,1.000000,adaptive,8,8,10,0.900000,0.467,8,280,280
sift1m,10000,128,15,10,1.000000,adaptive,16,16,10,0.900000,0.570,16,504,504
sift1m,10000,128,15,10,1.000000,adaptive,32,32,10,1.000000,1.171,32,1105,1105
sift1m,10000,128,15,10,1.000000,adaptive,64,64,10,1.000000,2.418,64,2305,2305
sift1m,10000,128,16,10,0.001000,adaptive,8,64,0,0.000000,2.736,64,2272,0
sift1m,10000,128,16,10,0.001000,adaptive,16,128,1,0.111111,5.023,128,4405,1
sift1m,10000,128,16,10,0.001000,adaptive,32,256,4,0.444444,9.410,256,8722,5
sift1m,10000,128,16,10,0.001000,adaptive,64,512,6,0.666667,17.803,512,16550,19
sift1m,10000,128,16,10,0.010000,adaptive,8,64,9,0.600000,2.598,64,2272,10
sift1m,10000,128,16,10,0.010000,adaptive,16,128,10,0.800000,4.739,128,4405,24
sift1m,10000,128,16,10,0.010000,adaptive,32,256,10,1.000000,9.203,256,8722,63
sift1m,10000,128,16,10,0.010000,adaptive,64,512,10,1.000000,17.493,512,16550,118
sift1m,10000,128,16,10,0.050000,adaptive,8,64,10,1.000000,2.439,64,2272,138
sift1m,10000,128,16,10,0.050000,adaptive,16,128,10,1.000000,4.698,128,4405,257
sift1m,10000,128,16,10,0.050000,adaptive,32,256,10,1.000000,9.589,256,8722,470
sift1m,10000,128,16,10,0.050000,adaptive,64,512,10,1.000000,17.662,512,16550,889
sift1m,10000,128,16,10,0.100000,adaptive,8,64,10,1.000000,2.692,64,2272,216
sift1m,10000,128,16,10,0.100000,adaptive,16,128,10,1.000000,4.819,128,4405,425
sift1m,10000,128,16,10,0.100000,adaptive,32,256,10,1.000000,9.393,256,8722,793
sift1m,10000,128,16,10,0.100000,adaptive,64,512,10,1.000000,17.641,512,16550,1565
sift1m,10000,128,16,10,0.500000,adaptive,8,16,10,0.800000,0.781,16,618,288
sift1m,10000,128,16,10,0.500000,adaptive,16,32,10,0.900000,1.329,32,1152,559
sift1m,10000,128,16,10,0.500000,adaptive,32,64,10,1.000000,2.540,64,2272,1119
sift1m,10000,128,16,10,0.500000,adaptive,64,128,10,1.000000,4.797,128,4405,2248
sift1m,10000,128,16,10,1.000000,adaptive,8,8,10,0.900000,0.440,8,295,295
sift1m,10000,128,16,10,1.000000,adaptive,16,16,10,0.900000,0.723,16,618,618
sift1m,10000,128,16,10,1.000000,adaptive,32,32,10,0.900000,1.264,32,1152,1152
sift1m,10000,128,16,10,1.000000,adaptive,64,64,10,1.000000,2.472,64,2272,2272
sift1m,10000,128,17,10,0.001000,adaptive,8,64,1,0.100000,2.518,64,2245,1
sift1m,10000,128,17,10,0.001000,adaptive,16,128,1,0.100000,4.571,128,4373,1
sift1m,10000,128,17,10,0.001000,adaptive,32,256,7,0.700000,9.470,256,8498,8
sift1m,10000,128,17,10,0.001000,adaptive,64,512,9,0.900000,17.218,512,16561,17
sift1m,10000,128,17,10,0.010000,adaptive,8,64,10,0.700000,2.405,64,2245,28
sift1m,10000,128,17,10,0.010000,adaptive,16,128,10,0.900000,4.490,128,4373,46
sift1m,10000,128,17,10,0.010000,adaptive,32,256,10,1.000000,8.808,256,8498,93
sift1m,10000,128,17,10,0.010000,adaptive,64,512,10,1.000000,17.721,512,16561,180
sift1m,10000,128,17,10,0.050000,adaptive,8,64,10,1.000000,2.365,64,2245,95
sift1m,10000,128,17,10,0.050000,adaptive,16,128,10,1.000000,4.439,128,4373,175
sift1m,10000,128,17,10,0.050000,adaptive,32,256,10,1.000000,9.393,256,8498,351
sift1m,10000,128,17,10,0.050000,adaptive,64,512,10,1.000000,17.466,512,16561,699
sift1m,10000,128,17,10,0.100000,adaptive,8,64,10,0.900000,2.677,64,2245,227
sift1m,10000,128,17,10,0.100000,adaptive,16,128,10,1.000000,4.835,128,4373,454
sift1m,10000,128,17,10,0.100000,adaptive,32,256,10,1.000000,9.554,256,8498,848
sift1m,10000,128,17,10,0.100000,adaptive,64,512,10,1.000000,17.756,512,16561,1701
sift1m,10000,128,17,10,0.500000,adaptive,8,16,10,1.000000,0.794,16,568,300
sift1m,10000,128,17,10,0.500000,adaptive,16,32,10,1.000000,1.331,32,1204,620
sift1m,10000,128,17,10,0.500000,adaptive,32,64,10,1.000000,2.743,64,2245,1154
sift1m,10000,128,17,10,0.500000,adaptive,64,128,10,1.000000,4.596,128,4373,2263
sift1m,10000,128,17,10,1.000000,adaptive,8,8,10,0.800000,0.418,8,330,330
sift1m,10000,128,17,10,1.000000,adaptive,16,16,10,0.900000,0.611,16,568,568
sift1m,10000,128,17,10,1.000000,adaptive,32,32,10,0.900000,1.291,32,1204,1204
sift1m,10000,128,17,10,1.000000,adaptive,64,64,10,1.000000,2.971,64,2245,2245
sift1m,10000,128,18,10,0.001000,adaptive,8,64,1,0.166667,2.719,64,2331,2
sift1m,10000,128,18,10,0.001000,adaptive,16,128,3,0.500000,5.252,128,4429,7
sift1m,10000,128,18,10,0.001000,adaptive,32,256,4,0.666667,10.175,256,8894,17
sift1m,10000,128,18,10,0.001000,adaptive,64,512,5,0.833333,19.266,512,17160,23
sift1m,10000,128,18,10,0.010000,adaptive,8,64,10,0.900000,2.867,64,2331,28
sift1m,10000,128,18,10,0.010000,adaptive,16,128,10,1.000000,5.226,128,4429,47
sift1m,10000,128,18,10,0.010000,adaptive,32,256,10,1.000000,10.264,256,8894,107
sift1m,10000,128,18,10,0.010000,adaptive,64,512,10,1.000000,19.347,512,17160,174
sift1m,10000,128,18,10,0.050000,adaptive,8,64,10,1.000000,2.903,64,2331,131
sift1m,10000,128,18,10,0.050000,adaptive,16,128,10,1.000000,5.019,128,4429,238
sift1m,10000,128,18,10,0.050000,adaptive,32,256,10,1.000000,10.136,256,8894,429
sift1m,10000,128,18,10,0.050000,adaptive,64,512,10,1.000000,18.529,512,17160,788
sift1m,10000,128,18,10,0.100000,adaptive,8,64,10,1.000000,2.782,64,2331,233
sift1m,10000,128,18,10,0.100000,adaptive,16,128,10,1.000000,5.065,128,4429,444
sift1m,10000,128,18,10,0.100000,adaptive,32,256,10,1.000000,9.536,256,8894,891
sift1m,10000,128,18,10,0.100000,adaptive,64,512,10,1.000000,19.005,512,17160,1738
sift1m,10000,128,18,10,0.500000,adaptive,8,16,10,0.800000,0.791,16,541,264
sift1m,10000,128,18,10,0.500000,adaptive,16,32,10,0.900000,1.439,32,1142,566
sift1m,10000,128,18,10,0.500000,adaptive,32,64,10,1.000000,2.948,64,2331,1171
sift1m,10000,128,18,10,0.500000,adaptive,64,128,10,1.000000,5.153,128,4429,2167
sift1m,10000,128,18,10,1.000000,adaptive,8,8,10,0.800000,0.428,8,268,268
sift1m,10000,128,18,10,1.000000,adaptive,16,16,10,0.800000,0.736,16,541,541
sift1m,10000,128,18,10,1.000000,adaptive,32,32,10,0.900000,1.470,32,1142,1142
sift1m,10000,128,18,10,1.000000,adaptive,64,64,10,1.000000,2.958,64,2331,2331
sift1m,10000,128,19,10,0.001000,adaptive,8,64,1,0.100000,2.576,64,2222,1
sift1m,10000,128,19,10,0.001000,adaptive,16,128,1,0.100000,5.154,128,4384,1
sift1m,10000,128,19,10,0.001000,adaptive,32,256,3,0.300000,9.003,256,8382,4
sift1m,10000,128,19,10,0.001000,adaptive,64,512,6,0.600000,17.680,512,16564,10
sift1m,10000,128,19,10,0.010000,adaptive,8,64,10,0.900000,2.554,64,2222,17
sift1m,10000,128,19,10,0.010000,adaptive,16,128,10,0.900000,4.874,128,4384,32
sift1m,10000,128,19,10,0.010000,adaptive,32,256,10,1.000000,9.158,256,8382,63
sift1m,10000,128,19,10,0.010000,adaptive,64,512,10,1.000000,17.710,512,16564,116
sift1m,10000,128,19,10,0.050000,adaptive,8,64,10,0.900000,2.664,64,2222,91
sift1m,10000,128,19,10,0.050000,adaptive,16,128,10,1.000000,4.848,128,4384,205
sift1m,10000,128,19,10,0.050000,adaptive,32,256,10,1.000000,9.715,256,8382,426
sift1m,10000,128,19,10,0.050000,adaptive,64,512,10,1.000000,17.900,512,16564,818
sift1m,10000,128,19,10,0.100000,adaptive,8,64,10,1.000000,2.549,64,2222,251
sift1m,10000,128,19,10,0.100000,adaptive,16,128,10,1.000000,5.130,128,4384,466
sift1m,10000,128,19,10,0.100000,adaptive,32,256,10,1.000000,9.655,256,8382,884
sift1m,10000,128,19,10,0.100000,adaptive,64,512,10,1.000000,17.806,512,16564,1678
sift1m,10000,128,19,10,0.500000,adaptive,8,16,10,1.000000,0.699,16,564,281
sift1m,10000,128,19,10,0.500000,adaptive,16,32,10,1.000000,1.267,32,1144,579
sift1m,10000,128,19,10,0.500000,adaptive,32,64,10,1.000000,2.332,64,2222,1116
sift1m,10000,128,19,10,0.500000,adaptive,64,128,10,1.000000,4.686,128,4384,2155
sift1m,10000,128,19,10,1.000000,adaptive,8,8,10,1.000000,0.452,8,303,303
sift1m,10000,128,19,10,1.000000,adaptive,16,16,10,1.000000,0.668,16,564,564
sift1m,10000,128,19,10,1.000000,adaptive,32,32,10,1.000000,1.272,32,1144,1144
sift1m,10000,128,19,10,1.000000,adaptive,64,64,10,1.000000,2.576,64,2222,2222
sift1m,10000,128,20,10,0.001000,adaptive,8,64,2,0.250000,2.395,64,2143,4
sift1m,10000,128,20,10,0.001000,adaptive,16,128,4,0.500000,4.612,128,4488,9
sift1m,10000,128,20,10,0.001000,adaptive,32,256,6,0.750000,9.275,256,8837,18
sift1m,10000,128,20,10,0.001000,adaptive,64,512,6,0.750000,18.430,512,17122,28
sift1m,10000,128,20,10,0.010000,adaptive,8,64,8,0.800000,2.293,64,2143,15
sift1m,10000,128,20,10,0.010000,adaptive,16,128,10,1.000000,4.736,128,4488,33
sift1m,10000,128,20,10,0.010000,adaptive,32,256,10,1.000000,9.634,256,8837,71
sift1m,10000,128,20,10,0.010000,adaptive,64,512,10,1.000000,18.067,512,17122,143
sift1m,10000,128,20,10,0.050000,adaptive,8,64,10,1.000000,2.439,64,2143,118
sift1m,10000,128,20,10,0.050000,adaptive,16,128,10,1.000000,4.722,128,4488,271
sift1m,10000,128,20,10,0.050000,adaptive,32,256,10,1.000000,9.597,256,8837,509
sift1m,10000,128,20,10,0.050000,adaptive,64,512,10,1.000000,18.529,512,17122,929
sift1m,10000,128,20,10,0.100000,adaptive,8,64,10,1.000000,2.384,64,2143,257
sift1m,10000,128,20,10,0.100000,adaptive,16,128,10,1.000000,4.739,128,4488,494
sift1m,10000,128,20,10,0.100000,adaptive,32,256,10,1.000000,9.453,256,8837,927
sift1m,10000,128,20,10,0.100000,adaptive,64,512,10,1.000000,18.480,512,17122,1649
sift1m,10000,128,20,10,0.500000,adaptive,8,16,10,1.000000,0.727,16,546,259
sift1m,10000,128,20,10,0.500000,adaptive,16,32,10,1.000000,1.183,32,1084,535
sift1m,10000,128,20,10,0.500000,adaptive,32,64,10,1.000000,2.384,64,2143,1087
sift1m,10000,128,20,10,0.500000,adaptive,64,128,10,1.000000,4.947,128,4488,2260
sift1m,10000,128,20,10,1.000000,adaptive,8,8,10,1.000000,0.434,8,301,301
sift1m,10000,128,20,10,1.000000,adaptive,16,16,10,1.000000,0.624,16,546,546
sift1m,10000,128,20,10,1.000000,adaptive,32,32,10,1.000000,1.220,32,1084,1084
sift1m,10000,128,20,10,1.000000,adaptive,64,64,10,1.000000,2.362,64,2143,2143
sift1m,10000,128,21,10,0.001000,adaptive,8,64,3,0.428571,2.500,64,2274,3
sift1m,10000,128,21,10,0.001000,adaptive,16,128,3,0.428571,5.129,128,4638,6
sift1m,10000,128,21,10,0.001000,adaptive,32,256,4,0.571429,9.712,256,8998,11
sift1m,10000,128,21,10,0.001000,adaptive,64,512,5,0.714286,17.960,512,17187,20
sift1m,10000,128,21,10,0.010000,adaptive,8,64,10,0.900000,2.454,64,2274,34
sift1m,10000,128,21,10,0.010000,adaptive,16,128,10,1.000000,5.011,128,4638,76
sift1m,10000,128,21,10,0.010000,adaptive,32,256,10,1.000000,10.360,256,8998,135
sift1m,10000,128,21,10,0.010000,adaptive,64,512,10,1.000000,18.895,512,17187,222
sift1m,10000,128,21,10,0.050000,adaptive,8,64,10,1.000000,2.445,64,2274,113
sift1m,10000,128,21,10,0.050000,adaptive,16,128,10,1.000000,4.969,128,4638,246
sift1m,10000,128,21,10,0.050000,adaptive,32,256,10,1.000000,9.709,256,8998,430
sift1m,10000,128,21,10,0.050000,adaptive,64,512,10,1.000000,18.717,512,17187,828
sift1m,10000,128,21,10,0.100000,adaptive,8,64,10,1.000000,2.502,64,2274,232
sift1m,10000,128,21,10,0.100000,adaptive,16,128,10,1.000000,4.904,128,4638,467
sift1m,10000,128,21,10,0.100000,adaptive,32,256,10,1.000000,9.934,256,8998,974
sift1m,10000,128,21,10,0.100000,adaptive,64,512,10,1.000000,19.025,512,17187,1773
sift1m,10000,128,21,10,0.500000,adaptive,8,16,10,0.900000,0.655,16,545,255
sift1m,10000,128,21,10,0.500000,adaptive,16,32,10,0.900000,1.220,32,1141,538
sift1m,10000,128,21,10,0.500000,adaptive,32,64,10,1.000000,2.474,64,2274,1101
sift1m,10000,128,21,10,0.500000,adaptive,64,128,10,1.000000,5.313,128,4638,2213
sift1m,10000,128,21,10,1.000000,adaptive,8,8,10,1.000000,0.340,8,277,277
sift1m,10000,128,21,10,1.000000,adaptive,16,16,10,1.000000,0.591,16,545,545
sift1m,10000,128,21,10,1.000000,adaptive,32,32,10,1.000000,1.218,32,1141,1141
sift1m,10000,128,21,10,1.000000,adaptive,64,64,10,1.000000,2.419,64,2274,2274
sift1m,10000,128,22,10,0.001000,adaptive,8,64,1,0.166667,2.784,64,2252,1
sift1m,10000,128,22,10,0.001000,adaptive,16,128,2,0.333333,4.961,128,4473,3
sift1m,10000,128,22,10,0.001000,adaptive,32,256,2,0.333333,9.656,256,8918,12
sift1m,10000,128,22,10,0.001000,adaptive,64,512,5,0.833333,19.167,512,17157,15
sift1m,10000,128,22,10,0.010000,adaptive,8,64,10,0.700000,2.721,64,2252,35
sift1m,10000,128,22,10,0.010000,adaptive,16,128,10,1.000000,4.854,128,4473,66
sift1m,10000,128,22,10,0.010000,adaptive,32,256,10,1.000000,9.936,256,8918,117
sift1m,10000,128,22,10,0.010000,adaptive,64,512,10,1.000000,18.248,512,17157,190
sift1m,10000,128,22,10,0.050000,adaptive,8,64,10,1.000000,2.514,64,2252,130
sift1m,10000,128,22,10,0.050000,adaptive,16,128,10,1.000000,4.835,128,4473,265
sift1m,10000,128,22,10,0.050000,adaptive,32,256,10,1.000000,9.804,256,8918,506
sift1m,10000,128,22,10,0.050000,adaptive,64,512,10,1.000000,18.310,512,17157,919
sift1m,10000,128,22,10,0.100000,adaptive,8,64,10,1.000000,2.670,64,2252,252
sift1m,10000,128,22,10,0.100000,adaptive,16,128,10,1.000000,4.862,128,4473,511
sift1m,10000,128,22,10,0.100000,adaptive,32,256,10,1.000000,9.627,256,8918,968
sift1m,10000,128,22,10,0.100000,adaptive,64,512,10,1.000000,18.749,512,17157,1848
sift1m,10000,128,22,10,0.500000,adaptive,8,16,10,1.000000,0.745,16,557,285
sift1m,10000,128,22,10,0.500000,adaptive,16,32,10,1.000000,1.353,32,1148,563
sift1m,10000,128,22,10,0.500000,adaptive,32,64,10,1.000000,2.444,64,2252,1109
sift1m,10000,128,22,10,0.500000,adaptive,64,128,10,1.000000,4.975,128,4473,2193
sift1m,10000,128,22,10,1.000000,adaptive,8,8,10,1.000000,0.469,8,294,294
sift1m,10000,128,22,10,1.000000,adaptive,16,16,10,1.000000,0.695,16,557,557
sift1m,10000,128,22,10,1.000000,adaptive,32,32,10,1.000000,1.383,32,1148,1148
sift1m,10000,128,22,10,1.000000,adaptive,64,64,10,1.000000,2.605,64,2252,2252
sift1m,10000,128,23,10,0.001000,adaptive,8,64,1,0.142857,2.432,64,2264,1
sift1m,10000,128,23,10,0.001000,adaptive,16,128,1,0.142857,4.736,128,4446,2
sift1m,10000,128,23,10,0.001000,adaptive,32,256,4,0.571429,9.422,256,8870,9
sift1m,10000,128,23,10,0.001000,adaptive,64,512,6,0.857143,18.149,512,17171,16
sift1m,10000,128,23,10,0.010000,adaptive,8,64,10,0.900000,2.436,64,2264,30
sift1m,10000,128,23,10,0.010000,adaptive,16,128,10,0.900000,4.695,128,4446,47
sift1m,10000,128,23,10,0.010000,adaptive,32,256,10,1.000000,9.787,256,8870,95
sift1m,10000,128,23,10,0.010000,adaptive,64,512,10,1.000000,18.778,512,17171,195
sift1m,10000,128,23,10,0.050000,adaptive,8,64,10,1.000000,2.677,64,2264,98
sift1m,10000,128,23,10,0.050000,adaptive,16,128,10,1.000000,4.927,128,4446,197
sift1m,10000,128,23,10,0.050000,adaptive,32,256,10,1.000000,9.798,256,8870,395
sift1m,10000,128,23,10,0.050000,adaptive,64,512,10,1.000000,18.726,512,17171,783
sift1m,10000,128,23,10,0.100000,adaptive,8,64,10,1.000000,2.653,64,2264,188
sift1m,10000,128,23,10,0.100000,adaptive,16,128,10,1.000000,4.962,128,4446,389
sift1m,10000,128,23,10,0.100000,adaptive,32,256,10,1.000000,9.406,256,8870,805
sift1m,10000,128,23,10,0.100000,adaptive,64,512,10,1.000000,18.822,512,17171,1575
sift1m,10000,128,23,10,0.500000,adaptive,8,16,10,0.900000,0.765,16,567,288
sift1m,10000,128,23,10,0.500000,adaptive,16,32,10,1.000000,1.310,32,1134,565
sift1m,10000,128,23,10,0.500000,adaptive,32,64,10,1.000000,2.503,64,2264,1123
sift1m,10000,128,23,10,0.500000,adaptive,64,128,10,1.000000,4.698,128,4446,2180
sift1m,10000,128,23,10,1.000000,adaptive,8,8,10,0.800000,0.370,8,276,276
sift1m,10000,128,23,10,1.000000,adaptive,16,16,10,0.900000,0.662,16,567,567
sift1m,10000,128,23,10,1.000000,adaptive,32,32,10,1.000000,1.238,32,1134,1134
sift1m,10000,128,23,10,1.000000,adaptive,64,64,10,1.000000,2.408,64,2264,2264
sift1m,10000,128,24,10,0.001000,adaptive,8,64,1,0.100000,2.840,64,2346,2
sift1m,10000,128,24,10,0.001000,adaptive,16,128,1,0.100000,5.284,128,4541,2
sift1m,10000,128,24,10,0.001000,adaptive,32,256,2,0.200000,9.637,256,8995,5
sift1m,10000,128,24,10,0.001000,adaptive,64,512,5,0.500000,17.989,512,17181,11
sift1m,10000,128,24,10,0.010000,adaptive,8,64,10,0.800000,2.613,64,2346,30
sift1m,10000,128,24,10,0.010000,adaptive,16,128,10,1.000000,5.370,128,4541,52
sift1m,10000,128,24,10,0.010000,adaptive,32,256,10,1.000000,10.701,256,8995,110
sift1m,10000,128,24,10,0.010000,adaptive,64,512,10,1.000000,19.996,512,17181,184
sift1m,10000,128,24,10,0.050000,adaptive,8,64,10,1.000000,2.590,64,2346,141
sift1m,10000,128,24,10,0.050000,adaptive,16,128,10,1.000000,4.867,128,4541,278
sift1m,10000,128,24,10,0.050000,adaptive,32,256,10,1.000000,10.271,256,8995,508
sift1m,10000,128,24,10,0.050000,adaptive,64,512,10,1.000000,17.818,512,17181,919
sift1m,10000,128,24,10,0.100000,adaptive,8,64,10,1.000000,2.730,64,2346,201
sift1m,10000,128,24,10,0.100000,adaptive,16,128,10,1.000000,5.012,128,4541,401
sift1m,10000,128,24,10,0.100000,adaptive,32,256,10,1.000000,9.949,256,8995,870
sift1m,10000,128,24,10,0.100000,adaptive,64,512,10,1.000000,18.620,512,17181,1700
sift1m,10000,128,24,10,0.500000,adaptive,8,16,10,1.000000,0.758,16,599,335
sift1m,10000,128,24,10,0.500000,adaptive,16,32,10,1.000000,1.384,32,1208,650
sift1m,10000,128,24,10,0.500000,adaptive,32,64,10,1.000000,2.827,64,2346,1263
sift1m,10000,128,24,10,0.500000,adaptive,64,128,10,1.000000,5.143,128,4541,2379
sift1m,10000,128,24,10,1.000000,adaptive,8,8,10,1.000000,0.394,8,300,300
sift1m,10000,128,24,10,1.000000,adaptive,16,16,10,1.000000,0.668,16,599,599
sift1m,10000,128,24,10,1.000000,adaptive,32,32,10,1.000000,1.471,32,1208,1208
sift1m,10000,128,24,10,1.000000,adaptive,64,64,10,1.000000,2.794,64,2346,2346
sift1m,10000,128,25,10,0.001000,adaptive,8,64,0,0.000000,2.489,64,2256,0
sift1m,10000,128,25,10,0.001000,adaptive,16,128,2,0.200000,4.878,128,4497,2
sift1m,10000,128,25,10,0.001000,adaptive,32,256,5,0.500000,9.956,256,8943,11
sift1m,10000,128,25,10,0.001000,adaptive,64,512,7,0.700000,18.192,512,17044,22
sift1m,10000,128,25,10,0.010000,adaptive,8,64,10,0.700000,2.541,64,2256,14
sift1m,10000,128,25,10,0.010000,adaptive,16,128,10,0.900000,4.928,128,4497,33
sift1m,10000,128,25,10,0.010000,adaptive,32,256,10,1.000000,10.017,256,8943,75
sift1m,10000,128,25,10,0.010000,adaptive,64,512,10,1.000000,18.860,512,17044,154
sift1m,10000,128,25,10,0.050000,adaptive,8,64,10,0.900000,2.665,64,2256,118
sift1m,10000,128,25,10,0.050000,adaptive,16,128,10,1.000000,4.868,128,4497,221
sift1m,10000,128,25,10,0.050000,adaptive,32,256,10,1.000000,9.665,256,8943,458
sift1m,10000,128,25,10,0.050000,adaptive,64,512,10,1.000000,18.166,512,17044,826
sift1m,10000,128,25,10,0.100000,adaptive,8,64,10,1.000000,2.631,64,2256,216
sift1m,10000,128,25,10,0.100000,adaptive,16,128,10,1.000000,4.952,128,4497,448
sift1m,10000,128,25,10,0.100000,adaptive,32,256,10,1.000000,9.676,256,8943,886
sift1m,10000,128,25,10,0.100000,adaptive,64,512,10,1.000000,18.077,512,17044,1701
sift1m,10000,128,25,10,0.500000,adaptive,8,16,10,0.800000,0.717,16,543,258
sift1m,10000,128,25,10,0.500000,adaptive,16,32,10,1.000000,1.337,32,1151,570
sift1m,10000,128,25,10,0.500000,adaptive,32,64,10,1.000000,2.494,64,2256,1112
sift1m,10000,128,25,10,0.500000,adaptive,64,128,10,1.000000,4.972,128,4497,2263
sift1m,10000,128,25,10,1.000000,adaptive,8,8,10,0.900000,0.353,8,280,280
sift1m,10000,128,25,10,1.000000,adaptive,16,16,10,1.000000,0.595,16,543,543
sift1m,10000,128,25,10,1.000000,adaptive,32,32,10,1.000000,1.243,32,1151,1151
sift1m,10000,128,25,10,1.000000,adaptive,64,64,10,1.000000,2.486,64,2256,2256
sift1m,10000,128,26,10,0.001000,adaptive,8,64,4,0.444444,2.331,64,2112,7
sift1m,10000,128,26,10,0.001000,adaptive,16,128,4,0.444444,4.693,128,4419,15
sift1m,10000,128,26,10,0.001000,adaptive,32,256,4,0.444444,9.378,256,8915,18
sift1m,10000,128,26,10,0.001000,adaptive,64,512,5,0.555556,18.102,512,17150,23
sift1m,10000,128,26,10,0.010000,adaptive,8,64,10,0.900000,2.280,64,2112,27
sift1m,10000,128,26,10,0.010000,adaptive,16,128,10,1.000000,4.550,128,4419,50
sift1m,10000,128,26,10,0.010000,adaptive,32,256,10,1.000000,9.640,256,8915,99
sift1m,10000,128,26,10,0.010000,adaptive,64,512,10,1.000000,18.063,512,17150,205
sift1m,10000,128,26,10,0.050000,adaptive,8,64,10,1.000000,2.303,64,2112,130
sift1m,10000,128,26,10,0.050000,adaptive,16,128,10,1.000000,4.784,128,4419,265
sift1m,10000,128,26,10,0.050000,adaptive,32,256,10,1.000000,9.957,256,8915,484
sift1m,10000,128,26,10,0.050000,adaptive,64,512,10,1.000000,18.813,512,17150,854
sift1m,10000,128,26,10,0.100000,adaptive,8,64,10,1.000000,2.372,64,2112,201
sift1m,10000,128,26,10,0.100000,adaptive,16,128,10,1.000000,5.033,128,4419,436
sift1m,10000,128,26,10,0.100000,adaptive,32,256,10,1.000000,9.441,256,8915,894
sift1m,10000,128,26,10,0.100000,adaptive,64,512,10,1.000000,18.980,512,17150,1692
sift1m,10000,128,26,10,0.500000,adaptive,8,16,10,1.000000,0.727,16,537,277
sift1m,10000,128,26,10,0.500000,adaptive,16,32,10,1.000000,1.204,32,1070,562
sift1m,10000,128,26,10,0.500000,adaptive,32,64,10,1.000000,2.285,64,2112,1063
sift1m,10000,128,26,10,0.500000,adaptive,64,128,10,1.000000,4.946,128,4419,2229
sift1m,10000,128,26,10,1.000000,adaptive,8,8,10,0.900000,0.386,8,274,274
sift1m,10000,128,26,10,1.000000,adaptive,16,16,10,1.000000,0.609,16,537,537
sift1m,10000,128,26,10,1.000000,adaptive,32,32,10,1.000000,1.170,32,1070,1070
sift1m,10000,128,26,10,1.000000,adaptive,64,64,10,1.000000,2.350,64,2112,2112
sift1m,10000,128,27,10,0.001000,adaptive,8,64,1,0.142857,2.407,64,2172,1
sift1m,10000,128,27,10,0.001000,adaptive,16,128,3,0.428571,4.870,128,4488,3
sift1m,10000,128,27,10,0.001000,adaptive,32,256,3,0.428571,9.479,256,9021,4
sift1m,10000,128,27,10,0.001000,adaptive,64,512,5,0.714286,18.528,512,17094,7
sift1m,10000,128,27,10,0.010000,adaptive,8,64,10,0.900000,2.503,64,2172,26
sift1m,10000,128,27,10,0.010000,adaptive,16,128,10,1.000000,4.784,128,4488,52
sift1m,10000,128,27,10,0.010000,adaptive,32,256,10,1.000000,9.654,256,9021,115
sift1m,10000,128,27,10,0.010000,adaptive,64,512,10,1.000000,18.128,512,17094,215
sift1m,10000,128,27,10,0.050000,adaptive,8,64,10,0.900000,2.376,64,2172,97
sift1m,10000,128,27,10,0.050000,adaptive,16,128,10,1.000000,4.970,128,4488,189
sift1m,10000,128,27,10,0.050000,adaptive,32,256,10,1.000000,9.792,256,9021,417
sift1m,10000,128,27,10,0.050000,adaptive,64,512,10,1.000000,18.619,512,17094,840
sift1m,10000,128,27,10,0.100000,adaptive,8,64,10,1.000000,2.393,64,2172,225
sift1m,10000,128,27,10,0.100000,adaptive,16,128,10,1.000000,4.911,128,4488,467
sift1m,10000,128,27,10,0.100000,adaptive,32,256,10,1.000000,9.443,256,9021,927
sift1m,10000,128,27,10,0.100000,adaptive,64,512,10,1.000000,18.950,512,17094,1752
sift1m,10000,128,27,10,0.500000,adaptive,8,16,10,1.000000,0.720,16,526,267
sift1m,10000,128,27,10,0.500000,adaptive,16,32,10,1.000000,1.318,32,1051,533
sift1m,10000,128,27,10,0.500000,adaptive,32,64,10,1.000000,2.312,64,2172,1098
sift1m,10000,128,27,10,0.500000,adaptive,64,128,10,1.000000,4.741,128,4488,2312
sift1m,10000,128,27,10,1.000000,adaptive,8,8,10,1.000000,0.357,8,288,288
sift1m,10000,128,27,10,1.000000,adaptive,16,16,10,1.000000,0.570,16,526,526
sift1m,10000,128,27,10,1.000000,adaptive,32,32,10,1.000000,1.290,32,1051,1051
sift1m,10000,128,27,10,1.000000,adaptive,64,64,10,1.000000,2.589,64,2172,2172
sift1m,10000,128,28,10,0.001000,adaptive,8,64,4,0.400000,2.265,64,2127,4
sift1m,10000,128,28,10,0.001000,adaptive,16,128,6,0.600000,4.754,128,4510,7
sift1m,10000,128,28,10,0.001000,adaptive,32,256,10,0.900000,9.639,256,8976,20
sift1m,10000,128,28,10,0.001000,adaptive,64,512,10,1.000000,18.478,512,17196,40
sift1m,10000,128,28,10,0.010000,adaptive,8,64,10,0.800000,2.341,64,2127,18
sift1m,10000,128,28,10,0.010000,adaptive,16,128,10,0.900000,4.831,128,4510,47
sift1m,10000,128,28,10,0.010000,adaptive,32,256,10,1.000000,9.708,256,8976,107
sift1m,10000,128,28,10,0.010000,adaptive,64,512,10,1.000000,18.770,512,17196,207
sift1m,10000,128,28,10,0.050000,adaptive,8,64,10,1.000000,2.502,64,2127,93
sift1m,10000,128,28,10,0.050000,adaptive,16,128,10,1.000000,4.981,128,4510,201
sift1m,10000,128,28,10,0.050000,adaptive,32,256,10,1.000000,9.950,256,8976,407
sift1m,10000,128,28,10,0.050000,adaptive,64,512,10,1.000000,18.035,512,17196,812
sift1m,10000,128,28,10,0.100000,adaptive,8,64,10,1.000000,2.209,64,2127,180
sift1m,10000,128,28,10,0.100000,adaptive,16,128,10,1.000000,4.788,128,4510,386
sift1m,10000,128,28,10,0.100000,adaptive,32,256,10,1.000000,10.135,256,8976,793
sift1m,10000,128,28,10,0.100000,adaptive,64,512,10,1.000000,18.996,512,17196,1552
sift1m,10000,128,28,10,0.500000,adaptive,8,16,10,1.000000,0.621,16,504,263
sift1m,10000,128,28,10,0.500000,adaptive,16,32,10,1.000000,1.079,32,1036,542
sift1m,10000,128,28,10,0.500000,adaptive,32,64,10,1.000000,2.226,64,2127,1172
sift1m,10000,128,28,10,0.500000,adaptive,64,128,10,1.000000,4.852,128,4510,2465
sift1m,10000,128,28,10,1.000000,adaptive,8,8,10,0.900000,0.434,8,237,237
sift1m,10000,128,28,10,1.000000,adaptive,16,16,10,0.900000,0.658,16,504,504
sift1m,10000,128,28,10,1.000000,adaptive,32,32,10,1.000000,1.193,32,1036,1036
sift1m,10000,128,28,10,1.000000,adaptive,64,64,10,1.000000,2.386,64,2127,2127
sift1m,10000,128,29,10,0.001000,adaptive,8,64,3,0.300000,2.575,64,2174,10
sift1m,10000,128,29,10,0.001000,adaptive,16,128,4,0.400000,4.927,128,4372,18
sift1m,10000,128,29,10,0.001000,adaptive,32,256,7,0.700000,10.096,256,8757,24
sift1m,10000,128,29,10,0.001000,adaptive,64,512,10,1.000000,18.854,512,17087,36
sift1m,10000,128,29,10,0.010000,adaptive,8,64,3,0.300000,2.768,64,2174,3
sift1m,10000,128,29,10,0.010000,adaptive,16,128,10,0.800000,4.739,128,4372,18
sift1m,10000,128,29,10,0.010000,adaptive,32,256,10,1.000000,9.754,256,8757,55
sift1m,10000,128,29,10,0.010000,adaptive,64,512,10,1.000000,18.724,512,17087,128
sift1m,10000,128,29,10,0.050000,adaptive,8,64,10,1.000000,2.466,64,2174,139
sift1m,10000,128,29,10,0.050000,adaptive,16,128,10,1.000000,4.739,128,4372,261
sift1m,10000,128,29,10,0.050000,adaptive,32,256,10,1.000000,9.970,256,8757,539
sift1m,10000,128,29,10,0.050000,adaptive,64,512,10,1.000000,18.655,512,17087,977
sift1m,10000,128,29,10,0.100000,adaptive,8,64,10,1.000000,2.475,64,2174,240
sift1m,10000,128,29,10,0.100000,adaptive,16,128,10,1.000000,4.707,128,4372,486
sift1m,10000,128,29,10,0.100000,adaptive,32,256,10,1.000000,9.524,256,8757,971
sift1m,10000,128,29,10,0.100000,adaptive,64,512,10,1.000000,18.305,512,17087,1779
sift1m,10000,128,29,10,0.500000,adaptive,8,16,10,1.000000,0.637,16,490,252
sift1m,10000,128,29,10,0.500000,adaptive,16,32,10,1.000000,1.095,32,1017,504
sift1m,10000,128,29,10,0.500000,adaptive,32,64,10,1.000000,2.354,64,2174,1071
sift1m,10000,128,29,10,0.500000,adaptive,64,128,10,1.000000,4.796,128,4372,2125
sift1m,10000,128,29,10,1.000000,adaptive,8,8,10,1.000000,0.312,8,250,250
sift1m,10000,128,29,10,1.000000,adaptive,16,16,10,1.000000,0.525,16,490,490
sift1m,10000,128,29,10,1.000000,adaptive,32,32,10,1.000000,1.189,32,1017,1017
sift1m,10000,128,29,10,1.000000,adaptive,64,64,10,1.000000,2.437,64,2174,2174
sift1m,10000,128,30,10,0.001000,adaptive,8,64,2,0.285714,2.556,64,2306,3
sift1m,10000,128,30,10,0.001000,adaptive,16,128,2,0.285714,4.765,128,4460,5
sift1m,10000,128,30,10,0.001000,adaptive,32,256,4,0.571429,9.176,256,8745,12
sift1m,10000,128,30,10,0.001000,adaptive,64,512,5,0.714286,18.163,512,17042,19
sift1m,10000,128,30,10,0.010000,adaptive,8,64,10,0.800000,2.486,64,2306,25
sift1m,10000,128,30,10,0.010000,adaptive,16,128,10,1.000000,5.114,128,4460,44
sift1m,10000,128,30,10,0.010000,adaptive,32,256,10,1.000000,9.379,256,8745,77
sift1m,10000,128,30,10,0.010000,adaptive,64,512,10,1.000000,19.357,512,17042,164
sift1m,10000,128,30,10,0.050000,adaptive,8,64,10,1.000000,2.686,64,2306,102
sift1m,10000,128,30,10,0.050000,adaptive,16,128,10,1.000000,5.175,128,4460,225
sift1m,10000,128,30,10,0.050000,adaptive,32,256,10,1.000000,9.609,256,8745,448
sift1m,10000,128,30,10,0.050000,adaptive,64,512,10,1.000000,19.854,512,17042,862
sift1m,10000,128,30,10,0.100000,adaptive,8,64,10,1.000000,2.609,64,2306,190
sift1m,10000,128,30,10,0.100000,adaptive,16,128,10,1.000000,4.741,128,4460,371
sift1m,10000,128,30,10,0.100000,adaptive,32,256,10,1.000000,9.250,256,8745,741
sift1m,10000,128,30,10,0.100000,adaptive,64,512,10,1.000000,18.888,512,17042,1527
sift1m,10000,128,30,10,0.500000,adaptive,8,16,10,1.000000,0.731,16,576,291
sift1m,10000,128,30,10,0.500000,adaptive,16,32,10,1.000000,1.287,32,1140,558
sift1m,10000,128,30,10,0.500000,adaptive,32,64,10,1.000000,2.714,64,2306,1123
sift1m,10000,128,30,10,0.500000,adaptive,64,128,10,1.000000,5.126,128,4460,2167
sift1m,10000,128,30,10,1.000000,adaptive,8,8,10,0.900000,0.381,8,284,284
sift1m,10000,128,30,10,1.000000,adaptive,16,16,10,1.000000,0.672,16,576,576
sift1m,10000,128,30,10,1.000000,adaptive,32,32,10,1.000000,1.232,32,1140,1140
sift1m,10000,128,30,10,1.000000,adaptive,64,64,10,1.000000,2.767,64,2306,2306
sift1m,10000,128,31,10,0.001000,adaptive,8,64,2,0.200000,2.469,64,2244,2
sift1m,10000,128,31,10,0.001000,adaptive,16,128,5,0.500000,4.866,128,4546,6
sift1m,10000,128,31,10,0.001000,adaptive,32,256,6,0.600000,9.388,256,8751,13
sift1m,10000,128,31,10,0.001000,adaptive,64,512,8,0.700000,18.210,512,17146,20
sift1m,10000,128,31,10,0.010000,adaptive,8,64,10,0.800000,2.455,64,2244,22
sift1m,10000,128,31,10,0.010000,adaptive,16,128,10,1.000000,4.824,128,4546,40
sift1m,10000,128,31,10,0.010000,adaptive,32,256,10,1.000000,9.596,256,8751,74
sift1m,10000,128,31,10,0.010000,adaptive,64,512,10,1.000000,18.354,512,17146,146
sift1m,10000,128,31,10,0.050000,adaptive,8,64,10,1.000000,2.363,64,2244,102
sift1m,10000,128,31,10,0.050000,adaptive,16,128,10,1.000000,5.083,128,4546,226
sift1m,10000,128,31,10,0.050000,adaptive,32,256,10,1.000000,9.446,256,8751,399
sift1m,10000,128,31,10,0.050000,adaptive,64,512,10,1.000000,18.181,512,17146,831
sift1m,10000,128,31,10,0.100000,adaptive,8,64,10,1.000000,2.518,64,2244,204
sift1m,10000,128,31,10,0.100000,adaptive,16,128,10,1.000000,5.034,128,4546,391
sift1m,10000,128,31,10,0.100000,adaptive,32,256,10,1.000000,9.555,256,8751,799
sift1m,10000,128,31,10,0.100000,adaptive,64,512,10,1.000000,18.558,512,17146,1603
sift1m,10000,128,31,10,0.500000,adaptive,8,16,10,1.000000,0.660,16,547,260
sift1m,10000,128,31,10,0.500000,adaptive,16,32,10,1.000000,1.316,32,1183,585
sift1m,10000,128,31,10,0.500000,adaptive,32,64,10,1.000000,2.512,64,2244,1108
sift1m,10000,128,31,10,0.500000,adaptive,64,128,10,1.000000,4.852,128,4546,2308
sift1m,10000,128,31,10,1.000000,adaptive,8,8,10,0.800000,0.358,8,257,257
sift1m,10000,128,31,10,1.000000,adaptive,16,16,10,1.000000,0.629,16,547,547
sift1m,10000,128,31,10,1.000000,adaptive,32,32,10,1.000000,1.399,32,1183,1183
sift1m,10000,128,31,10,1.000000,adaptive,64,64,10,1.000000,2.536,64,2244,2244
sift1m,10000,128,32,10,0.001000,adaptive,8,64,1,0.250000,2.474,64,2271,1
sift1m,10000,128,32,10,0.001000,adaptive,16,128,2,0.500000,4.948,128,4575,4
sift1m,10000,128,32,10,0.001000,adaptive,32,256,3,0.750000,9.633,256,8980,6
sift1m,10000,128,32,10,0.001000,adaptive,64,512,3,0.750000,18.767,512,17140,7
sift1m,10000,128,32,10,0.010000,adaptive,8,64,10,0.900000,2.627,64,2271,24
sift1m,10000,128,32,10,0.010000,adaptive,16,128,10,1.000000,5.167,128,4575,46
sift1m,10000,128,32,10,0.010000,adaptive,32,256,10,1.000000,9.761,256,8980,98
sift1m,10000,128,32,10,0.010000,adaptive,64,512,10,1.000000,18.616,512,17140,167
sift1m,10000,128,32,10,0.050000,adaptive,8,64,10,1.000000,2.601,64,2271,138
sift1m,10000,128,32,10,0.050000,adaptive,16,128,10,1.000000,4.955,128,4575,277
sift1m,10000,128,32,10,0.050000,adaptive,32,256,10,1.000000,9.731,256,8980,514
sift1m,10000,128,32,10,0.050000,adaptive,64,512,10,1.000000,19.034,512,17140,920
sift1m,10000,128,32,10,0.100000,adaptive,8,64,10,0.900000,2.616,64,2271,217
sift1m,10000,128,32,10,0.100000,adaptive,16,128,10,1.000000,4.911,128,4575,475
sift1m,10000,128,32,10,0.100000,adaptive,32,256,10,1.000000,9.518,256,8980,935
sift1m,10000,128,32,10,0.100000,adaptive,64,512,10,1.000000,18.663,512,17140,1717
sift1m,10000,128,32,10,0.500000,adaptive,8,16,10,1.000000,0.717,16,566,275
sift1m,10000,128,32,10,0.500000,adaptive,16,32,10,1.000000,1.297,32,1151,543
sift1m,10000,128,32,10,0.500000,adaptive,32,64,10,1.000000,2.512,64,2271,1113
sift1m,10000,128,32,10,0.500000,adaptive,64,128,10,1.000000,5.068,128,4575,2230
sift1m,10000,128,32,10,1.000000,adaptive,8,8,10,1.000000,0.344,8,275,275
sift1m,10000,128,32,10,1.000000,adaptive,16,16,10,1.000000,0.620,16,566,566
sift1m,10000,128,32,10,1.000000,adaptive,32,32,10,1.000000,1.360,32,1151,1151
sift1m,10000,128,32,10,1.000000,adaptive,64,64,10,1.000000,2.500,64,2271,2271
sift1m,10000,128,33,10,0.001000,adaptive,8,64,1,0.125000,2.360,64,2051,1
sift1m,10000,128,33,10,0.001000,adaptive,16,128,3,0.375000,4.468,128,4039,5
sift1m,10000,128,33,10,0.001000,adaptive,32,256,4,0.500000,8.823,256,8222,11
sift1m,10000,128,33,10,0.001000,adaptive,64,512,6,0.750000,17.175,512,16635,18
sift1m,10000,128,33,10,0.010000,adaptive,8,64,5,0.400000,2.330,64,2051,9
sift1m,10000,128,33,10,0.010000,adaptive,16,128,10,0.600000,4.140,128,4039,26
sift1m,10000,128,33,10,0.010000,adaptive,32,256,10,1.000000,8.768,256,8222,72
sift1m,10000,128,33,10,0.010000,adaptive,64,512,10,1.000000,18.184,512,16635,176
sift1m,10000,128,33,10,0.050000,adaptive,8,64,10,1.000000,2.212,64,2051,90
sift1m,10000,128,33,10,0.050000,adaptive,16,128,10,1.000000,4.166,128,4039,171
sift1m,10000,128,33,10,0.050000,adaptive,32,256,10,1.000000,8.672,256,8222,371
sift1m,10000,128,33,10,0.050000,adaptive,64,512,10,1.000000,18.010,512,16635,777
sift1m,10000,128,33,10,0.100000,adaptive,8,64,10,1.000000,2.321,64,2051,241
sift1m,10000,128,33,10,0.100000,adaptive,16,128,10,1.000000,4.410,128,4039,452
sift1m,10000,128,33,10,0.100000,adaptive,32,256,10,1.000000,8.858,256,8222,896
sift1m,10000,128,33,10,0.100000,adaptive,64,512,10,1.000000,17.999,512,16635,1764
sift1m,10000,128,33,10,0.500000,adaptive,8,16,10,0.700000,0.774,16,546,270
sift1m,10000,128,33,10,0.500000,adaptive,16,32,10,1.000000,1.324,32,1093,555
sift1m,10000,128,33,10,0.500000,adaptive,32,64,10,1.000000,2.412,64,2051,1055
sift1m,10000,128,33,10,0.500000,adaptive,64,128,10,1.000000,4.321,128,4039,2048
sift1m,10000,128,33,10,1.000000,adaptive,8,8,10,0.700000,0.469,8,274,274
sift1m,10000,128,33,10,1.000000,adaptive,16,16,10,0.700000,0.713,16,546,546
sift1m,10000,128,33,10,1.000000,adaptive,32,32,10,1.000000,1.294,32,1093,1093
sift1m,10000,128,33,10,1.000000,adaptive,64,64,10,1.000000,2.442,64,2051,2051
sift1m,10000,128,34,10,0.001000,adaptive,8,64,0,0.000000,2.424,64,2187,0
sift1m,10000,128,34,10,0.001000,adaptive,16,128,1,0.125000,4.717,128,4438,1
sift1m,10000,128,34,10,0.001000,adaptive,32,256,2,0.250000,9.512,256,8799,6
sift1m,10000,128,34,10,0.001000,adaptive,64,512,3,0.375000,19.011,512,17196,9
sift1m,10000,128,34,10,0.010000,adaptive,8,64,10,0.800000,2.584,64,2187,30
sift1m,10000,128,34,10,0.010000,adaptive,16,128,10,1.000000,5.858,128,4438,57
sift1m,10000,128,34,10,0.010000,adaptive,32,256,10,1.000000,10.033,256,8799,113
sift1m,10000,128,34,10,0.010000,adaptive,64,512,10,1.000000,18.567,512,17196,203
sift1m,10000,128,34,10,0.050000,adaptive,8,64,10,1.000000,2.532,64,2187,105
sift1m,10000,128,34,10,0.050000,adaptive,16,128,10,1.000000,4.850,128,4438,216
sift1m,10000,128,34,10,0.050000,adaptive,32,256,10,1.000000,9.554,256,8799,454
sift1m,10000,128,34,10,0.050000,adaptive,64,512,10,1.000000,18.351,512,17196,915
sift1m,10000,128,34,10,0.100000,adaptive,8,64,10,1.000000,2.516,64,2187,210
sift1m,10000,128,34,10,0.100000,adaptive,16,128,10,1.000000,4.936,128,4438,423
sift1m,10000,128,34,10,0.100000,adaptive,32,256,10,1.000000,9.954,256,8799,821
sift1m,10000,128,34,10,0.100000,adaptive,64,512,10,1.000000,18.341,512,17196,1610
sift1m,10000,128,34,10,0.500000,adaptive,8,16,10,1.000000,0.720,16,556,258
sift1m,10000,128,34,10,0.500000,adaptive,16,32,10,1.000000,1.162,32,1033,509
sift1m,10000,128,34,10,0.500000,adaptive,32,64,10,1.000000,2.438,64,2187,1092
sift1m,10000,128,34,10,0.500000,adaptive,64,128,10,1.000000,4.917,128,4438,2195
sift1m,10000,128,34,10,1.000000,adaptive,8,8,10,1.000000,0.407,8,290,290
sift1m,10000,128,34,10,1.000000,adaptive,16,16,10,1.000000,0.643,16,556,556
sift1m,10000,128,34,10,1.000000,adaptive,32,32,10,1.000000,1.164,32,1033,1033
sift1m,10000,128,34,10,1.000000,adaptive,64,64,10,1.000000,2.467,64,2187,2187
sift1m,10000,128,35,10,0.001000,adaptive,8,64,1,0.142857,2.495,64,2240,1
sift1m,10000,128,35,10,0.001000,adaptive,16,128,2,0.285714,4.431,128,4168,2
sift1m,10000,128,35,10,0.001000,adaptive,32,256,3,0.428571,8.578,256,8282,3
sift1m,10000,128,35,10,0.001000,adaptive,64,512,4,0.571429,17.529,512,16527,10
sift1m,10000,128,35,10,0.010000,adaptive,8,64,10,0.900000,2.592,64,2240,27
sift1m,10000,128,35,10,0.010000,adaptive,16,128,10,1.000000,4.566,128,4168,58
sift1m,10000,128,35,10,0.010000,adaptive,32,256,10,1.000000,8.938,256,8282,131
sift1m,10000,128,35,10,0.010000,adaptive,64,512,10,1.000000,17.534,512,16527,243
sift1m,10000,128,35,10,0.050000,adaptive,8,64,10,1.000000,2.738,64,2240,117
sift1m,10000,128,35,10,0.050000,adaptive,16,128,10,1.000000,4.631,128,4168,209
sift1m,10000,128,35,10,0.050000,adaptive,32,256,10,1.000000,8.733,256,8282,391
sift1m,10000,128,35,10,0.050000,adaptive,64,512,10,1.000000,19.509,512,16527,822
sift1m,10000,128,35,10,0.100000,adaptive,8,64,10,1.000000,2.724,64,2240,251
sift1m,10000,128,35,10,0.100000,adaptive,16,128,10,1.000000,4.727,128,4168,457
sift1m,10000,128,35,10,0.100000,adaptive,32,256,10,1.000000,9.368,256,8282,925
sift1m,10000,128,35,10,0.100000,adaptive,64,512,10,1.000000,19.420,512,16527,1802
sift1m,10000,128,35,10,0.500000,adaptive,8,16,10,0.800000,0.722,16,522,252
sift1m,10000,128,35,10,0.500000,adaptive,16,32,10,1.000000,1.377,32,1092,519
sift1m,10000,128,35,10,0.500000,adaptive,32,64,10,1.000000,2.767,64,2240,1081
sift1m,10000,128,35,10,0.500000,adaptive,64,128,10,1.000000,4.799,128,4168,1998
sift1m,10000,128,35,10,1.000000,adaptive,8,8,10,0.800000,0.408,8,263,263
sift1m,10000,128,35,10,1.000000,adaptive,16,16,10,0.800000,0.614,16,522,522
sift1m,10000,128,35,10,1.000000,adaptive,32,32,10,1.000000,1.471,32,1092,1092
sift1m,10000,128,35,10,1.000000,adaptive,64,64,10,1.000000,2.848,64,2240,2240
sift1m,10000,128,36,10,0.001000,adaptive,8,64,1,0.100000,2.785,64,2258,1
sift1m,10000,128,36,10,0.001000,adaptive,16,128,1,0.100000,5.324,128,4458,1
sift1m,10000,128,36,10,0.001000,adaptive,32,256,1,0.100000,9.352,256,8435,1
sift1m,10000,128,36,10,0.001000,adaptive,64,512,6,0.600000,18.143,512,16530,13
sift1m,10000,128,36,10,0.010000,adaptive,8,64,10,0.800000,2.805,64,2258,20
sift1m,10000,128,36,10,0.010000,adaptive,16,128,10,1.000000,5.443,128,4458,36
sift1m,10000,128,36,10,0.010000,adaptive,32,256,10,1.000000,9.524,256,8435,66
sift1m,10000,128,36,10,0.010000,adaptive,64,512,10,1.000000,19.146,512,16530,134
sift1m,10000,128,36,10,0.050000,adaptive,8,64,10,1.000000,2.689,64,2258,125
sift1m,10000,128,36,10,0.050000,adaptive,16,128,10,1.000000,5.423,128,4458,251
sift1m,10000,128,36,10,0.050000,adaptive,32,256,10,1.000000,9.814,256,8435,483
sift1m,10000,128,36,10,0.050000,adaptive,64,512,10,1.000000,19.549,512,16530,897
sift1m,10000,128,36,10,0.100000,adaptive,8,64,10,1.000000,3.244,64,2258,243
sift1m,10000,128,36,10,0.100000,adaptive,16,128,10,1.000000,6.717,128,4458,477
sift1m,10000,128,36,10,0.100000,adaptive,32,256,10,1.000000,10.400,256,8435,943
sift1m,10000,128,36,10,0.100000,adaptive,64,512,10,1.000000,19.022,512,16530,1877
sift1m,10000,128,36,10,0.500000,adaptive,8,16,10,0.900000,1.100,16,561,278
sift1m,10000,128,36,10,0.500000,adaptive,16,32,10,1.000000,1.434,32,1090,541
sift1m,10000,128,36,10,0.500000,adaptive,32,64,10,1.000000,2.937,64,2258,1134
sift1m,10000,128,36,10,0.500000,adaptive,64,128,10,1.000000,5.878,128,4458,2257
sift1m,10000,128,36,10,1.000000,adaptive,8,8,10,0.700000,0.569,8,321,321
sift1m,10000,128,36,10,1.000000,adaptive,16,16,10,1.000000,0.984,16,561,561
sift1m,10000,128,36,10,1.000000,adaptive,32,32,10,1.000000,1.722,32,1090,1090
sift1m,10000,128,36,10,1.000000,adaptive,64,64,10,1.000000,3.121,64,2258,2258
sift1m,10000,128,37,10,0.001000,adaptive,8,64,2,0.200000,2.892,64,2277,2
sift1m,10000,128,37,10,0.001000,adaptive,16,128,5,0.500000,5.854,128,4345,7
sift1m,10000,128,37,10,0.001000,adaptive,32,256,6,0.600000,10.298,256,8542,18
sift1m,10000,128,37,10,0.001000,adaptive,64,512,7,0.700000,19.667,512,16656,25
sift1m,10000,128,37,10,0.010000,adaptive,8,64,10,0.500000,2.798,64,2277,17
sift1m,10000,128,37,10,0.010000,adaptive,16,128,10,0.900000,4.533,128,4345,36
sift1m,10000,128,37,10,0.010000,adaptive,32,256,10,1.000000,9.357,256,8542,68
sift1m,10000,128,37,10,0.010000,adaptive,64,512,10,1.000000,17.636,512,16656,134
sift1m,10000,128,37,10,0.050000,adaptive,8,64,10,1.000000,2.624,64,2277,94
sift1m,10000,128,37,10,0.050000,adaptive,16,128,10,1.000000,5.018,128,4345,193
sift1m,10000,128,37,10,0.050000,adaptive,32,256,10,1.000000,9.633,256,8542,360
sift1m,10000,128,37,10,0.050000,adaptive,64,512,10,1.000000,18.311,512,16656,741
sift1m,10000,128,37,10,0.100000,adaptive,8,64,10,1.000000,2.618,64,2277,204
sift1m,10000,128,37,10,0.100000,adaptive,16,128,10,1.000000,4.853,128,4345,384
sift1m,10000,128,37,10,0.100000,adaptive,32,256,10,1.000000,9.365,256,8542,772
sift1m,10000,128,37,10,0.100000,adaptive,64,512,10,1.000000,17.702,512,16656,1551
sift1m,10000,128,37,10,0.500000,adaptive,8,16,10,1.000000,0.792,16,599,289
sift1m,10000,128,37,10,0.500000,adaptive,16,32,10,1.000000,1.453,32,1140,554
sift1m,10000,128,37,10,0.500000,adaptive,32,64,10,1.000000,2.542,64,2277,1098
sift1m,10000,128,37,10,0.500000,adaptive,64,128,10,1.000000,4.958,128,4345,2090
sift1m,10000,128,37,10,1.000000,adaptive,8,8,10,0.900000,0.478,8,309,309
sift1m,10000,128,37,10,1.000000,adaptive,16,16,10,1.000000,0.739,16,599,599
sift1m,10000,128,37,10,1.000000,adaptive,32,32,10,1.000000,1.347,32,1140,1140
sift1m,10000,128,37,10,1.000000,adaptive,64,64,10,1.000000,2.585,64,2277,2277
sift1m,10000,128,38,10,0.001000,adaptive,8,64,1,0.100000,2.363,64,2176,1
sift1m,10000,128,38,10,0.001000,adaptive,16,128,1,0.100000,4.721,128,4463,1
sift1m,10000,128,38,10,0.001000,adaptive,32,256,2,0.200000,9.695,256,8947,2
sift1m,10000,128,38,10,0.001000,adaptive,64,512,5,0.500000,18.279,512,17177,11
sift1m,10000,128,38,10,0.010000,adaptive,8,64,10,0.700000,2.424,64,2176,20
sift1m,10000,128,38,10,0.010000,adaptive,16,128,10,0.900000,4.704,128,4463,40
sift1m,10000,128,38,10,0.010000,adaptive,32,256,10,1.000000,9.551,256,8947,79
sift1m,10000,128,38,10,0.010000,adaptive,64,512,10,1.000000,18.540,512,17177,135
sift1m,10000,128,38,10,0.050000,adaptive,8,64,10,1.000000,2.362,64,2176,109
sift1m,10000,128,38,10,0.050000,adaptive,16,128,10,1.000000,4.596,128,4463,228
sift1m,10000,128,38,10,0.050000,adaptive,32,256,10,1.000000,10.128,256,8947,457
sift1m,10000,128,38,10,0.050000,adaptive,64,512,10,1.000000,18.386,512,17177,832
sift1m,10000,128,38,10,0.100000,adaptive,8,64,10,1.000000,2.388,64,2176,213
sift1m,10000,128,38,10,0.100000,adaptive,16,128,10,1.000000,4.978,128,4463,457
sift1m,10000,128,38,10,0.100000,adaptive,32,256,10,1.000000,9.787,256,8947,897
sift1m,10000,128,38,10,0.100000,adaptive,64,512,10,1.000000,18.779,512,17177,1642
sift1m,10000,128,38,10,0.500000,adaptive,8,16,10,1.000000,0.713,16,552,260
sift1m,10000,128,38,10,0.500000,adaptive,16,32,10,1.000000,1.218,32,1070,510
sift1m,10000,128,38,10,0.500000,adaptive,32,64,10,1.000000,2.531,64,2176,1047
sift1m,10000,128,38,10,0.500000,adaptive,64,128,10,1.000000,4.984,128,4463,2175
sift1m,10000,128,38,10,1.000000,adaptive,8,8,10,1.000000,0.349,8,275,275
sift1m,10000,128,38,10,1.000000,adaptive,16,16,10,1.000000,0.653,16,552,552
sift1m,10000,128,38,10,1.000000,adaptive,32,32,10,1.000000,1.165,32,1070,1070
sift1m,10000,128,38,10,1.000000,adaptive,64,64,10,1.000000,2.341,64,2176,2176
sift1m,10000,128,39,10,0.001000,adaptive,8,64,4,0.400000,2.361,64,2184,8
sift1m,10000,128,39,10,0.001000,adaptive,16,128,7,0.700000,4.562,128,4245,14
sift1m,10000,128,39,10,0.001000,adaptive,32,256,9,0.900000,9.309,256,8747,17
sift1m,10000,128,39,10,0.001000,adaptive,64,512,10,1.000000,18.629,512,17270,39
sift1m,10000,128,39,10,0.010000,adaptive,8,64,10,1.000000,2.534,64,2184,25
sift1m,10000,128,39,10,0.010000,adaptive,16,128,10,1.000000,4.481,128,4245,49
sift1m,10000,128,39,10,0.010000,adaptive,32,256,10,1.000000,9.450,256,8747,99
sift1m,10000,128,39,10,0.010000,adaptive,64,512,10,1.000000,18.922,512,17270,177
sift1m,10000,128,39,10,0.050000,adaptive,8,64,10,1.000000,2.458,64,2184,113
sift1m,10000,128,39,10,0.050000,adaptive,16,128,10,1.000000,4.552,128,4245,223
sift1m,10000,128,39,10,0.050000,adaptive,32,256,10,1.000000,9.245,256,8747,428
sift1m,10000,128,39,10,0.050000,adaptive,64,512,10,1.000000,19.104,512,17270,867
sift1m,10000,128,39,10,0.100000,adaptive,8,64,10,1.000000,2.549,64,2184,237
sift1m,10000,128,39,10,0.100000,adaptive,16,128,10,1.000000,4.718,128,4245,455
sift1m,10000,128,39,10,0.100000,adaptive,32,256,10,1.000000,9.765,256,8747,933
sift1m,10000,128,39,10,0.100000,adaptive,64,512,10,1.000000,18.710,512,17270,1777
sift1m,10000,128,39,10,0.500000,adaptive,8,16,10,1.000000,0.758,16,542,272
sift1m,10000,128,39,10,0.500000,adaptive,16,32,10,1.000000,1.195,32,1064,528
sift1m,10000,128,39,10,0.500000,adaptive,32,64,10,1.000000,2.332,64,2184,1096
sift1m,10000,128,39,10,0.500000,adaptive,64,128,10,1.000000,4.598,128,4245,2128
sift1m,10000,128,39,10,1.000000,adaptive,8,8,10,1.000000,0.453,8,278,278
sift1m,10000,128,39,10,1.000000,adaptive,16,16,10,1.000000,0.680,16,542,542
sift1m,10000,128,39,10,1.000000,adaptive,32,32,10,1.000000,1.191,32,1064,1064
sift1m,10000,128,39,10,1.000000,adaptive,64,64,10,1.000000,2.483,64,2184,2184
sift1m,10000,128,40,10,0.001000,adaptive,8,64,0,0.000000,2.971,64,2491,0
sift1m,10000,128,40,10,0.001000,adaptive,16,128,0,0.000000,4.983,128,4580,0
sift1m,10000,128,40,10,0.001000,adaptive,32,256,0,0.000000,9.599,256,9003,0
sift1m,10000,128,40,10,0.001000,adaptive,64,512,2,0.222222,17.941,512,17149,4
sift1m,10000,128,40,10,0.010000,adaptive,8,64,10,0.600000,3.014,64,2491,32
sift1m,10000,128,40,10,0.010000,adaptive,16,128,10,0.900000,5.203,128,4580,58
sift1m,10000,128,40,10,0.010000,adaptive,32,256,10,1.000000,9.944,256,9003,117
sift1m,10000,128,40,10,0.010000,adaptive,64,512,10,1.000000,18.280,512,17149,213
sift1m,10000,128,40,10,0.050000,adaptive,8,64,10,1.000000,3.318,64,2491,132
sift1m,10000,128,40,10,0.050000,adaptive,16,128,10,1.000000,4.929,128,4580,237
sift1m,10000,128,40,10,0.050000,adaptive,32,256,10,1.000000,9.552,256,9003,476
sift1m,10000,128,40,10,0.050000,adaptive,64,512,10,1.000000,18.939,512,17149,947
sift1m,10000,128,40,10,0.100000,adaptive,8,64,10,1.000000,2.957,64,2491,240
sift1m,10000,128,40,10,0.100000,adaptive,16,128,10,1.000000,4.972,128,4580,445
sift1m,10000,128,40,10,0.100000,adaptive,32,256,10,1.000000,9.561,256,9003,862
sift1m,10000,128,40,10,0.100000,adaptive,64,512,10,1.000000,18.797,512,17149,1723
sift1m,10000,128,40,10,0.500000,adaptive,8,16,10,1.000000,0.891,16,618,326
sift1m,10000,128,40,10,0.500000,adaptive,16,32,10,1.000000,1.634,32,1253,640
sift1m,10000,128,40,10,0.500000,adaptive,32,64,10,1.000000,3.084,64,2491,1264
sift1m,10000,128,40,10,0.500000,adaptive,64,128,10,1.000000,4.997,128,4580,2301
sift1m,10000,128,40,10,1.000000,adaptive,8,8,10,1.000000,0.422,8,275,275
sift1m,10000,128,40,10,1.000000,adaptive,16,16,10,1.000000,0.868,16,618,618
sift1m,10000,128,40,10,1.000000,adaptive,32,32,10,1.000000,1.618,32,1253,1253
sift1m,10000,128,40,10,1.000000,adaptive,64,64,10,1.000000,2.814,64,2491,2491
sift1m,10000,128,41,10,0.001000,adaptive,8,64,2,0.222222,2.354,64,2202,6
sift1m,10000,128,41,10,0.001000,adaptive,16,128,2,0.222222,4.669,128,4269,7
sift1m,10000,128,41,10,0.001000,adaptive,32,256,6,0.666667,8.948,256,8327,20
sift1m,10000,128,41,10,0.001000,adaptive,64,512,6,0.666667,17.217,512,16585,26
sift1m,10000,128,41,10,0.010000,adaptive,8,64,10,0.800000,2.375,64,2202,17
sift1m,10000,128,41,10,0.010000,adaptive,16,128,10,1.000000,4.740,128,4269,39
sift1m,10000,128,41,10,0.010000,adaptive,32,256,10,1.000000,8.831,256,8327,74
sift1m,10000,128,41,10,0.010000,adaptive,64,512,10,1.000000,18.373,512,16585,166
sift1m,10000,128,41,10,0.050000,adaptive,8,64,10,1.000000,2.457,64,2202,60
sift1m,10000,128,41,10,0.050000,adaptive,16,128,10,1.000000,4.565,128,4269,162
sift1m,10000,128,41,10,0.050000,adaptive,32,256,10,1.000000,8.708,256,8327,348
sift1m,10000,128,41,10,0.050000,adaptive,64,512,10,1.000000,17.455,512,16585,729
sift1m,10000,128,41,10,0.100000,adaptive,8,64,10,1.000000,2.542,64,2202,221
sift1m,10000,128,41,10,0.100000,adaptive,16,128,10,1.000000,4.765,128,4269,440
sift1m,10000,128,41,10,0.100000,adaptive,32,256,10,1.000000,9.364,256,8327,846
sift1m,10000,128,41,10,0.100000,adaptive,64,512,10,1.000000,18.004,512,16585,1656
sift1m,10000,128,41,10,0.500000,adaptive,8,16,10,1.000000,0.709,16,530,244
sift1m,10000,128,41,10,0.500000,adaptive,16,32,10,1.000000,1.290,32,1163,557
sift1m,10000,128,41,10,0.500000,adaptive,32,64,10,1.000000,2.409,64,2202,1103
sift1m,10000,128,41,10,0.500000,adaptive,64,128,10,1.000000,4.696,128,4269,2152
sift1m,10000,128,41,10,1.000000,adaptive,8,8,10,1.000000,0.355,8,262,262
sift1m,10000,128,41,10,1.000000,adaptive,16,16,10,1.000000,0.620,16,530,530
sift1m,10000,128,41,10,1.000000,adaptive,32,32,10,1.000000,1.297,32,1163,1163
sift1m,10000,128,41,10,1.000000,adaptive,64,64,10,1.000000,2.429,64,2202,2202
sift1m,10000,128,42,10,0.001000,adaptive,8,64,1,0.100000,2.444,64,2190,2
sift1m,10000,128,42,10,0.001000,adaptive,16,128,2,0.200000,4.740,128,4413,5
sift1m,10000,128,42,10,0.001000,adaptive,32,256,2,0.200000,9.250,256,8821,8
sift1m,10000,128,42,10,0.001000,adaptive,64,512,4,0.400000,18.102,512,17103,16
sift1m,10000,128,42,10,0.010000,adaptive,8,64,10,0.800000,2.414,64,2190,29
sift1m,10000,128,42,10,0.010000,adaptive,16,128,10,1.000000,4.822,128,4413,53
sift1m,10000,128,42,10,0.010000,adaptive,32,256,10,1.000000,9.589,256,8821,95
sift1m,10000,128,42,10,0.010000,adaptive,64,512,10,1.000000,18.414,512,17103,175
sift1m,10000,128,42,10,0.050000,adaptive,8,64,10,1.000000,2.499,64,2190,123
sift1m,10000,128,42,10,0.050000,adaptive,16,128,10,1.000000,4.926,128,4413,247
sift1m,10000,128,42,10,0.050000,adaptive,32,256,10,1.000000,10.290,256,8821,459
sift1m,10000,128,42,10,0.050000,adaptive,64,512,10,1.000000,18.168,512,17103,830
sift1m,10000,128,42,10,0.100000,adaptive,8,64,10,1.000000,2.431,64,2190,201
sift1m,10000,128,42,10,0.100000,adaptive,16,128,10,1.000000,4.691,128,4413,415
sift1m,10000,128,42,10,0.100000,adaptive,32,256,10,1.000000,9.423,256,8821,856
sift1m,10000,128,42,10,0.100000,adaptive,64,512,10,1.000000,18.629,512,17103,1708
sift1m,10000,128,42,10,0.500000,adaptive,8,16,10,1.000000,0.735,16,557,263
sift1m,10000,128,42,10,0.500000,adaptive,16,32,10,1.000000,1.333,32,1114,520
sift1m,10000,128,42,10,0.500000,adaptive,32,64,10,1.000000,2.550,64,2190,1040
sift1m,10000,128,42,10,0.500000,adaptive,64,128,10,1.000000,5.016,128,4413,2096
sift1m,10000,128,42,10,1.000000,adaptive,8,8,10,1.000000,0.385,8,285,285
sift1m,10000,128,42,10,1.000000,adaptive,16,16,10,1.000000,0.633,16,557,557
sift1m,10000,128,42,10,1.000000,adaptive,32,32,10,1.000000,1.252,32,1114,1114
sift1m,10000,128,42,10,1.000000,adaptive,64,64,10,1.000000,2.653,64,2190,2190
sift1m,10000,128,43,10,0.001000,adaptive,8,64,4,0.400000,2.531,64,2262,9
sift1m,10000,128,43,10,0.001000,adaptive,16,128,5,0.500000,4.738,128,4408,15
sift1m,10000,128,43,10,0.001000,adaptive,32,256,5,0.500000,9.713,256,8775,20
sift1m,10000,128,43,10,0.001000,adaptive,64,512,9,0.900000,18.857,512,17145,26
sift1m,10000,128,43,10,0.010000,adaptive,8,64,10,0.800000,2.627,64,2262,22
sift1m,10000,128,43,10,0.010000,adaptive,16,128,10,1.000000,4.758,128,4408,45
sift1m,10000,128,43,10,0.010000,adaptive,32,256,10,1.000000,9.777,256,8775,93
sift1m,10000,128,43,10,0.010000,adaptive,64,512,10,1.000000,18.464,512,17145,182
sift1m,10000,128,43,10,0.050000,adaptive,8,64,10,1.000000,2.613,64,2262,100
sift1m,10000,128,43,10,0.050000,adaptive,16,128,10,1.000000,4.964,128,4408,192
sift1m,10000,128,43,10,0.050000,adaptive,32,256,10,1.000000,9.577,256,8775,374
sift1m,10000,128,43,10,0.050000,adaptive,64,512,10,1.000000,18.532,512,17145,756
sift1m,10000,128,43,10,0.100000,adaptive,8,64,10,0.900000,2.696,64,2262,255
sift1m,10000,128,43,10,0.100000,adaptive,16,128,10,1.000000,5.058,128,4408,497
sift1m,10000,128,43,10,0.100000,adaptive,32,256,10,1.000000,9.497,256,8775,1000
sift1m,10000,128,43,10,0.100000,adaptive,64,512,10,1.000000,18.858,512,17145,1854
sift1m,10000,128,43,10,0.500000,adaptive,8,16,10,1.000000,0.853,16,619,292
sift1m,10000,128,43,10,0.500000,adaptive,16,32,10,1.000000,1.219,32,1099,532
sift1m,10000,128,43,10,0.500000,adaptive,32,64,10,1.000000,2.723,64,2262,1099
sift1m,10000,128,43,10,0.500000,adaptive,64,128,10,1.000000,5.064,128,4408,2113
sift1m,10000,128,43,10,1.000000,adaptive,8,8,10,0.800000,0.516,8,335,335
sift1m,10000,128,43,10,1.000000,adaptive,16,16,10,1.000000,0.757,16,619,619
sift1m,10000,128,43,10,1.000000,adaptive,32,32,10,1.000000,1.206,32,1099,1099
sift1m,10000,128,43,10,1.000000,adaptive,64,64,10,1.000000,2.469,64,2262,2262
sift1m,10000,128,44,10,0.001000,adaptive,8,64,1,0.200000,2.183,64,2067,1
sift1m,10000,128,44,10,0.001000,adaptive,16,128,2,0.400000,4.443,128,4263,3
sift1m,10000,128,44,10,0.001000,adaptive,32,256,3,0.600000,8.844,256,8465,9
sift1m,10000,128,44,10,0.001000,adaptive,64,512,4,0.800000,17.164,512,16595,13
sift1m,10000,128,44,10,0.010000,adaptive,8,64,10,0.900000,2.179,64,2067,31
sift1m,10000,128,44,10,0.010000,adaptive,16,128,10,0.900000,4.454,128,4263,50
sift1m,10000,128,44,10,0.010000,adaptive,32,256,10,1.000000,9.095,256,8465,110
sift1m,10000,128,44,10,0.010000,adaptive,64,512,10,1.000000,17.813,512,16595,220
sift1m,10000,128,44,10,0.050000,adaptive,8,64,10,1.000000,2.383,64,2067,95
sift1m,10000,128,44,10,0.050000,adaptive,16,128,10,1.000000,4.530,128,4263,218
sift1m,10000,128,44,10,0.050000,adaptive,32,256,10,1.000000,9.607,256,8465,472
sift1m,10000,128,44,10,0.050000,adaptive,64,512,10,1.000000,18.601,512,16595,905
sift1m,10000,128,44,10,0.100000,adaptive,8,64,10,1.000000,2.502,64,2067,183
sift1m,10000,128,44,10,0.100000,adaptive,16,128,10,1.000000,4.849,128,4263,383
sift1m,10000,128,44,10,0.100000,adaptive,32,256,10,1.000000,9.506,256,8465,816
sift1m,10000,128,44,10,0.100000,adaptive,64,512,10,1.000000,18.471,512,16595,1605
sift1m,10000,128,44,10,0.500000,adaptive,8,16,10,1.000000,0.848,16,531,258
sift1m,10000,128,44,10,0.500000,adaptive,16,32,10,1.000000,1.230,32,1034,527
sift1m,10000,128,44,10,0.500000,adaptive,32,64,10,1.000000,2.191,64,2067,1034
sift1m,10000,128,44,10,0.500000,adaptive,64,128,10,1.000000,4.541,128,4263,2153
sift1m,10000,128,44,10,1.000000,adaptive,8,8,10,1.000000,0.327,8,243,243
sift1m,10000,128,44,10,1.000000,adaptive,16,16,10,1.000000,0.720,16,531,531
sift1m,10000,128,44,10,1.000000,adaptive,32,32,10,1.000000,1.323,32,1034,1034
sift1m,10000,128,44,10,1.000000,adaptive,64,64,10,1.000000,2.357,64,2067,2067
sift1m,10000,128,45,10,0.001000,adaptive,8,64,0,0.000000,2.438,64,2242,0
sift1m,10000,128,45,10,0.001000,adaptive,16,128,0,0.000000,4.548,128,4334,0
sift1m,10000,128,45,10,0.001000,adaptive,32,256,2,0.200000,8.910,256,8617,4
sift1m,10000,128,45,10,0.001000,adaptive,64,512,5,0.500000,18.495,512,17092,15
sift1m,10000,128,45,10,0.010000,adaptive,8,64,10,0.500000,2.436,64,2242,16
sift1m,10000,128,45,10,0.010000,adaptive,16,128,10,1.000000,4.950,128,4334,43
sift1m,10000,128,45,10,0.010000,adaptive,32,256,10,1.000000,9.716,256,8617,98
sift1m,10000,128,45,10,0.010000,adaptive,64,512,10,1.000000,19.066,512,17092,208
sift1m,10000,128,45,10,0.050000,adaptive,8,64,10,1.000000,2.496,64,2242,109
sift1m,10000,128,45,10,0.050000,adaptive,16,128,10,1.000000,4.693,128,4334,203
sift1m,10000,128,45,10,0.050000,adaptive,32,256,10,1.000000,8.962,256,8617,379
sift1m,10000,128,45,10,0.050000,adaptive,64,512,10,1.000000,18.407,512,17092,758
sift1m,10000,128,45,10,0.100000,adaptive,8,64,10,1.000000,2.514,64,2242,220
sift1m,10000,128,45,10,0.100000,adaptive,16,128,10,1.000000,4.758,128,4334,429
sift1m,10000,128,45,10,0.100000,adaptive,32,256,10,1.000000,9.506,256,8617,844
sift1m,10000,128,45,10,0.100000,adaptive,64,512,10,1.000000,18.635,512,17092,1646
sift1m,10000,128,45,10,0.500000,adaptive,8,16,10,0.800000,0.678,16,523,255
sift1m,10000,128,45,10,0.500000,adaptive,16,32,10,0.900000,1.262,32,1140,573
sift1m,10000,128,45,10,0.500000,adaptive,32,64,10,1.000000,2.527,64,2242,1147
sift1m,10000,128,45,10,0.500000,adaptive,64,128,10,1.000000,4.484,128,4334,2226
sift1m,10000,128,45,10,1.000000,adaptive,8,8,10,1.000000,0.372,8,289,289
sift1m,10000,128,45,10,1.000000,adaptive,16,16,10,1.000000,0.574,16,523,523
sift1m,10000,128,45,10,1.000000,adaptive,32,32,10,1.000000,1.218,32,1140,1140
sift1m,10000,128,45,10,1.000000,adaptive,64,64,10,1.000000,2.707,64,2242,2242
sift1m,10000,128,46,10,0.001000,adaptive,8,64,1,0.125000,2.305,64,2087,1
sift1m,10000,128,46,10,0.001000,adaptive,16,128,1,0.125000,4.396,128,4284,1
sift1m,10000,128,46,10,0.001000,adaptive,32,256,1,0.125000,8.733,256,8487,1
sift1m,10000,128,46,10,0.001000,adaptive,64,512,3,0.375000,17.975,512,16539,3
sift1m,10000,128,46,10,0.010000,adaptive,8,64,10,1.000000,2.443,64,2087,22
sift1m,10000,128,46,10,0.010000,adaptive,16,128,10,1.000000,4.797,128,4284,42
sift1m,10000,128,46,10,0.010000,adaptive,32,256,10,1.000000,9.081,256,8487,78
sift1m,10000,128,46,10,0.010000,adaptive,64,512,10,1.000000,17.873,512,16539,126
sift1m,10000,128,46,10,0.050000,adaptive,8,64,10,1.000000,2.361,64,2087,98
sift1m,10000,128,46,10,0.050000,adaptive,16,128,10,1.000000,4.498,128,4284,205
sift1m,10000,128,46,10,0.050000,adaptive,32,256,10,1.000000,9.125,256,8487,411
sift1m,10000,128,46,10,0.050000,adaptive,64,512,10,1.000000,17.628,512,16539,847
sift1m,10000,128,46,10,0.100000,adaptive,8,64,10,1.000000,2.149,64,2087,204
sift1m,10000,128,46,10,0.100000,adaptive,16,128,10,1.000000,4.411,128,4284,414
sift1m,10000,128,46,10,0.100000,adaptive,32,256,10,1.000000,8.760,256,8487,841
sift1m,10000,128,46,10,0.100000,adaptive,64,512,10,1.000000,17.925,512,16539,1571
sift1m,10000,128,46,10,0.500000,adaptive,8,16,10,1.000000,0.742,16,555,275
sift1m,10000,128,46,10,0.500000,adaptive,16,32,10,1.000000,1.238,32,1058,524
sift1m,10000,128,46,10,0.500000,adaptive,32,64,10,1.000000,2.447,64,2087,1056
sift1m,10000,128,46,10,0.500000,adaptive,64,128,10,1.000000,4.965,128,4284,2149
sift1m,10000,128,46,10,1.000000,adaptive,8,8,10,1.000000,0.426,8,291,291
sift1m,10000,128,46,10,1.000000,adaptive,16,16,10,1.000000,0.737,16,555,555
sift1m,10000,128,46,10,1.000000,adaptive,32,32,10,1.000000,1.247,32,1058,1058
sift1m,10000,128,46,10,1.000000,adaptive,64,64,10,1.000000,2.377,64,2087,2087
sift1m,10000,128,47,10,0.001000,adaptive,8,64,2,0.200000,2.432,64,2125,4
sift1m,10000,128,47,10,0.001000,adaptive,16,128,2,0.200000,4.613,128,4256,4
sift1m,10000,128,47,10,0.001000,adaptive,32,256,4,0.400000,8.848,256,8449,7
sift1m,10000,128,47,10,0.001000,adaptive,64,512,7,0.700000,17.458,512,16445,22
sift1m,10000,128,47,10,0.010000,adaptive,8,64,10,0.800000,2.373,64,2125,26
sift1m,10000,128,47,10,0.010000,adaptive,16,128,10,0.900000,4.597,128,4256,44
sift1m,10000,128,47,10,0.010000,adaptive,32,256,10,1.000000,8.987,256,8449,87
sift1m,10000,128,47,10,0.010000,adaptive,64,512,10,1.000000,17.665,512,16445,163
sift1m,10000,128,47,10,0.050000,adaptive,8,64,10,0.900000,2.343,64,2125,85
sift1m,10000,128,47,10,0.050000,adaptive,16,128,10,1.000000,4.463,128,4256,191
sift1m,10000,128,47,10,0.050000,adaptive,32,256,10,1.000000,8.956,256,8449,392
sift1m,10000,128,47,10,0.050000,adaptive,64,512,10,1.000000,17.125,512,16445,815
sift1m,10000,128,47,10,0.100000,adaptive,8,64,10,1.000000,2.295,64,2125,216
sift1m,10000,128,47,10,0.100000,adaptive,16,128,10,1.000000,4.429,128,4256,414
sift1m,10000,128,47,10,0.100000,adaptive,32,256,10,1.000000,8.822,256,8449,851
sift1m,10000,128,47,10,0.100000,adaptive,64,512,10,1.000000,17.777,512,16445,1693
sift1m,10000,128,47,10,0.500000,adaptive,8,16,10,0.900000,0.742,16,555,249
sift1m,10000,128,47,10,0.500000,adaptive,16,32,10,1.000000,1.108,32,1022,496
sift1m,10000,128,47,10,0.500000,adaptive,32,64,10,1.000000,2.291,64,2125,1022
sift1m,10000,128,47,10,0.500000,adaptive,64,128,10,1.000000,4.527,128,4256,2076
sift1m,10000,128,47,10,1.000000,adaptive,8,8,10,0.900000,0.345,8,264,264
sift1m,10000,128,47,10,1.000000,adaptive,16,16,10,1.000000,0.672,16,555,555
sift1m,10000,128,47,10,1.000000,adaptive,32,32,10,1.000000,1.146,32,1022,1022
sift1m,10000,128,47,10,1.000000,adaptive,64,64,10,1.000000,2.300,64,2125,2125
sift1m,10000,128,48,10,0.001000,adaptive,8,64,1,0.142857,2.476,64,2224,1
sift1m,10000,128,48,10,0.001000,adaptive,16,128,2,0.285714,4.869,128,4479,2
sift1m,10000,128,48,10,0.001000,adaptive,32,256,3,0.428571,9.588,256,8909,5
sift1m,10000,128,48,10,0.001000,adaptive,64,512,5,0.714286,18.750,512,17219,11
sift1m,10000,128,48,10,0.010000,adaptive,8,64,10,0.800000,2.568,64,2224,32
sift1m,10000,128,48,10,0.010000,adaptive,16,128,10,1.000000,5.226,128,4479,62
sift1m,10000,128,48,10,0.010000,adaptive,32,256,10,1.000000,9.717,256,8909,101
sift1m,10000,128,48,10,0.010000,adaptive,64,512,10,1.000000,19.178,512,17219,185
sift1m,10000,128,48,10,0.050000,adaptive,8,64,10,1.000000,2.506,64,2224,143
sift1m,10000,128,48,10,0.050000,adaptive,16,128,10,1.000000,5.008,128,4479,267
sift1m,10000,128,48,10,0.050000,adaptive,32,256,10,1.000000,9.830,256,8909,523
sift1m,10000,128,48,10,0.050000,adaptive,64,512,10,1.000000,18.587,512,17219,926
sift1m,10000,128,48,10,0.100000,adaptive,8,64,10,1.000000,2.393,64,2224,186
sift1m,10000,128,48,10,0.100000,adaptive,16,128,10,1.000000,4.690,128,4479,435
sift1m,10000,128,48,10,0.100000,adaptive,32,256,10,1.000000,9.988,256,8909,825
sift1m,10000,128,48,10,0.100000,adaptive,64,512,10,1.000000,18.469,512,17219,1692
sift1m,10000,128,48,10,0.500000,adaptive,8,16,10,1.000000,0.737,16,548,307
sift1m,10000,128,48,10,0.500000,adaptive,16,32,10,1.000000,1.257,32,1073,577
sift1m,10000,128,48,10,0.500000,adaptive,32,64,10,1.000000,2.565,64,2224,1147
sift1m,10000,128,48,10,0.500000,adaptive,64,128,10,1.000000,5.012,128,4479,2285
sift1m,10000,128,48,10,1.000000,adaptive,8,8,10,1.000000,0.433,8,261,261
sift1m,10000,128,48,10,1.000000,adaptive,16,16,10,1.000000,0.694,16,548,548
sift1m,10000,128,48,10,1.000000,adaptive,32,32,10,1.000000,1.241,32,1073,1073
sift1m,10000,128,48,10,1.000000,adaptive,64,64,10,1.000000,2.503,64,2224,2224
sift1m,10000,128,49,10,0.001000,adaptive,8,64,0,0.000000,2.254,64,2121,0
sift1m,10000,128,49,10,0.001000,adaptive,16,128,4,0.400000,4.995,128,4456,4
sift1m,10000,128,49,10,0.001000,adaptive,32,256,6,0.600000,9.709,256,8930,10
sift1m,10000,128,49,10,0.001000,adaptive,64,512,7,0.700000,18.612,512,17158,23
sift1m,10000,128,49,10,0.010000,adaptive,8,64,10,0.800000,2.252,64,2121,29
sift1m,10000,128,49,10,0.010000,adaptive,16,128,10,1.000000,4.774,128,4456,67
sift1m,10000,128,49,10,0.010000,adaptive,32,256,10,1.000000,9.313,256,8930,126
sift1m,10000,128,49,10,0.010000,adaptive,64,512,10,1.000000,19.113,512,17158,234
sift1m,10000,128,49,10,0.050000,adaptive,8,64,10,1.000000,2.473,64,2121,144
sift1m,10000,128,49,10,0.050000,adaptive,16,128,10,1.000000,5.039,128,4456,262
sift1m,10000,128,49,10,0.050000,adaptive,32,256,10,1.000000,9.254,256,8930,482
sift1m,10000,128,49,10,0.050000,adaptive,64,512,10,1.000000,19.529,512,17158,955
sift1m,10000,128,49,10,0.100000,adaptive,8,64,10,1.000000,2.492,64,2121,206
sift1m,10000,128,49,10,0.100000,adaptive,16,128,10,1.000000,5.354,128,4456,432
sift1m,10000,128,49,10,0.100000,adaptive,32,256,10,1.000000,9.711,256,8930,834
sift1m,10000,128,49,10,0.100000,adaptive,64,512,10,1.000000,19.153,512,17158,1587
sift1m,10000,128,49,10,0.500000,adaptive,8,16,10,1.000000,0.608,16,505,263
sift1m,10000,128,49,10,0.500000,adaptive,16,32,10,1.000000,1.163,32,1073,545
sift1m,10000,128,49,10,0.500000,adaptive,32,64,10,1.000000,2.222,64,2121,1073
sift1m,10000,128,49,10,0.500000,adaptive,64,128,10,1.000000,5.036,128,4456,2217
sift1m,10000,128,49,10,1.000000,adaptive,8,8,10,0.900000,0.415,8,254,254
sift1m,10000,128,49,10,1.000000,adaptive,16,16,10,1.000000,0.629,16,505,505
sift1m,10000,128,49,10,1.000000,adaptive,32,32,10,1.000000,1.360,32,1073,1073
sift1m,10000,128,49,10,1.000000,adaptive,64,64,10,1.000000,2.435,64,2121,2121
